wonder_type,name,age,age_key,cost,description_raw,description_clean,tooltip_raw,tooltip_clean,yields,valid_terrains,valid_biomes,valid_features,required_features,placement_constraints,modifiers,max_world_instances,wiki_article_url,wiki_icon_file_url,fextralife_image_url
WONDER_ANGKOR_WAT,Angkor Wat,Antiquity,AGE_ANTIQUITY,450,+3 [icon:YIELD_HAPPINESS] Happiness. +1 [icon:SPECIALIST] [TIP:LOC_PEDIA_CONCEPTS_SPECIALIST_LIMIT_TOOLTIP]Specialist Limit[/TIP] in this [TIP:LOC_PEDIA_CONCEPTS_SETTLEMENT_TOOLTIP]Settlement[/TIP]. [TIP:LOC_PEDIA_CONCEPTS_AGELESS_TOOLTIP]Ageless[/TIP]. Must be placed adjacent to a River.,+3 Happiness. +1 Specialist Limit in this Settlement. Ageless. Must be placed adjacent to a River.,+1 [icon:SPECIALIST] [TIP:LOC_PEDIA_CONCEPTS_SPECIALIST_LIMIT_TOOLTIP]Specialist Limit[/TIP] in this [TIP:LOC_PEDIA_CONCEPTS_SETTLEMENT_TOOLTIP]Settlement[/TIP].[n]Must be placed adjacent to a River.,+1 Specialist Limit in this Settlement.Must be placed adjacent to a River.,+3 HAPPINESS,,,,,adj_river,MOD_ANGKOR_WAT_WORKER_CAP,1,https://civilization.fandom.com/wiki/Angkor_Wat_(Civ7),https://civilization.fandom.com/wiki/File:Angkor_Wat_(Civ7).png,https://static0.fextralifeimages.com/file/civ7/1/1b/Angkor-wat-wonder-civ-7-wiki-guide.png
WONDER_BYRSA,Byrsa,Antiquity,AGE_ANTIQUITY,375,+2 [icon:YIELD_GOLD] Gold. [icon:TRADE_ROUTE] [TIP:LOC_PEDIA_CONCEPTS_TRADE_ROUTE_TOOLTIP]Trade Routes[/TIP] cannot be [icon:Action_Pillage] Plundered. All [icon:CITY_URBAN] [TIP:LOC_PEDIA_CONCEPTS_DISTRICT_TOOLTIP]Districts[/TIP] in this [icon:YIELD_CITIES] [TIP:LOC_PEDIA_CONCEPTS_CITIES_TOOLTIP]City[/TIP] that are adjacent to Coast and eligible for Walls receive a [TIP:LOC_PEDIA_CONCEPTS_WALL_TOOLTIP]Wall[/TIP]. [TIP:LOC_PEDIA_CONCEPTS_AGELESS_TOOLTIP]Ageless[/TIP]. Must be placed adjacent to Coast.,+2 Gold. Trade Routes cannot be Plundered. All Districts in this City that are adjacent to Coast and eligible for Walls receive a Wall. Ageless. Must be placed adjacent to Coast.,[icon:TRADE_ROUTE] [TIP:LOC_PEDIA_CONCEPTS_TRADE_ROUTE_TOOLTIP]Trade Routes[/TIP] cannot be [icon:Action_Pillage] Plundered. All [icon:CITY_URBAN] [TIP:LOC_PEDIA_CONCEPTS_DISTRICT_TOOLTIP]Districts[/TIP] in this [icon:YIELD_CITIES] [TIP:LOC_PEDIA_CONCEPTS_CITIES_TOOLTIP]City[/TIP] that are adjacent to Coast and eligible for [TIP:LOC_PEDIA_CONCEPTS_WALL_TOOLTIP]Walls[/TIP] receive a [TIP:LOC_PEDIA_CONCEPTS_WALL_TOOLTIP]Wall[/TIP].[N]Must be placed adjacent to Coast.,Trade Routes cannot be Plundered. All Districts in this City that are adjacent to Coast and eligible for Walls receive a Wall.Must be placed adjacent to Coast.,+2 GOLD,,,,,,MOD_BYRSA_TRADE_ROUTE_PROTECTION; MOD_BYRSA_WALLS,1,https://civilization.fandom.com/wiki/Byrsa_(Civ7),https://civilization.fandom.com/wiki/File:Byrsa_(Civ7).png,
WONDER_COLOSSEUM,Colosseum,Antiquity,AGE_ANTIQUITY,450,+3 [icon:YIELD_CULTURE] Culture. +1 [icon:YIELD_HAPPINESS] Happiness and [icon:YIELD_GOLD] Gold on [icon:CITY_UNIQUE_QUARTER] [TIP:LOC_PEDIA_CONCEPTS_DISTRICT_TOOLTIP]Quarters[/TIP] in this [TIP:LOC_PEDIA_CONCEPTS_SETTLEMENT_TOOLTIP]Settlement[/TIP]. [TIP:LOC_PEDIA_CONCEPTS_AGELESS_TOOLTIP]Ageless[/TIP]. Must be placed adjacent to a [TIP:LOC_PEDIA_CONCEPTS_DISTRICT_TOOLTIP]District[/TIP].,+3 Culture. +1 Happiness and Gold on Quarters in this Settlement. Ageless. Must be placed adjacent to a District.,+1 [icon:YIELD_HAPPINESS] Happiness and [icon:YIELD_GOLD] Gold on [icon:CITY_UNIQUE_QUARTER] [TIP:LOC_PEDIA_CONCEPTS_DISTRICT_TOOLTIP]Quarters[/TIP] in this [TIP:LOC_PEDIA_CONCEPTS_SETTLEMENT_TOOLTIP]Settlement[/TIP].[n] Must be placed adjacent to a [TIP:LOC_PEDIA_CONCEPTS_DISTRICT_TOOLTIP]District[/TIP].,+1 Happiness and Gold on Quarters in this Settlement. Must be placed adjacent to a District.,+3 CULTURE,,,,,adj_district:DISTRICT_URBAN,MOD_COLOSSEUM_URBAN_GOLD; MOD_COLOSSEUM_URBAN_HAPPINESS,1,https://civilization.fandom.com/wiki/Colosseum_(Civ7),https://civilization.fandom.com/wiki/File:Colosseum_(Civ7).png,
WONDER_COLOSSUS,Colossus,Antiquity,AGE_ANTIQUITY,375,+3 [icon:YIELD_GOLD] Gold. +3 [icon:RADIAL_RESOURCES] [TIP:LOC_PEDIA_CONCEPTS_RESOURCE_CAPACITY_TOOLTIP]Resource Capacity[/TIP] in this [TIP:LOC_PEDIA_CONCEPTS_SETTLEMENT_TOOLTIP]Settlement[/TIP]. +1 [icon:ATTRIBUTE_ECONOMIC] Economic [TIP:LOC_PEDIA_CONCEPTS_ATTRIBUTE_TOOLTIP]Attribute[/TIP] Point. [TIP:LOC_PEDIA_CONCEPTS_AGELESS_TOOLTIP]Ageless[/TIP]. Must be placed on Coast adjacent to land.,+3 Gold. +3 Resource Capacity in this Settlement. +1 Economic Attribute Point. Ageless. Must be placed on Coast adjacent to land.,+3 [icon:RADIAL_RESOURCES] [TIP:LOC_PEDIA_CONCEPTS_RESOURCE_CAPACITY_TOOLTIP]Resource Capacity[/TIP] in this [TIP:LOC_PEDIA_CONCEPTS_SETTLEMENT_TOOLTIP]Settlement[/TIP]. +1 [icon:ATTRIBUTE_ECONOMIC] Economic [TIP:LOC_PEDIA_CONCEPTS_ATTRIBUTE_TOOLTIP]Attribute[/TIP] Point.[n]Must be placed on Coast adjacent to land.,+3 Resource Capacity in this Settlement. +1 Economic Attribute Point.Must be placed on Coast adjacent to land.,+3 GOLD,COAST,,,,terrain:COAST; adj_land,MOD_COLOSSUS_ECONOMIC_ATTRIBUTE; MOD_COLOSSUS_RESOURCE_CAP,1,https://civilization.fandom.com/wiki/Colossus_(Civ7),https://civilization.fandom.com/wiki/File:Colossus_(Civ7).png,
WONDER_DUR_SHARRUKIN,Dur-Sharrukin,Antiquity,AGE_ANTIQUITY,275,+1 [icon:YIELD_SCIENCE] Science on [icon:CITY_FORTIFIED] Fortifications in this [TIP:LOC_PEDIA_CONCEPTS_SETTLEMENT_TOOLTIP]Settlement[/TIP]. +5 [icon:NAR_REW_COMBAT] [TIP:LOC_PEDIA_CONCEPTS_COMBAT_STRENGTH_TOOLTIP]Combat Strength[/TIP] for [icon:CITY_FORTIFIED] [TIP:LOC_PEDIA_CONCEPTS_FORTIFIED_DISTRICTS_TOOLTIP]Fortified Districts[/TIP] in all Settlements. Acts as a [icon:CITY_FORTIFIED] Fortified District that must be conquered. [TIP:LOC_PEDIA_CONCEPTS_AGELESS_TOOLTIP]Ageless[/TIP]. Must be placed adjacent to a [TIP:LOC_PEDIA_CONCEPTS_DISTRICT_TOOLTIP]District[/TIP].,+1 Science on Fortifications in this Settlement. +5 Combat Strength for Fortified Districts in all Settlements. Acts as a Fortified District that must be conquered. Ageless. Must be placed adjacent to a District.,+1 [icon:YIELD_SCIENCE] Science on [icon:CITY_FORTIFIED] Fortifications in this [TIP:LOC_PEDIA_CONCEPTS_SETTLEMENT_TOOLTIP]Settlement[/TIP]. +5 [icon:NAR_REW_COMBAT] [TIP:LOC_PEDIA_CONCEPTS_COMBAT_STRENGTH_TOOLTIP]Combat Strength[/TIP] for [icon:CITY_FORTIFIED] [TIP:LOC_PEDIA_CONCEPTS_FORTIFIED_DISTRICTS_TOOLTIP]Fortified Districts[/TIP] in all Settlements. Acts as a [icon:CITY_FORTIFIED] Fortified District that must be conquered.[n]Must be placed adjacent to a [TIP:LOC_PEDIA_CONCEPTS_DISTRICT_TOOLTIP]District[/TIP].,+1 Science on Fortifications in this Settlement. +5 Combat Strength for Fortified Districts in all Settlements. Acts as a Fortified District that must be conquered.Must be placed adjacent to a District.,,,,,,adj_district:DISTRICT_URBAN,MOD_DUR_SHARRUKIN_FORTIFICATION_SCIENCE; MOD_DUR_SHARRUKIN_WALL_COMBAT_STRENGTH,1,https://civilization.fandom.com/wiki/Dur-Sharrukin_(Civ7),https://civilization.fandom.com/wiki/File:Dur-Sharrukin_(Civ7).png,
WONDER_EMILE_BELL,Emile Bell,Antiquity,AGE_ANTIQUITY,375,+2 [icon:YIELD_DIPLOMACY] Influence. Gain a unique [icon:ENDEAVOR] Diplomatic [TIP:LOC_PEDIA_CONCEPTS_ENDEAVOR_TOOLTIP]Endeavor[/TIP] called Ginseng Agreement that grants [icon:YIELD_FOOD] Food to both Leaders' [TIP:LOC_PEDIA_CONCEPTS_CITIES_TOOLTIP]Cities[/TIP]. +1 [icon:ATTRIBUTE_POLITICAL] Diplomatic [TIP:LOC_PEDIA_CONCEPTS_ATTRIBUTE_TOOLTIP]Attribute[/TIP] Point. [TIP:LOC_PEDIA_CONCEPTS_AGELESS_TOOLTIP]Ageless[/TIP]. Must be placed on [TIP:LOC_PEDIA_CONCEPTS_ROUGH_TERRAIN_TOOLTIP]Rough Terrain[/TIP].,+2 Influence. Gain a unique Diplomatic Endeavor called Ginseng Agreement that grants Food to both Leaders' Cities. +1 Diplomatic Attribute Point. Ageless. Must be placed on Rough Terrain.,Gain a unique [icon:ENDEAVOR] Diplomatic [TIP:LOC_PEDIA_CONCEPTS_ENDEAVOR_TOOLTIP]Endeavor[/TIP] called Ginseng Agreement that grants [icon:YIELD_FOOD] Food to both Leaders' [TIP:LOC_PEDIA_CONCEPTS_CITIES_TOOLTIP]Cities[/TIP]. +1 [icon:ATTRIBUTE_POLITICAL] Diplomatic [TIP:LOC_PEDIA_CONCEPTS_ATTRIBUTE_TOOLTIP]Attribute[/TIP] Point.[n]Must be placed on [TIP:LOC_PEDIA_CONCEPTS_ROUGH_TERRAIN_TOOLTIP]Rough Terrain[/TIP].,Gain a unique Diplomatic Endeavor called Ginseng Agreement that grants Food to both Leaders' Cities. +1 Diplomatic Attribute Point.Must be placed on Rough Terrain.,+2 DIPLOMACY,HILL,,,,terrain:HILL,MOD_EMILE_BELL_DIPLOMATIC_ACTION; MOD_EMILE_BELL_POLITICAL_ATTRIBUTE,1,https://civilization.fandom.com/wiki/Emile_Bell_(Civ7),https://civilization.fandom.com/wiki/File:Emile_Bell_(Civ7).png,
WONDER_GATE_OF_ALL_NATIONS,Gate of All Nations,Antiquity,AGE_ANTIQUITY,275,+2 [icon:YIELD_HAPPINESS] Happiness. +1 [icon:WAR_SUPPORT] [TIP:LOC_PEDIA_CONCEPTS_WAR_SUPPORT_TOOLTIP]War Support[/TIP] on all [icon:WAR] Wars. [TIP:LOC_PEDIA_CONCEPTS_AGELESS_TOOLTIP]Ageless[/TIP]. Must be placed adjacent to a [TIP:LOC_PEDIA_CONCEPTS_DISTRICT_TOOLTIP]District[/TIP].,+2 Happiness. +1 War Support on all Wars. Ageless. Must be placed adjacent to a District.,+1 [icon:WAR_SUPPORT] [TIP:LOC_PEDIA_CONCEPTS_WAR_SUPPORT_TOOLTIP]War Support[/TIP] on all wars.[n]Must be placed adjacent to a [TIP:LOC_PEDIA_CONCEPTS_DISTRICT_TOOLTIP]District[/TIP].,+1 War Support on all wars.Must be placed adjacent to a District.,+2 HAPPINESS,,,,,adj_district:DISTRICT_URBAN,MOD_GATE_OF_ALL_NATIONS_WAR_SUPPORT,1,https://civilization.fandom.com/wiki/Gate_of_All_Nations_(Civ7),https://civilization.fandom.com/wiki/File:Gate_of_All_Nations_(Civ7).png,
WONDER_GREAT_LIBRARY,Great Library,Antiquity,AGE_ANTIQUITY,375,+4 [icon:YIELD_SCIENCE] Science. +1 [icon:YIELD_SCIENCE] Science on [icon:CITY_BUILDING_LIST] Science [TIP:LOC_PEDIA_CONCEPTS_BUILDINGS_TOOLTIP]Buildings[/TIP] across your Empire. Has 3 [TIP:LOC_PEDIA_CONCEPTS_GREAT_WORKS_TOOLTIP]Great Work[/TIP] Slots. +3 [icon:SCIENCE_VP] Innovation. [TIP:LOC_PEDIA_CONCEPTS_AGELESS_TOOLTIP]Ageless[/TIP]. Must be placed adjacent to a [TIP:LOC_PEDIA_CONCEPTS_DISTRICT_TOOLTIP]District[/TIP].,+4 Science. +1 Science on Science Buildings across your Empire. Has 3 Great Work Slots. +3 Innovation. Ageless. Must be placed adjacent to a District.,+1 [icon:YIELD_SCIENCE] Science on [icon:CITY_BUILDING_LIST] Science [TIP:LOC_PEDIA_CONCEPTS_BUILDINGS_TOOLTIP]Buildings[/TIP] across your Empire. Has 3 [TIP:LOC_PEDIA_CONCEPTS_GREAT_WORKS_TOOLTIP]Great Work[/TIP] Slots. +3 [icon:SCIENCE_VP] Innovation. [n]Must be placed adjacent to a [TIP:LOC_PEDIA_CONCEPTS_DISTRICT_TOOLTIP]District[/TIP].,+1 Science on Science Buildings across your Empire. Has 3 Great Work Slots. +3 Innovation. Must be placed adjacent to a District.,+4 SCIENCE,,,,,adj_district:DISTRICT_URBAN,MOD_GREAT_LIBRARY_SCIENCE_ON_SCIENCE_BUILDING_EMPIRE; MOD_GREAT_LIBRARY_SCIENCE_VP,1,https://civilization.fandom.com/wiki/Great_Library_(Civ7),https://civilization.fandom.com/wiki/File:Great_Library_(Civ7).png,
WONDER_GREAT_LIGHTHOUSE,Great Lighthouse,Antiquity,AGE_ANTIQUITY,275,+3 [icon:YIELD_GOLD] Gold. Receive a free [icon:UNIT_MERCHANT] Merchant when constructed. +15 [icon:TRADE_ROUTE] Naval [TIP:LOC_PEDIA_CONCEPTS_TRADE_ROUTE_TOOLTIP]Trade Route[/TIP] Range in all [TIP:LOC_PEDIA_CONCEPTS_SETTLEMENT_TOOLTIP]Settlements[/TIP]. +1 [icon:Action_Showall] [TIP:LOC_PEDIA_CONCEPTS_SIGHT_TOOLTIP]Sight[/TIP] to all [TIP:LOC_PEDIA_CONCEPTS_NAVAL_UNITS_TOOLTIP]Naval Units[/TIP]. Ageless. Must be placed on Coast adjacent to land.,+3 Gold. Receive a free Merchant when constructed. +15 Naval Trade Route Range in all Settlements. +1 Sight to all Naval Units. Ageless. Must be placed on Coast adjacent to land.,Receive a free [icon:UNIT_MERCHANT] Merchant when constructed. +15 [icon:TRADE_ROUTE] Naval [TIP:LOC_PEDIA_CONCEPTS_TRADE_ROUTE_TOOLTIP]Trade Route[/TIP] Range in all [TIP:LOC_PEDIA_CONCEPTS_SETTLEMENT_TOOLTIP]Settlements[/TIP]. +1 [icon:Action_Showall] [TIP:LOC_PEDIA_CONCEPTS_SIGHT_TOOLTIP]Sight[/TIP] to all [TIP:LOC_PEDIA_CONCEPTS_NAVAL_UNITS_TOOLTIP]Naval Units[/TIP].[N]Must be placed on Coast adjacent to land.,Receive a free Merchant when constructed. +15 Naval Trade Route Range in all Settlements. +1 Sight to all Naval Units.Must be placed on Coast adjacent to land.,+3 GOLD,COAST,,,,terrain:COAST,MOD_GREAT_LIGHTHOUSE_MERCHANT; MOD_GREAT_LIGHTHOUSE_SIGHT; MOD_GREAT_LIGHTHOUSE_TRADE_ROUTE_RANGE,1,https://civilization.fandom.com/wiki/Great_Lighthouse_(Civ7),https://civilization.fandom.com/wiki/File:Great_Lighthouse_(Civ7).png,
WONDER_GREAT_STELE,Great Stele,Antiquity,AGE_ANTIQUITY,275,"+2 [icon:YIELD_PRODUCTION] Production. Gain 200 [icon:YIELD_GOLD] Gold per [TIP:LOC_PEDIA_CONCEPTS_AGE_TOOLTIP]Age[/TIP] when you construct a [icon:WONDER] [TIP:LOC_PEDIA_CONCEPTS_WONDERS_TOOLTIP]Wonder[/TIP], including this one. [TIP:LOC_PEDIA_CONCEPTS_AGELESS_TOOLTIP]Ageless[/TIP]. Must be placed on [TIP:LOC_PEDIA_CONCEPTS_FLAT_TERRAIN_TOOLTIP]Flat Terrain[/TIP].","+2 Production. Gain 200 Gold per Age when you construct a Wonder, including this one. Ageless. Must be placed on Flat Terrain.","Gain 200 [icon:YIELD_GOLD] Gold per [TIP:LOC_PEDIA_CONCEPTS_AGE_TOOLTIP]Age[/TIP] when you construct a [icon:WONDER] [TIP:LOC_PEDIA_CONCEPTS_WONDERS_TOOLTIP]Wonder[/TIP], including this one.[n]Must be placed on [TIP:LOC_PEDIA_CONCEPTS_FLAT_TERRAIN_TOOLTIP]Flat Terrain[/TIP].","Gain 200 Gold per Age when you construct a Wonder, including this one.Must be placed on Flat Terrain.",+2 PRODUCTION,FLAT,,,,terrain:FLAT,MOD_GREAT_STELE_GOLD_ON_WONDER_CREATED,1,https://civilization.fandom.com/wiki/Great_Stele_(Civ7),https://civilization.fandom.com/wiki/File:Great_Stele_(Civ7).png,
WONDER_HA_AMONGA_A_MAUI,Ha'amonga 'a Maui,Antiquity,AGE_ANTIQUITY,375,"+2 [icon:YIELD_CULTURE] Culture. +1 [icon:YIELD_CULTURE] Culture and [icon:YIELD_FOOD] Food on Fishing Boats in this [TIP:LOC_PEDIA_CONCEPTS_SETTLEMENT_TOOLTIP]Settlement[/TIP], [icon:YIELD_WAREHOUSE] Warehouse Bonus. +1 [icon:ATTRIBUTE_CULTURAL] Cultural [TIP:LOC_PEDIA_CONCEPTS_ATTRIBUTE_TOOLTIP]Attribute[/TIP] Point. [TIP:LOC_PEDIA_CONCEPTS_AGELESS_TOOLTIP]Ageless[/TIP]. Must be placed adjacent to Coast.","+2 Culture. +1 Culture and Food on Fishing Boats in this Settlement, Warehouse Bonus. +1 Cultural Attribute Point. Ageless. Must be placed adjacent to Coast.","+1 [icon:YIELD_CULTURE] Culture and [icon:YIELD_FOOD] Food on Fishing Boats in this [TIP:LOC_PEDIA_CONCEPTS_SETTLEMENT_TOOLTIP]Settlement[/TIP], [icon:YIELD_WAREHOUSE] Warehouse Bonus. +1 [icon:ATTRIBUTE_CULTURAL] Cultural [TIP:LOC_PEDIA_CONCEPTS_ATTRIBUTE_TOOLTIP]Attribute[/TIP] Point.[n] Must be placed adjacent to Coast.","+1 Culture and Food on Fishing Boats in this Settlement, Warehouse Bonus. +1 Cultural Attribute Point. Must be placed adjacent to Coast.",+2 CULTURE,,,,,,MOD_HA_AMONGA_A_MAUI_CULTURAL_ATTRIBUTE,1,https://civilization.fandom.com/wiki/Ha'amonga_'a_Maui_(Civ7),https://civilization.fandom.com/wiki/File:Ha'amonga_'a_Maui_(Civ7).png,
WONDER_HANGING_GARDENS,Hanging Gardens,Antiquity,AGE_ANTIQUITY,275,"+1 [icon:YIELD_FOOD] Food on Farms in this [TIP:LOC_PEDIA_CONCEPTS_SETTLEMENT_TOOLTIP]Settlement[/TIP], [icon:YIELD_WAREHOUSE] Warehouse Bonus. +10% [icon:GROWTH_RATE] [TIP:LOC_PEDIA_CONCEPTS_GROWTH_RATE_TOOLTIP]Growth Rate[/TIP] in all [icon:YIELD_CITIES] [TIP:LOC_PEDIA_CONCEPTS_CITIES_TOOLTIP]Cities[/TIP]. +1 [icon:ATTRIBUTE_EXPANSIONIST] Expansionist [TIP:LOC_PEDIA_CONCEPTS_ATTRIBUTE_TOOLTIP]Attribute[/TIP]. [TIP:LOC_PEDIA_CONCEPTS_AGELESS_TOOLTIP]Ageless[/TIP]. Must be placed adjacent to a River.","+1 Food on Farms in this Settlement, Warehouse Bonus. +10% Growth Rate in all Cities. +1 Expansionist Attribute. Ageless. Must be placed adjacent to a River.","+1 [icon:YIELD_FOOD] Food on Farms in this [TIP:LOC_PEDIA_CONCEPTS_SETTLEMENT_TOOLTIP]Settlement[/TIP], [icon:YIELD_WAREHOUSE] Warehouse Bonus. +10% [icon:GROWTH_RATE] [TIP:LOC_PEDIA_CONCEPTS_GROWTH_RATE_TOOLTIP]Growth Rate[/TIP] in all [icon:YIELD_CITIES] [TIP:LOC_PEDIA_CONCEPTS_CITIES_TOOLTIP]Cities[/TIP]. +1 [icon:ATTRIBUTE_EXPANSIONIST] Expansionist [TIP:LOC_PEDIA_CONCEPTS_ATTRIBUTE_TOOLTIP]Attribute[/TIP] Point.[n]Must be placed adjacent to a River.","+1 Food on Farms in this Settlement, Warehouse Bonus. +10% Growth Rate in all Cities. +1 Expansionist Attribute Point.Must be placed adjacent to a River.",,,,,,adj_river,MOD_HANGING_GARDENS_EXPANSIONIST_ATTRIBUTE; MOD_HANGING_GARDENS_GROWTH_RATE,1,https://civilization.fandom.com/wiki/Hanging_Gardens_(Civ7),https://civilization.fandom.com/wiki/File:Hanging_Gardens_(Civ7).png,
WONDER_MAUSOLEUM_AT_HALICARNASSUS,Mausoleum at Halicarnassus,Antiquity,AGE_ANTIQUITY,450,"+3 [icon:YIELD_PRODUCTION] Production. The first time each [TIP:LOC_PEDIA_CONCEPTS_CAVALRY_UNITS_TOOLTIP]Cavalry Unit[/TIP] is destroyed, it respawns in the closest [TIP:LOC_PEDIA_CONCEPTS_SETTLEMENT_TOOLTIP]Settlement[/TIP] you own at 25% [icon:Action_Heal] HP. [TIP:LOC_PEDIA_CONCEPTS_AGELESS_TOOLTIP]Ageless[/TIP]. Must be placed on [TIP:LOC_PEDIA_CONCEPTS_FLAT_TERRAIN_TOOLTIP]Flat Terrain[/TIP] and adjacent to Coast.","+3 Production. The first time each Cavalry Unit is destroyed, it respawns in the closest Settlement you own at 25% HP. Ageless. Must be placed on Flat Terrain and adjacent to Coast.","The first time each [TIP:LOC_PEDIA_CONCEPTS_CAVALRY_UNITS_TOOLTIP]Cavalry Unit[/TIP] is destroyed, it respawns in the closest [TIP:LOC_PEDIA_CONCEPTS_SETTLEMENT_TOOLTIP]Settlement[/TIP] you own at 25% [icon:Action_Heal] HP.[N]Must be placed on [TIP:LOC_PEDIA_CONCEPTS_FLAT_TERRAIN_TOOLTIP]Flat Terrain[/TIP] and adjacent to Coast.","The first time each Cavalry Unit is destroyed, it respawns in the closest Settlement you own at 25% HP.Must be placed on Flat Terrain and adjacent to Coast.",+3 PRODUCTION,FLAT,,,,terrain:FLAT,MOD_MAUSOLEUM_AT_HALICARNASSUS_RESPAWN,1,https://civilization.fandom.com/wiki/Mausoleum_at_Halicarnassus_(Civ7),https://civilization.fandom.com/wiki/File:Mausoleum_at_Halicarnassus_(Civ7).png,
WONDER_MAUSOLEUM_OF_THEODORIC,Mausoleum of Theodoric,Antiquity,AGE_ANTIQUITY,450,+3 [icon:YIELD_PRODUCTION] Production. Land Units grant +100% [icon:Action_Pillage] Pillage Yields and [icon:Action_Heal] HP. +1 [icon:ATTRIBUTE_MILITARISTIC] Militaristic [TIP:LOC_PEDIA_CONCEPTS_ATTRIBUTE_TOOLTIP]Attribute[/TIP] Point. [TIP:LOC_PEDIA_CONCEPTS_AGELESS_TOOLTIP]Ageless[/TIP]. Must be placed adjacent to Coast.,+3 Production. Land Units grant +100% Pillage Yields and HP. +1 Militaristic Attribute Point. Ageless. Must be placed adjacent to Coast.,[TIP:LOC_PEDIA_CONCEPTS_LAND_UNITS_TOOLTIP]Land Units[/TIP] gain +100% yields and HP from pillaging. +1 [icon:ATTRIBUTE_MILITARISTIC] Militaristic [TIP:LOC_PEDIA_CONCEPTS_ATTRIBUTE_TOOLTIP]Attribute[/TIP] Point.[n]Must be placed adjacent to Coast.,Land Units gain +100% yields and HP from pillaging. +1 Militaristic Attribute Point.Must be placed adjacent to Coast.,+3 PRODUCTION,,,,,,MOD_MAUSOLEUM_OF_THEODORIC_MILITARISTIC_ATTRIBUTE; MOD_MAUSOLEUM_OF_THEODORIC_PILLAGE_BUILDINGS; MOD_MAUSOLEUM_OF_THEODORIC_PILLAGE_IMPROVEMENTS,1,https://civilization.fandom.com/wiki/Mausoleum_of_Theodoric_(Civ7),https://civilization.fandom.com/wiki/File:Mausoleum_of_Theodoric_(Civ7).png,
WONDER_MONKS_MOUND,Monks Mound,Antiquity,AGE_ANTIQUITY,450,+3 [icon:YIELD_FOOD] Food. +4 [icon:RADIAL_RESOURCES] [TIP:LOC_PEDIA_CONCEPTS_RESOURCE_CAPACITY_TOOLTIP]Resource Capacity[/TIP] in this [TIP:LOC_PEDIA_CONCEPTS_SETTLEMENT_TOOLTIP]Settlement[/TIP]. [TIP:LOC_PEDIA_CONCEPTS_AGELESS_TOOLTIP]Ageless[/TIP]. Must be placed adjacent to a River.,+3 Food. +4 Resource Capacity in this Settlement. Ageless. Must be placed adjacent to a River.,+4 [icon:RADIAL_RESOURCES] [TIP:LOC_PEDIA_CONCEPTS_RESOURCE_CAPACITY_TOOLTIP]Resource Capacity[/TIP] in this [TIP:LOC_PEDIA_CONCEPTS_SETTLEMENT_TOOLTIP]Settlement[/TIP].[n] Must be placed adjacent to a River.,+4 Resource Capacity in this Settlement. Must be placed adjacent to a River.,+3 FOOD,,,,,adj_river,MOD_MONKS_MOUND_RESOURCE_CAP,1,https://civilization.fandom.com/wiki/Monks_Mound_(Civ7),https://civilization.fandom.com/wiki/File:Monks_Mound_(Civ7).png,
WONDER_MUNDO_PERDIDO,Mundo Perdido,Antiquity,AGE_ANTIQUITY,375,+1 [icon:YIELD_SCIENCE] Science on [icon:CITY_RURAL] [TIP:LOC_PEDIA_CONCEPTS_IMPROVEMENT_TOOLTIP]Improvements[/TIP] and +1 [icon:YIELD_HAPPINESS] Happiness on [icon:CITY_URBAN] [TIP:LOC_PEDIA_CONCEPTS_DISTRICT_TOOLTIP]Districts[/TIP] on [icon:CITY_UNIMPROVED] Tropical Terrain in this [TIP:LOC_PEDIA_CONCEPTS_SETTLEMENT_TOOLTIP]Settlement[/TIP]. [TIP:LOC_PEDIA_CONCEPTS_AGELESS_TOOLTIP]Ageless[/TIP]. Must be placed on Tropical.,+1 Science on Improvements and +1 Happiness on Districts on Tropical Terrain in this Settlement. Ageless. Must be placed on Tropical.,+1 [icon:YIELD_SCIENCE] Science on [icon:CITY_RURAL] [TIP:LOC_PEDIA_CONCEPTS_IMPROVEMENT_TOOLTIP]Improvements[/TIP] and +1 [icon:YIELD_HAPPINESS] Happiness on [icon:CITY_URBAN] [TIP:LOC_PEDIA_CONCEPTS_DISTRICT_TOOLTIP]Districts[/TIP] on [icon:CITY_UNIMPROVED] Tropical Terrain in this [TIP:LOC_PEDIA_CONCEPTS_SETTLEMENT_TOOLTIP]Settlement[/TIP].[n]Must be placed on Tropical.,+1 Science on Improvements and +1 Happiness on Districts on Tropical Terrain in this Settlement.Must be placed on Tropical.,,,TROPICAL,,,biome:TROPICAL,MOD_MUNDO_PERDIDO_URBAN_HAPPINESS,1,https://civilization.fandom.com/wiki/Mundo_Perdido_(Civ7),https://civilization.fandom.com/wiki/File:Mundo_Perdido_(Civ7).png,
WONDER_NALANDA,Nalanda,Antiquity,AGE_ANTIQUITY,450,+3 [icon:YIELD_SCIENCE] Science. Gain 1 [icon:NAR_REW_GREATWORK] [TIP:LOC_PEDIA_CONCEPTS_CODEX_TOOLTIP]Codex[/TIP]. Has 2 [TIP:LOC_PEDIA_CONCEPTS_GREAT_WORKS_TOOLTIP]Great Work[/TIP] slots. +1 [icon:ATTRIBUTE_SCIENTIFIC] Scientific [TIP:LOC_PEDIA_CONCEPTS_ATTRIBUTE_TOOLTIP]Attribute[/TIP] Point. +3 [icon:SCIENCE_VP] Innovation. [TIP:LOC_PEDIA_CONCEPTS_AGELESS_TOOLTIP]Ageless[/TIP]. Must be placed on Plains.,+3 Science. Gain 1 Codex. Has 2 Great Work slots. +1 Scientific Attribute Point. +3 Innovation. Ageless. Must be placed on Plains.,Gain 1 [icon:NAR_REW_GREATWORK] [TIP:LOC_PEDIA_CONCEPTS_CODEX_TOOLTIP]Codex[/TIP]. Has 2 [TIP:LOC_PEDIA_CONCEPTS_GREAT_WORKS_TOOLTIP]Great Work[/TIP] slots. +1 [icon:ATTRIBUTE_SCIENTIFIC] Scientific [TIP:LOC_PEDIA_CONCEPTS_ATTRIBUTE_TOOLTIP]Attribute[/TIP] Point. +3 [icon:SCIENCE_VP] Innovation. [n]Must be placed on Plains.,Gain 1 Codex. Has 2 Great Work slots. +1 Scientific Attribute Point. +3 Innovation. Must be placed on Plains.,+3 SCIENCE,,PLAINS,,,biome:PLAINS,MOD_NALANDA_FREE_CODEX; MOD_NALANDA_SCIENCE_VP; MOD_NALANDA_SCIENTIFIC_ATTRIBUTE,1,https://civilization.fandom.com/wiki/Nalanda_(Civ7),https://civilization.fandom.com/wiki/File:Nalanda_(Civ7).png,
WONDER_ORACLE,Oracle,Antiquity,AGE_ANTIQUITY,375,"+2 [icon:YIELD_CULTURE] Culture. When gaining rewards from a [icon:NAR_REW_DEFAULT] Narrative Event, gain an additional 20 [icon:YIELD_CULTURE] Culture per [TIP:LOC_PEDIA_CONCEPTS_AGE_TOOLTIP]Age[/TIP]. +1 [icon:ATTRIBUTE_WILDCARD] Wildcard [TIP:LOC_PEDIA_CONCEPTS_ATTRIBUTE_TOOLTIP]Attribute[/TIP] Point. [TIP:LOC_PEDIA_CONCEPTS_AGELESS_TOOLTIP]Ageless[/TIP]. Must be placed on [TIP:LOC_PEDIA_CONCEPTS_ROUGH_TERRAIN_TOOLTIP]Rough Terrain[/TIP].","+2 Culture. When gaining rewards from a Narrative Event, gain an additional 20 Culture per Age. +1 Wildcard Attribute Point. Ageless. Must be placed on Rough Terrain.","When gaining rewards from a [icon:NAR_REW_DEFAULT] Narrative Event, gain an additional 20 [icon:YIELD_CULTURE] Culture per [TIP:LOC_PEDIA_CONCEPTS_AGE_TOOLTIP]Age[/TIP]. +1 [icon:ATTRIBUTE_WILDCARD] Wildcard [TIP:LOC_PEDIA_CONCEPTS_ATTRIBUTE_TOOLTIP]Attribute[/TIP] Point.[n]Must be placed on [TIP:LOC_PEDIA_CONCEPTS_ROUGH_TERRAIN_TOOLTIP]Rough Terrain[/TIP].","When gaining rewards from a Narrative Event, gain an additional 20 Culture per Age. +1 Wildcard Attribute Point.Must be placed on Rough Terrain.",+2 CULTURE,HILL,,,,terrain:HILL,MOD_ORACLE_NARRATIVE_EVENT_CULTURE; MOD_ORACLE_WILDCARD_ATTRIBUTE,1,https://civilization.fandom.com/wiki/Oracle_(Civ7),https://civilization.fandom.com/wiki/File:Oracle_(Civ7).png,
WONDER_PETRA,Petra,Antiquity,AGE_ANTIQUITY,375,+1 [icon:YIELD_PRODUCTION] Production on [icon:CITY_RURAL] [TIP:LOC_PEDIA_CONCEPTS_IMPROVEMENT_TOOLTIP]Improvements[/TIP] and +1 [icon:YIELD_GOLD] Gold on [icon:CITY_URBAN] [TIP:LOC_PEDIA_CONCEPTS_DISTRICT_TOOLTIP]Districts[/TIP] on [icon:CITY_UNIMPROVED] Desert Terrain in this [TIP:LOC_PEDIA_CONCEPTS_SETTLEMENT_TOOLTIP]Settlement[/TIP]. [TIP:LOC_PEDIA_CONCEPTS_AGELESS_TOOLTIP]Ageless[/TIP]. Must be placed on Desert.,+1 Production on Improvements and +1 Gold on Districts on Desert Terrain in this Settlement. Ageless. Must be placed on Desert.,+1 [icon:YIELD_PRODUCTION] Production on [icon:CITY_RURAL] [TIP:LOC_PEDIA_CONCEPTS_IMPROVEMENT_TOOLTIP]Improvements[/TIP] and +1 [icon:YIELD_GOLD] Gold on [icon:CITY_URBAN] [TIP:LOC_PEDIA_CONCEPTS_DISTRICT_TOOLTIP]Districts[/TIP] on [icon:CITY_UNIMPROVED] Desert Terrain in this [TIP:LOC_PEDIA_CONCEPTS_SETTLEMENT_TOOLTIP]Settlement[/TIP].[n]Must be placed on Desert.,+1 Production on Improvements and +1 Gold on Districts on Desert Terrain in this Settlement.Must be placed on Desert.,,,DESERT,,,biome:DESERT,MOD_PETRA_RURAL_PRODUCTION; MOD_PETRA_URBAN_GOLD,1,https://civilization.fandom.com/wiki/Petra_(Civ7),https://civilization.fandom.com/wiki/File:Petra_(Civ7).png,
WONDER_PYRAMID_OF_THE_SUN,Pyramid Of The Sun,Antiquity,AGE_ANTIQUITY,450,+3 [icon:YIELD_CULTURE] Culture. +2 [icon:YIELD_CULTURE] Culture on [icon:CITY_UNIQUE_QUARTER] [TIP:LOC_PEDIA_CONCEPTS_DISTRICT_TOOLTIP]Quarters[/TIP] in this [TIP:LOC_PEDIA_CONCEPTS_SETTLEMENT_TOOLTIP]Settlement[/TIP]. [TIP:LOC_PEDIA_CONCEPTS_AGELESS_TOOLTIP]Ageless[/TIP]. Must be placed on [TIP:LOC_PEDIA_CONCEPTS_FLAT_TERRAIN_TOOLTIP]Flat Terrain[/TIP] adjacent to a [TIP:LOC_PEDIA_CONCEPTS_DISTRICT_TOOLTIP]District[/TIP].,+3 Culture. +2 Culture on Quarters in this Settlement. Ageless. Must be placed on Flat Terrain adjacent to a District.,+2 [icon:YIELD_CULTURE] Culture on [icon:CITY_UNIQUE_QUARTER] [TIP:LOC_PEDIA_CONCEPTS_DISTRICT_TOOLTIP]Quarters[/TIP] in this [TIP:LOC_PEDIA_CONCEPTS_SETTLEMENT_TOOLTIP]Settlement[/TIP].[n]Must be placed on [TIP:LOC_PEDIA_CONCEPTS_FLAT_TERRAIN_TOOLTIP]Flat Terrain[/TIP] adjacent to a [TIP:LOC_PEDIA_CONCEPTS_DISTRICT_TOOLTIP]District[/TIP].,+2 Culture on Quarters in this Settlement.Must be placed on Flat Terrain adjacent to a District.,+3 CULTURE,FLAT,,,,terrain:FLAT; adj_district:DISTRICT_URBAN,MOD_PYRAMID_OF_THE_SUN_URBAN_CULTURE,1,https://civilization.fandom.com/wiki/Pyramid_of_the_Sun_(Civ7),https://civilization.fandom.com/wiki/File:Pyramid_of_the_Sun_(Civ7).png,
WONDER_PYRAMIDS,Pyramids,Antiquity,AGE_ANTIQUITY,275,+1 [icon:YIELD_GOLD] Gold and [icon:YIELD_PRODUCTION] Production on [icon:CITY_RURAL] [TIP:LOC_PEDIA_CONCEPTS_IMPROVEMENT_TOOLTIP]Improvements[/TIP] and [icon:CITY_URBAN] [TIP:LOC_PEDIA_CONCEPTS_DISTRICT_TOOLTIP]Districts[/TIP] on [TIP:LOC_PEDIA_CONCEPTS_MINOR_RIVER_TOOLTIP]Minor River[/TIP] and [TIP:LOC_PEDIA_CONCEPTS_NAVIGABLE_RIVER_TOOLTIP]Navigable River[/TIP] tiles in this [TIP:LOC_PEDIA_CONCEPTS_SETTLEMENT_TOOLTIP]Settlement[/TIP]. [TIP:LOC_PEDIA_CONCEPTS_AGELESS_TOOLTIP]Ageless[/TIP]. Must be placed adjacent to a [TIP:LOC_PEDIA_CONCEPTS_NAVIGABLE_RIVER_TOOLTIP]Navigable River[/TIP] not in Tundra.,+1 Gold and Production on Improvements and Districts on Minor River and Navigable River tiles in this Settlement. Ageless. Must be placed adjacent to a Navigable River not in Tundra.,+1 [icon:YIELD_GOLD] Gold and [icon:YIELD_PRODUCTION] Production on [icon:CITY_RURAL] [TIP:LOC_PEDIA_CONCEPTS_IMPROVEMENT_TOOLTIP]Improvements[/TIP] and [icon:CITY_URBAN] [TIP:LOC_PEDIA_CONCEPTS_DISTRICT_TOOLTIP]Districts[/TIP] on [TIP:LOC_PEDIA_CONCEPTS_MINOR_RIVER_TOOLTIP]Minor River[/TIP] and [TIP:LOC_PEDIA_CONCEPTS_NAVIGABLE_RIVER_TOOLTIP]Navigable River[/TIP] tiles in this [TIP:LOC_PEDIA_CONCEPTS_SETTLEMENT_TOOLTIP]Settlement[/TIP].[n]Must be placed adjacent to a [TIP:LOC_PEDIA_CONCEPTS_NAVIGABLE_RIVER_TOOLTIP]Navigable River[/TIP] not in Tundra.,+1 Gold and Production on Improvements and Districts on Minor River and Navigable River tiles in this Settlement.Must be placed adjacent to a Navigable River not in Tundra.,,,"DESERT,GRASSLAND,PLAINS,TROPICAL",,,"biome:DESERT,GRASSLAND,PLAINS,TROPICAL",MOD_PYRAMIDS_URBAN_GOLD; MOD_PYRAMIDS_URBAN_PRODUCTION,1,https://civilization.fandom.com/wiki/Pyramids_(Civ7),https://civilization.fandom.com/wiki/File:Pyramids_(Civ7).png,https://static0.fextralifeimages.com/file/civ7/8/80/Pyramids-wonder-civ-7-wiki-guide.png
WONDER_SANCHI_STUPA,Sanchi Stupa,Antiquity,AGE_ANTIQUITY,450,+3 [icon:YIELD_HAPPINESS] Happiness. +1 [icon:YIELD_CULTURE] Culture for every 5 excess [icon:YIELD_HAPPINESS] Happiness in this [TIP:LOC_PEDIA_CONCEPTS_SETTLEMENT_TOOLTIP]Settlement[/TIP]. [TIP:LOC_PEDIA_CONCEPTS_AGELESS_TOOLTIP]Ageless[/TIP]. Must be placed on Plains.,+3 Happiness. +1 Culture for every 5 excess Happiness in this Settlement. Ageless. Must be placed on Plains.,+1 [icon:YIELD_CULTURE] Culture for every 5 excess [icon:YIELD_HAPPINESS] Happiness in this [TIP:LOC_PEDIA_CONCEPTS_SETTLEMENT_TOOLTIP]Settlement[/TIP].[n]Must be placed on Plains.,+1 Culture for every 5 excess Happiness in this Settlement.Must be placed on Plains.,+3 HAPPINESS,,PLAINS,,,biome:PLAINS,MOD_SANCHI_STUPA_HAPPINESS_CULTURE,1,https://civilization.fandom.com/wiki/Sanchi_Stupa_(Civ7),https://civilization.fandom.com/wiki/File:Sanchi_Stupa_(Civ7).png,
WONDER_TERRACOTTA_ARMY,Terracotta Army,Antiquity,AGE_ANTIQUITY,375,+2 [icon:YIELD_PRODUCTION] Production. Grants a free [icon:UNIT_ARMY_COMMANDER] Army Commander when built. +25% [TIP:LOC_PEDIA_CONCEPTS_EXPERIENCE_TOOLTIP]Commander Experience[/TIP]. [TIP:LOC_PEDIA_CONCEPTS_AGELESS_TOOLTIP]Ageless[/TIP]. Must be placed on Grassland.,+2 Production. Grants a free Army Commander when built. +25% Commander Experience. Ageless. Must be placed on Grassland.,Grants a free [icon:UNIT_ARMY_COMMANDER] Army Commander when built. +25% [TIP:LOC_PEDIA_CONCEPTS_EXPERIENCE_TOOLTIP]Commander Experience[/TIP].[n]Must be placed on Grassland.,Grants a free Army Commander when built. +25% Commander Experience.Must be placed on Grassland.,+2 PRODUCTION,,GRASSLAND,,,biome:GRASSLAND,MOD_TERRACOTTA_ARMY_COMMANDER; MOD_TERRACOTTA_ARMY_COMMANDER_XP,1,https://civilization.fandom.com/wiki/Terracotta_Army_(Civ7),https://civilization.fandom.com/wiki/File:Terracotta_Army_(Civ7).png,
WONDER_WEIYANG_PALACE,Weiyang Palace,Antiquity,AGE_ANTIQUITY,375,+3 [icon:YIELD_DIPLOMACY] Influence. +1 [icon:NAR_REW_TRADITION_SLOT] [TIP:LOC_PEDIA_CONCEPTS_TRADITION_TOOLTIP]Tradition[/TIP] Slot. [TIP:LOC_PEDIA_CONCEPTS_AGELESS_TOOLTIP]Ageless[/TIP]. Must be placed on Grassland.,+3 Influence. +1 Tradition Slot. Ageless. Must be placed on Grassland.,+1 [icon:NAR_REW_TRADITION_SLOT] [TIP:LOC_PEDIA_CONCEPTS_TRADITION_TOOLTIP]Tradition[/TIP] Slot. Must be placed on Grassland.,+1 Tradition Slot. Must be placed on Grassland.,+3 DIPLOMACY,,GRASSLAND,,,biome:GRASSLAND,MOD_WEIYANG_PALACE_TRADITION_SLOT,1,https://civilization.fandom.com/wiki/Weiyang_Palace_(Civ7),https://civilization.fandom.com/wiki/File:Weiyang_Palace_(Civ7).png,
WONDER_BOROBUDUR,Borobudur,Exploration,AGE_EXPLORATION,600,+3 [icon:YIELD_HAPPINESS] Happiness. +3 [icon:YIELD_FOOD] Food and +1 [icon:YIELD_HAPPINESS] Happiness on [icon:CITY_UNIQUE_QUARTER] [TIP:LOC_PEDIA_CONCEPTS_DISTRICT_TOOLTIP]Quarters[/TIP] in this [TIP:LOC_PEDIA_CONCEPTS_SETTLEMENT_TOOLTIP]Settlement[/TIP]. [TIP:LOC_PEDIA_CONCEPTS_AGELESS_TOOLTIP]Ageless[/TIP]. Must be placed adjacent to Coast.,+3 Happiness. +3 Food and +1 Happiness on Quarters in this Settlement. Ageless. Must be placed adjacent to Coast.,+3 [icon:YIELD_FOOD] Food and +1 [icon:YIELD_HAPPINESS] Happiness on [icon:CITY_UNIQUE_QUARTER] [TIP:LOC_PEDIA_CONCEPTS_DISTRICT_TOOLTIP]Quarters[/TIP] in this [TIP:LOC_PEDIA_CONCEPTS_SETTLEMENT_TOOLTIP]Settlement[/TIP].[N]Must be placed adjacent to Coast.,+3 Food and +1 Happiness on Quarters in this Settlement.Must be placed adjacent to Coast.,+3 HAPPINESS,,,,,,MOD_BOROBUDUR_URBAN_FOOD; MOD_BOROBUDUR_URBAN_HAPPINESS,1,https://civilization.fandom.com/wiki/Borobudur_(Civ7),https://civilization.fandom.com/wiki/File:Borobudur_(Civ7).png,
WONDER_BRIHADEESWARAR_TEMPLE,Brihadeeswarar Temple,Exploration,AGE_EXPLORATION,600,+3 [icon:YIELD_DIPLOMACY] Influence. All [icon:CITY_BUILDING_LIST] [TIP:LOC_PEDIA_CONCEPTS_BUILDINGS_TOOLTIP]Buildings[/TIP] in this Settlement gain a +1 [icon:YIELD_HAPPINESS] Happiness Adjacency for [TIP:LOC_PEDIA_CONCEPTS_NAVIGABLE_RIVER_TOOLTIP]Navigable Rivers[/TIP]. [TIP:LOC_PEDIA_CONCEPTS_AGELESS_TOOLTIP]Ageless[/TIP]. Must be placed adjacent to a [TIP:LOC_PEDIA_CONCEPTS_NAVIGABLE_RIVER_TOOLTIP]Navigable River[/TIP] or on a [TIP:LOC_PEDIA_CONCEPTS_MINOR_RIVER_TOOLTIP]Minor River[/TIP].,+3 Influence. All Buildings in this Settlement gain a +1 Happiness Adjacency for Navigable Rivers. Ageless. Must be placed adjacent to a Navigable River or on a Minor River.,All [icon:CITY_BUILDING_LIST] [TIP:LOC_PEDIA_CONCEPTS_BUILDINGS_TOOLTIP]Buildings[/TIP] in this Settlement gain a +1 [icon:YIELD_HAPPINESS] Happiness Adjacency for [TIP:LOC_PEDIA_CONCEPTS_NAVIGABLE_RIVER_TOOLTIP]Navigable Rivers[/TIP].[N]Must be placed adjacent to a [TIP:LOC_PEDIA_CONCEPTS_NAVIGABLE_RIVER_TOOLTIP]Navigable River[/TIP] or on a [TIP:LOC_PEDIA_CONCEPTS_MINOR_RIVER_TOOLTIP]Minor River[/TIP].,All Buildings in this Settlement gain a +1 Happiness Adjacency for Navigable Rivers.Must be placed adjacent to a Navigable River or on a Minor River.,+3 DIPLOMACY,,,,,adj_river,MOD_BRIHADEESWARAR_TEMPLE_ADJACENCT_NAVIGABLE_HAPPINESS,1,https://civilization.fandom.com/wiki/Brihadeeswarar_Temple_(Civ7),https://civilization.fandom.com/wiki/File:Brihadeeswarar_Temple_(Civ7).png,
WONDER_EL_ESCORIAL,El Escorial,Exploration,AGE_EXPLORATION,600,+3 [icon:YIELD_HAPPINESS] Happiness. Has 3 [icon:NAR_REW_GREATWORK] [TIP:LOC_PEDIA_CONCEPTS_GREAT_WORKS_TOOLTIP]Great Work[/TIP] slots. +1 [icon:SETTLEMENT_LIMIT] [TIP:LOC_PEDIA_CONCEPTS_SETTLEMENT_LIMIT_TOOLTIP]Settlement Limit[/TIP]. +4 [icon:YIELD_HAPPINESS] Happiness on [icon:YIELD_CITIES] [TIP:LOC_PEDIA_CONCEPTS_CITIES_TOOLTIP]Cities[/TIP] within 7 tiles of this [TIP:LOC_PEDIA_CONCEPTS_WONDERS_TOOLTIP]Wonder[/TIP]. [TIP:LOC_PEDIA_CONCEPTS_AGELESS_TOOLTIP]Ageless[/TIP]. Must be placed on [TIP:LOC_PEDIA_CONCEPTS_ROUGH_TERRAIN_TOOLTIP]Rough Terrain[/TIP].,+3 Happiness. Has 3 Great Work slots. +1 Settlement Limit. +4 Happiness on Cities within 7 tiles of this Wonder. Ageless. Must be placed on Rough Terrain.,Has 3 [icon:NAR_REW_GREATWORK] [TIP:LOC_PEDIA_CONCEPTS_GREAT_WORKS_TOOLTIP]Great Work[/TIP] slots. +1 [icon:SETTLEMENT_LIMIT] [TIP:LOC_PEDIA_CONCEPTS_SETTLEMENT_LIMIT_TOOLTIP]Settlement Limit[/TIP]. +4 [icon:YIELD_HAPPINESS] Happiness on [icon:YIELD_CITIES] [TIP:LOC_PEDIA_CONCEPTS_CITIES_TOOLTIP]Cities[/TIP] within 7 tiles of this [TIP:LOC_PEDIA_CONCEPTS_WONDERS_TOOLTIP]Wonder[/TIP].[N]Must be placed on [TIP:LOC_PEDIA_CONCEPTS_ROUGH_TERRAIN_TOOLTIP]Rough Terrain[/TIP].,Has 3 Great Work slots. +1 Settlement Limit. +4 Happiness on Cities within 7 tiles of this Wonder.Must be placed on Rough Terrain.,+3 HAPPINESS,HILL,,,,terrain:HILL,MOD_EL_ESCORIAL_HAPPINESS_NEARBY; MOD_EL_ESCORIAL_SETTLEMENT_CAP,1,https://civilization.fandom.com/wiki/El_Escorial_(Civ7),https://civilization.fandom.com/wiki/File:El_Escorial_(Civ7).png,
WONDER_ERDENE_ZUU,Erdene Zuu,Exploration,AGE_EXPLORATION,525,+2 [icon:YIELD_CULTURE] Culture. Creating a [TIP:LOC_PEDIA_CONCEPTS_CAVALRY_UNITS_TOOLTIP]Cavalry Unit[/TIP] grants [icon:YIELD_CULTURE] Culture equal to 25% of its cost. [TIP:LOC_PEDIA_CONCEPTS_AGELESS_TOOLTIP]Ageless[/TIP]. Must be placed on [TIP:LOC_PEDIA_CONCEPTS_FLAT_TERRAIN_TOOLTIP]Flat Terrain[/TIP].,+2 Culture. Creating a Cavalry Unit grants Culture equal to 25% of its cost. Ageless. Must be placed on Flat Terrain.,Creating a [TIP:LOC_PEDIA_CONCEPTS_MILITARY_UNIT_TOOLTIP]Cavalry Unit[/TIP] grants[icon:YIELD_CULTURE] Culture equal to 25% of its cost.[N]Must be placed on [TIP:LOC_PEDIA_CONCEPTS_FLAT_TERRAIN_TOOLTIP]Flat Terrain[/TIP].,Creating a Cavalry Unit grants Culture equal to 25% of its cost.Must be placed on Flat Terrain.,+2 CULTURE,FLAT,,,,terrain:FLAT,MOD_ERDENE_ZUU_CAVALRY_CULTURE,1,https://civilization.fandom.com/wiki/Erdene_Zuu_(Civ7),https://civilization.fandom.com/wiki/File:Erdene_Zuu_(Civ7).png,
WONDER_FORBIDDEN_CITY,Forbidden City,Exploration,AGE_EXPLORATION,750,"+4 [icon:YIELD_CULTURE] Culture. +1 [icon:YIELD_CULTURE] Culture and [icon:YIELD_GOLD] Gold on all [icon:Action_Fortify] Fortification [TIP:LOC_PEDIA_CONCEPTS_BUILDINGS_TOOLTIP]Buildings[/TIP], [TIP:LOC_PEDIA_CONCEPTS_IMPROVEMENT_TOOLTIP]Improvements[/TIP], and [TIP:LOC_PEDIA_CONCEPTS_WONDERS_TOOLTIP]Wonders[/TIP]. [TIP:LOC_PEDIA_CONCEPTS_AGELESS_TOOLTIP]Ageless[/TIP]. +1 [icon:CULTURE_VP] Tourism on [icon:Action_Fortify] Fortifications in this City. Must be placed adjacent to a [TIP:LOC_PEDIA_CONCEPTS_DISTRICT_TOOLTIP]District[/TIP].","+4 Culture. +1 Culture and Gold on all Fortification Buildings, Improvements, and Wonders. Ageless. +1 Tourism on Fortifications in this City. Must be placed adjacent to a District.","+1 [icon:YIELD_CULTURE] Culture and [icon:YIELD_GOLD] Gold on all [icon:Action_Fortify] Fortification [TIP:LOC_PEDIA_CONCEPTS_BUILDINGS_TOOLTIP]Buildings[/TIP], [TIP:LOC_PEDIA_CONCEPTS_IMPROVEMENT_TOOLTIP]Improvements[/TIP], and [TIP:LOC_PEDIA_CONCEPTS_WONDERS_TOOLTIP]Wonders[/TIP].[N] +1 [icon:CULTURE_VP] Tourism on [icon:Action_Fortify] Fortifications in this [TIP:LOC_PEDIA_CONCEPTS_SETTLEMENT_TOOLTIP]Settlement[/TIP]. [N]Must be placed adjacent to a [TIP:LOC_PEDIA_CONCEPTS_DISTRICT_TOOLTIP]District[/TIP].","+1 Culture and Gold on all Fortification Buildings, Improvements, and Wonders. +1 Tourism on Fortifications in this Settlement. Must be placed adjacent to a District.",+4 CULTURE,,,,,adj_district:DISTRICT_URBAN,MOD_FORBIDDEN_CITY_FORTIFICATION_CULTURE; MOD_FORBIDDEN_CITY_FORTIFICATION_TOURISM,1,https://civilization.fandom.com/wiki/Forbidden_City_(Civ7),https://civilization.fandom.com/wiki/File:Forbidden_City_(Civ7).png,
WONDER_GRAND_BAZAAR,Grand Bazaar,Exploration,AGE_EXPLORATION,525,+2[icon:YIELD_GOLD] Gold. +2 [icon:RADIAL_RESOURCES] [TIP:LOC_PEDIA_CONCEPTS_RESOURCE_CAPACITY_TOOLTIP]Resource Capacity[/TIP] in this [TIP:LOC_PEDIA_CONCEPTS_SETTLEMENT_TOOLTIP]Settlement[/TIP]. +3 [icon:YIELD_GOLD] Gold on [icon:HOMELAND] [TIP:LOC_PEDIA_CONCEPTS_HOMELANDS_TOOLTIP]Homelands[/TIP] [TIP:LOC_PEDIA_CONCEPTS_TREASURE_RESOURCES_TOOLTIP]Treasure Resources[/TIP]. [TIP:LOC_PEDIA_CONCEPTS_AGELESS_TOOLTIP]Ageless[/TIP]. Must be placed adjacent to a [TIP:LOC_PEDIA_CONCEPTS_DISTRICT_TOOLTIP]District[/TIP] in the [TIP:LOC_PEDIA_CONCEPTS_HOMELANDS_TOOLTIP]Homelands[/TIP].,+2 Gold. +2 Resource Capacity in this Settlement. +3 Gold on Homelands Treasure Resources. Ageless. Must be placed adjacent to a District in the Homelands.,+2 [icon:RADIAL_RESOURCES] [TIP:LOC_PEDIA_CONCEPTS_RESOURCE_CAPACITY_TOOLTIP]Resource Capacity[/TIP] in this [TIP:LOC_PEDIA_CONCEPTS_SETTLEMENT_TOOLTIP]Settlement[/TIP]. +3 [icon:YIELD_GOLD] Gold on [icon:HOMELAND] [TIP:LOC_PEDIA_CONCEPTS_HOMELANDS_TOOLTIP]Homelands[/TIP] [TIP:LOC_PEDIA_CONCEPTS_TREASURE_RESOURCES_TOOLTIP]Treasure Resources[/TIP].[N]Must be placed adjacent to a [TIP:LOC_PEDIA_CONCEPTS_DISTRICT_TOOLTIP]District[/TIP] in the [TIP:LOC_PEDIA_CONCEPTS_HOMELANDS_TOOLTIP]Homelands[/TIP].,+2 Resource Capacity in this Settlement. +3 Gold on Homelands Treasure Resources.Must be placed adjacent to a District in the Homelands.,+2 GOLD,,,,,adj_district:DISTRICT_URBAN,MOD_GRAND_BAZAAR_HOMELAND_RESOURCE_GOLD; MOD_GRAND_BAZAAR_RESOURCE_CAP,1,https://civilization.fandom.com/wiki/Grand_Bazaar_(Civ7),https://civilization.fandom.com/wiki/File:Grand_Bazaar_(Civ7).png,
WONDER_HALE_O_KEAWE,Hale o Keawe,Exploration,AGE_EXPLORATION,525,"+2 [icon:YIELD_CULTURE] Culture. +1 [icon:YIELD_CULTURE] Culture on Water [TIP:LOC_PEDIA_CONCEPTS_BUILDINGS_TOOLTIP]Buildings[/TIP]. Has 3 [icon:NAR_REW_GREATWORK] [TIP:LOC_PEDIA_CONCEPTS_GREAT_WORKS_TOOLTIP]Great Work[/TIP] slots. [TIP:LOC_PEDIA_CONCEPTS_AGELESS_TOOLTIP]Ageless[/TIP]. Must be on Coast adjacent to land, but not adjacent to Tundra.","+2 Culture. +1 Culture on Water Buildings. Has 3 Great Work slots. Ageless. Must be on Coast adjacent to land, but not adjacent to Tundra.","+1 [icon:YIELD_CULTURE] Culture on Water [TIP:LOC_PEDIA_CONCEPTS_BUILDINGS_TOOLTIP]Buildings[/TIP]. Has 3 [icon:NAR_REW_GREATWORK] [TIP:LOC_PEDIA_CONCEPTS_GREAT_WORKS_TOOLTIP]Great Work[/TIP] slots.[N]Must be on Coast adjacent to land, but not adjacent to Tundra.","+1 Culture on Water Buildings. Has 3 Great Work slots.Must be on Coast adjacent to land, but not adjacent to Tundra.",+2 CULTURE,COAST,,,,terrain:COAST; adj_land,MOD_HALE_O_KEAWE_MARINE_CULTURE,1,https://civilization.fandom.com/wiki/Hale_o_Keawe_(Civ7),https://civilization.fandom.com/wiki/File:Hale_o_Keawe_(Civ7).png,
WONDER_HAVANA_HARBOR,Havana Harbor,Exploration,AGE_EXPLORATION,525,+3 [icon:YIELD_GOLD] Gold. This [TIP:LOC_PEDIA_CONCEPTS_SETTLEMENT_TOOLTIP]Settlement[/TIP] generates [icon:UNIT_TREASURE_FLEET] [TIP:LOC_PEDIA_CONCEPTS_TREASURE_CONVOY_TOOLTIP]Treasure Convoys[/TIP] worth 3 Cargo in the [TIP:LOC_PEDIA_CONCEPTS_AGE_TOOLTIP]Exploration Age[/TIP]. +1 [icon:ATTRIBUTE_ECONOMIC] Economic [TIP:LOC_PEDIA_CONCEPTS_ATTRIBUTE_TOOLTIP]Attribute[/TIP] Point. [TIP:LOC_PEDIA_CONCEPTS_AGELESS_TOOLTIP]Ageless[/TIP]. Must be built in [TIP:LOC_PEDIA_CONCEPTS_DISTANT_LANDS_TOOLTIP]Distant Lands[/TIP] Coast adjacent to Land that is not a Lake.,+3 Gold. This Settlement generates Treasure Convoys worth 3 Cargo in the Exploration Age. +1 Economic Attribute Point. Ageless. Must be built in Distant Lands Coast adjacent to Land that is not a Lake.,This [TIP:LOC_PEDIA_CONCEPTS_SETTLEMENT_TOOLTIP]Settlement[/TIP] generates [icon:UNIT_TREASURE_FLEET] [TIP:LOC_PEDIA_CONCEPTS_TREASURE_CONVOY_TOOLTIP]Treasure Convoys[/TIP] worth 3 Cargo in the [TIP:LOC_PEDIA_CONCEPTS_AGE_TOOLTIP]Exploration Age[/TIP]. +1 [icon:ATTRIBUTE_ECONOMIC] Economic [TIP:LOC_PEDIA_CONCEPTS_ATTRIBUTE_TOOLTIP]Attribute[/TIP] Point.[N]Must be built in [TIP:LOC_PEDIA_CONCEPTS_DISTANT_LANDS_TOOLTIP]Distant Lands[/TIP] Coast adjacent to Land that is not a Lake.,This Settlement generates Treasure Convoys worth 3 Cargo in the Exploration Age. +1 Economic Attribute Point.Must be built in Distant Lands Coast adjacent to Land that is not a Lake.,+3 GOLD,COAST,,,,terrain:COAST; adj_land,MOD_HAVANA_HARBOR_AUTO_TREASURE_FLEET; MOD_HAVANA_HARBOR_ECONOMIC_ATTRIBUTE,1,https://civilization.fandom.com/wiki/Havana_Harbor_(Civ7),https://civilization.fandom.com/wiki/File:Havana_Harbor_(Civ7).png,
WONDER_HOUSE_OF_WISDOM,House of Wisdom,Exploration,AGE_EXPLORATION,600,+3 [icon:YIELD_SCIENCE] Science. Gain 1 [icon:NAR_REW_GREATWORK] [TIP:LOC_PEDIA_CONCEPTS_RELIC_TOOLTIP]Relic[/TIP]. Has 3 [icon:NAR_REW_GREATWORK] [TIP:LOC_PEDIA_CONCEPTS_GREAT_WORKS_TOOLTIP]Great Work[/TIP] slots. +2 [icon:YIELD_SCIENCE] Science from [icon:NAR_REW_GREATWORK] [TIP:LOC_PEDIA_CONCEPTS_GREAT_WORKS_TOOLTIP]Great Works[/TIP]. +3 [icon:SCIENCE_VP] Innovation. [TIP:LOC_PEDIA_CONCEPTS_AGELESS_TOOLTIP]Ageless[/TIP]. Must be placed adjacent to a [TIP:LOC_PEDIA_CONCEPTS_DISTRICT_TOOLTIP]District[/TIP].,+3 Science. Gain 1 Relic. Has 3 Great Work slots. +2 Science from Great Works. +3 Innovation. Ageless. Must be placed adjacent to a District.,Gain 1 [icon:NAR_REW_GREATWORK] [TIP:LOC_PEDIA_CONCEPTS_RELIC_TOOLTIP]Relic[/TIP]. Has 3 [icon:NAR_REW_GREATWORK] [TIP:LOC_PEDIA_CONCEPTS_GREAT_WORKS_TOOLTIP]Great Work[/TIP] slots. +2 [icon:YIELD_SCIENCE] Science from [icon:NAR_REW_GREATWORK] [TIP:LOC_PEDIA_CONCEPTS_GREAT_WORKS_TOOLTIP]Great Works[/TIP]. +3 [icon:SCIENCE_VP] Innovation. [N]Must be placed adjacent to a [TIP:LOC_PEDIA_CONCEPTS_DISTRICT_TOOLTIP]District[/TIP].,Gain 1 Relic. Has 3 Great Work slots. +2 Science from Great Works. +3 Innovation. Must be placed adjacent to a District.,+3 SCIENCE,,,,,adj_district:DISTRICT_URBAN,MOD_HOUSE_OF_WISDOM_FREE_RELICS; MOD_HOUSE_OF_WISDOM_GREATWORKS_SCIENCE; MOD_HOUSE_OF_WISDOM_SCIENCE_VP,1,https://civilization.fandom.com/wiki/House_of_Wisdom_(Civ7),https://civilization.fandom.com/wiki/File:House_of_Wisdom_(Civ7).png,
WONDER_MACHU_PIKCHU,Machu Pikchu,Exploration,AGE_EXPLORATION,750,+4 [icon:YIELD_GOLD] Gold. [icon:CITY_BUILDING_LIST] [TIP:LOC_PEDIA_CONCEPTS_BUILDINGS_TOOLTIP]Buildings[/TIP] in this Settlement gain a +1 [icon:YIELD_CULTURE] Culture and [icon:YIELD_GOLD] Gold Adjacency for Mountains. [TIP:LOC_PEDIA_CONCEPTS_AGELESS_TOOLTIP]Ageless[/TIP]. Must be placed on a Grassland or Tropical Mountain.,+4 Gold. Buildings in this Settlement gain a +1 Culture and Gold Adjacency for Mountains. Ageless. Must be placed on a Grassland or Tropical Mountain.,[icon:CITY_BUILDING_LIST] [TIP:LOC_PEDIA_CONCEPTS_BUILDINGS_TOOLTIP]Buildings[/TIP] in this Settlement gain a +1 [icon:YIELD_CULTURE] Culture and [icon:YIELD_GOLD] Gold Adjacency for Mountains.[N]Must be placed on a Grassland or Tropical Mountain.,Buildings in this Settlement gain a +1 Culture and Gold Adjacency for Mountains.Must be placed on a Grassland or Tropical Mountain.,+4 GOLD,MOUNTAIN,"GRASSLAND,TROPICAL",,,"terrain:MOUNTAIN; biome:GRASSLAND,TROPICAL",MOD_MACHU_PIKCHU_MOUNTAIN_ADJACENT_CULTURE; MOD_MACHU_PIKCHU_MOUNTAIN_ADJACENT_GOLD,1,https://civilization.fandom.com/wiki/Machu_Picchu_(Civ7),https://civilization.fandom.com/wiki/File:Machu_Picchu_(Civ7).png,
WONDER_NAN_MADOL,Nan Madol,Exploration,AGE_EXPLORATION,525,"+3[icon:YIELD_CULTURE] Culture, [icon:YIELD_HAPPINESS] Happiness, and [icon:YIELD_PRODUCTION] Production, on the Palace and City Hall on Islands (a landmass with a maximum of 30 tiles). Ageless. Must be placed on Coast adjacent to land, this land must be an Island.","+3 Culture, Happiness, and Production, on the Palace and City Hall on Islands (a landmass with a maximum of 30 tiles). Ageless. Must be placed on Coast adjacent to land, this land must be an Island.","+3[icon:YIELD_CULTURE] Culture, [icon:YIELD_HAPPINESS] Happiness, and [icon:YIELD_PRODUCTION] Production on the Palace and City Hall on Islands (a landmass with a maximum of 30 tiles).[N]Must be placed on Coast adjacent to land, this land must be an Island.","+3 Culture, Happiness, and Production on the Palace and City Hall on Islands (a landmass with a maximum of 30 tiles).Must be placed on Coast adjacent to land, this land must be an Island.",,COAST,,,,terrain:COAST,MOD_NAN_MADOL_ISLAND_YIELDS,1,https://civilization.fandom.com/wiki/Nan_Madol_(Civ7),https://civilization.fandom.com/wiki/File:Nan_Madol_(Civ7).png,
WONDER_NOTRE_DAME,Notre Dame,Exploration,AGE_EXPLORATION,750,+4 [icon:YIELD_HAPPINESS] Happiness. +3[icon:YIELD_CULTURE] Culture on [icon:SPECIALIST] [TIP:LOC_PEDIA_CONCEPTS_SPECIALIST_TOOLTIP]Specialists[/TIP] while in a [icon:CELEBRATION] [TIP:LOC_PEDIA_CONCEPTS_CELEBRATIONS_TOOLTIP]Celebration[/TIP]. Start a [icon:CELEBRATION] [TIP:LOC_PEDIA_CONCEPTS_CELEBRATIONS_TOOLTIP]Celebration[/TIP] immediately after constructing this [TIP:LOC_PEDIA_CONCEPTS_WONDERS_TOOLTIP]Wonder[/TIP]. [TIP:LOC_PEDIA_CONCEPTS_AGELESS_TOOLTIP]Ageless[/TIP]. Must be adjacent to a River and a [TIP:LOC_PEDIA_CONCEPTS_DISTRICT_TOOLTIP]District[/TIP].,+4 Happiness. +3 Culture on Specialists while in a Celebration. Start a Celebration immediately after constructing this Wonder. Ageless. Must be adjacent to a River and a District.,+3 [icon:YIELD_CULTURE] Culture on [icon:SPECIALIST] [TIP:LOC_PEDIA_CONCEPTS_SPECIALIST_TOOLTIP]Specialists[/TIP] while in a [icon:CELEBRATION] [TIP:LOC_PEDIA_CONCEPTS_CELEBRATIONS_TOOLTIP]Celebration[/TIP]. Start a [icon:CELEBRATION] [TIP:LOC_PEDIA_CONCEPTS_CELEBRATIONS_TOOLTIP]Celebration[/TIP] immediately after constructing this [TIP:LOC_PEDIA_CONCEPTS_WONDERS_TOOLTIP]Wonder[/TIP].[N]Must be adjacent to a River and a [TIP:LOC_PEDIA_CONCEPTS_DISTRICT_TOOLTIP]District[/TIP].,+3 Culture on Specialists while in a Celebration. Start a Celebration immediately after constructing this Wonder.Must be adjacent to a River and a District.,+4 HAPPINESS,,,,,adj_district:DISTRICT_URBAN; adj_river,MOD_NOTRE_DAME_GOLDEN_AGE; MOD_NOTRE_DAME_GOLDEN_AGE_SPECIALIST,1,https://civilization.fandom.com/wiki/Notre_Dame_(Civ7),https://civilization.fandom.com/wiki/File:Notre_Dame_(Civ7).png,
WONDER_REYKHOLT,Reykjaholt,Exploration,AGE_EXPLORATION,750,+3 [icon:YIELD_CULTURE] Culture. +25% [icon:YIELD_PRODUCTION] Production towards training [TIP:LOC_PEDIA_CONCEPTS_MILITARY_UNIT_TOOLTIP]Military Units[/TIP] in this [icon:YIELD_CITIES] [TIP:LOC_PEDIA_CONCEPTS_CITIES_TOOLTIP]City[/TIP] for every [icon:NAR_REW_GREATWORK] [TIP:LOC_PEDIA_CONCEPTS_GREAT_WORKS_TOOLTIP]Great Work[/TIP] in this [TIP:LOC_PEDIA_CONCEPTS_CITIES_TOOLTIP]City[/TIP]. Has 3 [TIP:LOC_PEDIA_CONCEPTS_GREAT_WORKS_TOOLTIP]Great Work[/TIP] Slots. [TIP:LOC_PEDIA_CONCEPTS_AGELESS_TOOLTIP]Ageless[/TIP]. Must be placed on Tundra.,+3 Culture. +25% Production towards training Military Units in this City for every Great Work in this City. Has 3 Great Work Slots. Ageless. Must be placed on Tundra.,+25% [icon:YIELD_PRODUCTION] Production towards training [TIP:LOC_PEDIA_CONCEPTS_MILITARY_UNIT_TOOLTIP]Military Units[/TIP] in this [icon:YIELD_CITIES] [TIP:LOC_PEDIA_CONCEPTS_CITIES_TOOLTIP]City[/TIP] for every [icon:NAR_REW_GREATWORK] [TIP:LOC_PEDIA_CONCEPTS_GREAT_WORKS_TOOLTIP]Great Work[/TIP] in this [TIP:LOC_PEDIA_CONCEPTS_CITIES_TOOLTIP]City[/TIP]. [N]Has 3 Relic Slots. [N]Must be placed on Tundra.,+25% Production towards training Military Units in this City for every Great Work in this City. Has 3 Relic Slots. Must be placed on Tundra.,+3 CULTURE,,TUNDRA,,,biome:TUNDRA,MOD_REYKHOLT_GREAT_WORK_UNIT_PRODUCTION,1,https://civilization.fandom.com/wiki/Reykholt_(Civ7),https://civilization.fandom.com/wiki/File:Reykholt_(Civ7).png,
WONDER_RILA_MONASTERY,Rila Monastery,Exploration,AGE_EXPLORATION,750,"+4 [icon:YIELD_CULTURE] Culture. Has 3 [icon:NAR_REW_GREATWORK] [TIP:LOC_PEDIA_CONCEPTS_GREAT_WORKS_TOOLTIP]Great Work[/TIP] slots. Gain a [icon:NAR_REW_GREATWORK] [TIP:LOC_PEDIA_CONCEPTS_RELIC_TOOLTIP]Relic[/TIP] every time you construct a [icon:WONDER] [TIP:LOC_PEDIA_CONCEPTS_WONDERS_TOOLTIP]Wonder[/TIP], including this one. [TIP:LOC_PEDIA_CONCEPTS_AGELESS_TOOLTIP]Ageless[/TIP]. Cannot be placed adjacent to a [TIP:LOC_PEDIA_CONCEPTS_DISTRICT_TOOLTIP]District[/TIP].","+4 Culture. Has 3 Great Work slots. Gain a Relic every time you construct a Wonder, including this one. Ageless. Cannot be placed adjacent to a District.","Has 3 [icon:NAR_REW_GREATWORK] [TIP:LOC_PEDIA_CONCEPTS_GREAT_WORKS_TOOLTIP]Great Work[/TIP] slots. Gain a [icon:NAR_REW_GREATWORK] [TIP:LOC_PEDIA_CONCEPTS_RELIC_TOOLTIP]Relic[/TIP] every time you construct a [icon:WONDER] [TIP:LOC_PEDIA_CONCEPTS_WONDERS_TOOLTIP]Wonder[/TIP], including this one.[N]Cannot be placed adjacent to a [TIP:LOC_PEDIA_CONCEPTS_DISTRICT_TOOLTIP]District[/TIP].","Has 3 Great Work slots. Gain a Relic every time you construct a Wonder, including this one.Cannot be placed adjacent to a District.",+4 CULTURE,,,,,frontier,MOD_RILA_MONASTERY_WONDER_RELICS,1,https://civilization.fandom.com/wiki/Rila_Monastery_(Civ7),https://civilization.fandom.com/wiki/File:Rila_Monastery_(Civ7).png,
WONDER_SERPENT_MOUND,Serpent Mound,Exploration,AGE_EXPLORATION,750,+4 [icon:YIELD_DIPLOMACY] Influence. +3 [icon:YIELD_SCIENCE] Science and +2 [icon:YIELD_PRODUCTION] Production on all [icon:CITY_RURAL] [TIP:LOC_PEDIA_CONCEPTS_UNIQUE_IMPROVEMENT_TOOLTIP]Unique Improvements[/TIP] in this [TIP:LOC_PEDIA_CONCEPTS_SETTLEMENT_TOOLTIP]Settlement[/TIP]. [TIP:LOC_PEDIA_CONCEPTS_AGELESS_TOOLTIP]Ageless[/TIP]. Must be placed in Grassland.,+4 Influence. +3 Science and +2 Production on all Unique Improvements in this Settlement. Ageless. Must be placed in Grassland.,+3 [icon:YIELD_SCIENCE] Science and +2 [icon:YIELD_PRODUCTION] Production on all [icon:CITY_RURAL] [TIP:LOC_PEDIA_CONCEPTS_UNIQUE_IMPROVEMENT_TOOLTIP]Unique Improvements[/TIP] in this [TIP:LOC_PEDIA_CONCEPTS_SETTLEMENT_TOOLTIP]Settlement[/TIP].[N]Must be placed in Grassland.,+3 Science and +2 Production on all Unique Improvements in this Settlement.Must be placed in Grassland.,+4 DIPLOMACY,FLAT,GRASSLAND,,,terrain:FLAT; biome:GRASSLAND,MOD_SERPENT_MOUND_UNIQUE_IMPROVEMENT_YIELD,1,https://civilization.fandom.com/wiki/Serpent_Mound_(Civ7),https://civilization.fandom.com/wiki/File:Serpent_Mound_(Civ7).png,
WONDER_SHWEDAGON_ZEDI_DAW,Shwedagon Zedi Daw,Exploration,AGE_EXPLORATION,750,+4[icon:YIELD_SCIENCE] Science. +1[icon:YIELD_SCIENCE] Science on all Rural tiles in this [TIP:LOC_PEDIA_CONCEPTS_SETTLEMENT_TOOLTIP]Settlement[/TIP] that have a natural Appeal. +1 [icon:ATTRIBUTE_WILDCARD] Wildcard [TIP:LOC_PEDIA_CONCEPTS_ATTRIBUTE_TOOLTIP]Attribute[/TIP] Point. +3 [icon:SCIENCE_VP] Innovation. [TIP:LOC_PEDIA_CONCEPTS_AGELESS_TOOLTIP]Ageless[/TIP]. Must be placed adjacent to a Lake.,+4 Science. +1 Science on all Rural tiles in this Settlement that have a natural Appeal. +1 Wildcard Attribute Point. +3 Innovation. Ageless. Must be placed adjacent to a Lake.,+1[icon:YIELD_SCIENCE] Science on all Rural tiles in this [TIP:LOC_PEDIA_CONCEPTS_SETTLEMENT_TOOLTIP]Settlement[/TIP] that have a natural Appeal. +1 [icon:ATTRIBUTE_WILDCARD] [TIP:LOC_PEDIA_CONCEPTS_ATTRIBUTE_TOOLTIP]Wildcard Attribute Point[/TIP]. +3 [icon:SCIENCE_VP] Innovation. [N]Must be placed adjacent to a Lake.,+1 Science on all Rural tiles in this Settlement that have a natural Appeal. +1 Wildcard Attribute Point. +3 Innovation. Must be placed adjacent to a Lake.,+4 SCIENCE,,,,,,MOD_SHWEDAGON_ZEDI_DAW_SCIENCE_VP; MOD_SHWEDAGON_ZEDI_DAW_TILE_APPEAL_SCIENCE; MOD_SHWEDAGON_ZEDI_DAW_WILDCARD_ATTRIBUTE,1,https://civilization.fandom.com/wiki/Shwedagon_Zedi_Daw_(Civ7),https://civilization.fandom.com/wiki/File:Shwedagon_Zedi_Daw_(Civ7).png,
WONDER_THANH_HUE,Thành Huế,Exploration,AGE_EXPLORATION,750,"+4 [icon:YIELD_CULTURE] Culture. +1 [icon:SPECIALIST] [TIP:LOC_PEDIA_CONCEPTS_SPECIALIST_LIMIT_TOOLTIP]Specialist Limit[/TIP] in [TIP:LOC_PEDIA_CONCEPTS_CITIES_TOOLTIP]Cities[/TIP] with 7 [icon:Action_Fortify] Fortification Constructibles. Acts as a [icon:CITY_FORTIFIED] [TIP:LOC_PEDIA_CONCEPTS_FORTIFIED_DISTRICTS_TOOLTIP]Fortified District[/TIP]. [TIP:LOC_PEDIA_CONCEPTS_AGELESS_TOOLTIP]Ageless[/TIP]. Must be built adjacent to Medieval Walls, in a [TIP:LOC_PEDIA_CONCEPTS_CITIES_TOOLTIP]City[/TIP] with 7 Medieval [TIP:LOC_PEDIA_CONCEPTS_WALL_TOOLTIP]Walls[/TIP].","+4 Culture. +1 Specialist Limit in Cities with 7 Fortification Constructibles. Acts as a Fortified District. Ageless. Must be built adjacent to Medieval Walls, in a City with 7 Medieval Walls.","+1 [icon:SPECIALIST] [TIP:LOC_PEDIA_CONCEPTS_SPECIALIST_LIMIT_TOOLTIP]Specialist Limit[/TIP] in [TIP:LOC_PEDIA_CONCEPTS_CITIES_TOOLTIP]Cities[/TIP] with 7 [icon:Action_Fortify] Fortification Constructibles. Acts as a [icon:CITY_FORTIFIED] [TIP:LOC_PEDIA_CONCEPTS_FORTIFIED_DISTRICTS_TOOLTIP]Fortified District[/TIP].[N]Must be built adjacent to Medieval Walls, in a [TIP:LOC_PEDIA_CONCEPTS_CITIES_TOOLTIP]City[/TIP] with 7 Medieval [TIP:LOC_PEDIA_CONCEPTS_WALL_TOOLTIP]Walls[/TIP].","+1 Specialist Limit in Cities with 7 Fortification Constructibles. Acts as a Fortified District.Must be built adjacent to Medieval Walls, in a City with 7 Medieval Walls.",+4 CULTURE,,,,,requires:BUILDING_MEDIEVAL_WALLS,MOD_THANH_HUE_SPECIALIST_LIMIT,1,https://civilization.fandom.com/wiki/Thành_Huế_(Civ7),https://civilization.fandom.com/wiki/File:Thành_Huế_(Civ7).png,
WONDER_TOMB_OF_ASKIA,Tomb of Askia,Exploration,AGE_EXPLORATION,525,+2 [icon:YIELD_GOLD] Gold. +2 [icon:RADIAL_RESOURCES] [TIP:LOC_PEDIA_CONCEPTS_RESOURCE_CAPACITY_TOOLTIP]Resource Capacity[/TIP] in this [TIP:LOC_PEDIA_CONCEPTS_SETTLEMENT_TOOLTIP]Settlement[/TIP]. +2 [icon:YIELD_GOLD] Gold and +1 [icon:YIELD_PRODUCTION] Production in this [TIP:LOC_PEDIA_CONCEPTS_SETTLEMENT_TOOLTIP]Settlement[/TIP] for every [icon:RADIAL_RESOURCES] [TIP:LOC_PEDIA_CONCEPTS_RESOURCES_TOOLTIP]Resource[/TIP] assigned to it. [TIP:LOC_PEDIA_CONCEPTS_AGELESS_TOOLTIP]Ageless[/TIP]. Must be placed on Desert.,+2 Gold. +2 Resource Capacity in this Settlement. +2 Gold and +1 Production in this Settlement for every Resource assigned to it. Ageless. Must be placed on Desert.,+2 [icon:RADIAL_RESOURCES] [TIP:LOC_PEDIA_CONCEPTS_RESOURCE_CAPACITY_TOOLTIP]Resource Capacity[/TIP] in this [TIP:LOC_PEDIA_CONCEPTS_SETTLEMENT_TOOLTIP]Settlement[/TIP]. +2 [icon:YIELD_GOLD] Gold and +1 [icon:YIELD_PRODUCTION] Production in this [TIP:LOC_PEDIA_CONCEPTS_SETTLEMENT_TOOLTIP]Settlement[/TIP] for every [icon:RADIAL_RESOURCES] [TIP:LOC_PEDIA_CONCEPTS_RESOURCES_TOOLTIP]Resource[/TIP] assigned to it.[N]Must be placed on Desert.,+2 Resource Capacity in this Settlement. +2 Gold and +1 Production in this Settlement for every Resource assigned to it.Must be placed on Desert.,+2 GOLD,,DESERT,,,biome:DESERT,MOD_TOMB_OF_ASKIA_RESOURCE_CAP; MOD_TOMB_OF_ASKIA_RESOURCE_GOLD; MOD_TOMB_OF_ASKIA_RESOURCE_PRODUCTION,1,https://civilization.fandom.com/wiki/Tomb_of_Askia_(Civ7),https://civilization.fandom.com/wiki/File:Tomb_of_Askia_(Civ7).png,
WONDER_WAT_XIENG_THONG,Wat Xieng Thong,Exploration,AGE_EXPLORATION,525,+2[icon:YIELD_CULTURE] Culture. +200 [icon:YIELD_GOLD] Gold (Scales by Game Speed) every time you obtain a [icon:NAR_REW_GREATWORK] [TIP:LOC_PEDIA_CONCEPTS_GREAT_WORKS_TOOLTIP]Great Work[/TIP]. [TIP:LOC_PEDIA_CONCEPTS_AGELESS_TOOLTIP]Ageless[/TIP]. Must be placed adjacent to a River.,+2 Culture. +200 Gold (Scales by Game Speed) every time you obtain a Great Work. Ageless. Must be placed adjacent to a River.,+200 [icon:YIELD_GOLD] Gold (Scales by Game Speed) every time you obtain a [icon:NAR_REW_GREATWORK] [TIP:LOC_PEDIA_CONCEPTS_GREAT_WORKS_TOOLTIP]Great Work[/TIP].[N]Must be placed adjacent to a River.,+200 Gold (Scales by Game Speed) every time you obtain a Great Work.Must be placed adjacent to a River.,+2 CULTURE,,,,,adj_river,MOD_WAT_XIENG_THONG_GW_GOLD,1,https://civilization.fandom.com/wiki/Wat_Xieng_Thong_(Civ7),https://civilization.fandom.com/wiki/File:Wat_Xieng_Thong_(Civ7).png,
WONDER_WHITE_TOWER,White Tower,Exploration,AGE_EXPLORATION,750,+4 [icon:YIELD_HAPPINESS] Happiness. +4 [icon:YIELD_HAPPINESS] Happiness in this [TIP:LOC_PEDIA_CONCEPTS_SETTLEMENT_TOOLTIP]Settlement[/TIP] for every [icon:TRADITION] [TIP:LOC_PEDIA_CONCEPTS_TRADITION_TOOLTIP]Tradition[/TIP] slotted in the [icon:GOVERNMENT] Government. [TIP:LOC_PEDIA_CONCEPTS_AGELESS_TOOLTIP]Ageless[/TIP]. Must be placed adjacent to a City Hall.,+4 Happiness. +4 Happiness in this Settlement for every Tradition slotted in the Government. Ageless. Must be placed adjacent to a City Hall.,+4 [icon:YIELD_HAPPINESS] Happiness in this [TIP:LOC_PEDIA_CONCEPTS_SETTLEMENT_TOOLTIP]Settlement[/TIP] for every [icon:TRADITION] [TIP:LOC_PEDIA_CONCEPTS_TRADITION_TOOLTIP]Tradition[/TIP] slotted in the [icon:GOVERNMENT] Government.[N]Must be placed adjacent to a City Hall.,+4 Happiness in this Settlement for every Tradition slotted in the Government.Must be placed adjacent to a City Hall.,+4 HAPPINESS,,,,,,MOD_WHITE_TOWER_CIV_TRADITION_HAPPINESS,1,https://civilization.fandom.com/wiki/White_Tower_(Civ7),https://civilization.fandom.com/wiki/File:White_Tower_(Civ7).png,
WONDER_BATTERSEA_POWER_STATION,Battersea Power Station,Modern,AGE_MODERN,1500,+4[icon:YIELD_PRODUCTION] Production. Receive a second [TIP:LOC_PEDIA_CONCEPTS_NAVAL_UNITS_TOOLTIP]Naval Unit[/TIP] each time you train a [TIP:LOC_PEDIA_CONCEPTS_NAVAL_UNITS_TOOLTIP]Naval Unit[/TIP] (But not Purchase). [TIP:LOC_PEDIA_CONCEPTS_AGELESS_TOOLTIP]Ageless[/TIP]. Must be placed on land adjacent to Coast.,+4 Production. Receive a second Naval Unit each time you train a Naval Unit (But not Purchase). Ageless. Must be placed on land adjacent to Coast.,Receive a second [TIP:LOC_PEDIA_CONCEPTS_NAVAL_UNITS_TOOLTIP]Naval Unit[/TIP] each time you train a [TIP:LOC_PEDIA_CONCEPTS_NAVAL_UNITS_TOOLTIP]Naval Unit[/TIP].[N]Must be placed on land adjacent to Coast.,Receive a second Naval Unit each time you train a Naval Unit.Must be placed on land adjacent to Coast.,+4 PRODUCTION,,,,,adj_land,MOD_BATTERSEA_POWER_STATION_TRAIN_TWO_NAVAL_UNITS,1,https://civilization.fandom.com/wiki/Battersea_Power_Station_(Civ7),https://civilization.fandom.com/wiki/File:Battersea_Power_Station_(Civ7).png,
WONDER_BOUDHANATH,Boudhanath,Modern,AGE_MODERN,1500,+6 [icon:YIELD_DIPLOMACY] Influence. +20 [icon:RELATIONSHIP] Relationship with all other Leaders. [TIP:LOC_PEDIA_CONCEPTS_AGELESS_TOOLTIP]Ageless[/TIP]. Must be built in Grassland or Tropical adjacent to a Mountain.,+6 Influence. +20 Relationship with all other Leaders. Ageless. Must be built in Grassland or Tropical adjacent to a Mountain.,+20 [icon:RELATIONSHIP] Relationship with all other Leaders.[N]Must be built in Grassland or Tropical adjacent to a Mountain.,+20 Relationship with all other Leaders.Must be built in Grassland or Tropical adjacent to a Mountain.,+6 DIPLOMACY,,"GRASSLAND,TROPICAL",,,"biome:GRASSLAND,TROPICAL",MOD_BOUDHANATH_INCREASED_RELATIONSHIP,1,https://civilization.fandom.com/wiki/Boudhanath_(Civ7),https://civilization.fandom.com/wiki/File:Boudhanath_(Civ7).png,
WONDER_BRANDENBURG_GATE,Brandenburg Gate,Modern,AGE_MODERN,2100,+6 [icon:YIELD_PRODUCTION] Production. +1 [icon:WAR_SUPPORT] [TIP:LOC_PEDIA_CONCEPTS_WAR_SUPPORT_TOOLTIP]War Support[/TIP] on all [icon:WAR] Wars. +1 [icon:SETTLEMENT_LIMIT] [TIP:LOC_PEDIA_CONCEPTS_SETTLEMENT_LIMIT_TOOLTIP]Settlement Limit[/TIP]. [TIP:LOC_PEDIA_CONCEPTS_AGELESS_TOOLTIP]Ageless[/TIP]. Must be placed adjacent to a [TIP:LOC_PEDIA_CONCEPTS_DISTRICT_TOOLTIP]District[/TIP].,+6 Production. +1 War Support on all Wars. +1 Settlement Limit. Ageless. Must be placed adjacent to a District.,+1 [icon:WAR_SUPPORT] [TIP:LOC_PEDIA_CONCEPTS_WAR_SUPPORT_TOOLTIP]War Support[/TIP] on all [icon:WAR] Wars. +1 [icon:SETTLEMENT_LIMIT] [TIP:LOC_PEDIA_CONCEPTS_SETTLEMENT_LIMIT_TOOLTIP]Settlement Limit[/TIP].[n]Must be placed adjacent to a [TIP:LOC_PEDIA_CONCEPTS_DISTRICT_TOOLTIP]District[/TIP].,+1 War Support on all Wars. +1 Settlement Limit.Must be placed adjacent to a District.,+6 PRODUCTION,,,,,adj_district:DISTRICT_URBAN,MODBRANDENBURG_GATE_SETTLEMENT_CAP; MOD_BRANDENBURG_GATE_WAR_SUPPORT,1,https://civilization.fandom.com/wiki/Brandenburg_Gate_(Civ7),https://civilization.fandom.com/wiki/File:Brandenburg_Gate_(Civ7).png,
WONDER_CHENGDE_MOUNTAIN_RESORT,Chengde Mountain Resort,Modern,AGE_MODERN,2100,+6 [icon:YIELD_GOLD] Gold. +5% [icon:YIELD_CULTURE] Culture for every other Civilization with which you have a [icon:TRADE_ROUTE] [TIP:LOC_PEDIA_CONCEPTS_TRADE_ROUTE_TOOLTIP]Trade Route[/TIP]. [TIP:LOC_PEDIA_CONCEPTS_AGELESS_TOOLTIP]Ageless[/TIP]. Must be placed adjacent to a Mountain.,+6 Gold. +5% Culture for every other Civilization with which you have a Trade Route. Ageless. Must be placed adjacent to a Mountain.,+5% [icon:YIELD_CULTURE] Culture for every other Civilization with which you have a [icon:TRADE_ROUTE] [TIP:LOC_PEDIA_CONCEPTS_TRADE_ROUTE_TOOLTIP]Trade Route[/TIP].[n]Must be placed adjacent to a Mountain.,+5% Culture for every other Civilization with which you have a Trade Route.Must be placed adjacent to a Mountain.,+6 GOLD,,,,,,MOD_CHENGDE_MOUNTAIN_RESORT_CULTURE_PER_TRADE_ROUTE,1,https://civilization.fandom.com/wiki/Chengde_Mountain_Resort_(Civ7),https://civilization.fandom.com/wiki/File:Chengde_Mountain_Resort_(Civ7).png,
WONDER_DOGO_ONSEN,Dogo Onsen,Modern,AGE_MODERN,1500,+4 [icon:YIELD_HAPPINESS] Happiness. This [TIP:LOC_PEDIA_CONCEPTS_SETTLEMENT_TOOLTIP]Settlement[/TIP] gains a [icon:YIELD_POPULATION] Population every time you enter a [icon:CELEBRATION] [TIP:LOC_PEDIA_CONCEPTS_CELEBRATIONS_TOOLTIP]Celebration[/TIP]. [TIP:LOC_PEDIA_CONCEPTS_AGELESS_TOOLTIP]Ageless[/TIP]. Must be placed adjacent to Coast.,+4 Happiness. This Settlement gains a Population every time you enter a Celebration. Ageless. Must be placed adjacent to Coast.,This [TIP:LOC_PEDIA_CONCEPTS_SETTLEMENT_TOOLTIP]Settlement[/TIP] gains a [icon:YIELD_POPULATION] Population every time you enter a [icon:CELEBRATION] [TIP:LOC_PEDIA_CONCEPTS_CELEBRATIONS_TOOLTIP]Celebration[/TIP].[n]Must be placed adjacent to Coast.,This Settlement gains a Population every time you enter a Celebration.Must be placed adjacent to Coast.,+4 HAPPINESS,,,,,,MOD_DOGO_ONSEN_GOLDEN_AGE_POPULATION,1,https://civilization.fandom.com/wiki/Dogo_Onsen_(Civ7),https://civilization.fandom.com/wiki/File:Dogo_Onsen_(Civ7).png,
WONDER_DOI_SUTHEP,Doi Suthep,Modern,AGE_MODERN,1500,+4 [icon:YIELD_DIPLOMACY] Influence. +5 [icon:YIELD_CULTURE] Culture and [icon:YIELD_GOLD] Gold for every [icon:CITYSTATE] City-State you are [TIP:LOC_PEDIA_CONCEPTS_SUZERAIN_TOOLTIP]Suzerain[/TIP] of. [TIP:LOC_PEDIA_CONCEPTS_AGELESS_TOOLTIP]Ageless[/TIP]. Must be placed on [TIP:LOC_PEDIA_CONCEPTS_ROUGH_TERRAIN_TOOLTIP]Rough Terrain[/TIP].,+4 Influence. +5 Culture and Gold for every City-State you are Suzerain of. Ageless. Must be placed on Rough Terrain.,+5 [icon:YIELD_CULTURE] Culture and [icon:YIELD_GOLD] Gold for every [icon:CITYSTATE] City-State you are [TIP:LOC_PEDIA_CONCEPTS_SUZERAIN_TOOLTIP]Suzerain[/TIP] of.[n]Must be placed on [TIP:LOC_PEDIA_CONCEPTS_ROUGH_TERRAIN_TOOLTIP]Rough Terrain[/TIP].,+5 Culture and Gold for every City-State you are Suzerain of.Must be placed on Rough Terrain.,+4 DIPLOMACY,HILL,,,,terrain:HILL,MOD_DOI_SUTHEP_SUZERAIN_CULTURE; MOD_DOI_SUTHEP_SUZERAIN_GOLD,1,https://civilization.fandom.com/wiki/Doi_Suthep_(Civ7),https://civilization.fandom.com/wiki/File:Doi_Suthep_(Civ7).png,
WONDER_EIFFEL_TOWER,Eiffel Tower,Modern,AGE_MODERN,1800,+5 [icon:YIELD_CULTURE] Culture. +4 [icon:YIELD_CULTURE] Culture and +2 [icon:CULTURE_VP] Tourism on [icon:CITY_UNIQUE_QUARTER] [TIP:LOC_PEDIA_CONCEPTS_DISTRICT_TOOLTIP]Quarters[/TIP] in this [icon:YIELD_CITIES] [TIP:LOC_PEDIA_CONCEPTS_CITIES_TOOLTIP]City[/TIP]. [TIP:LOC_PEDIA_CONCEPTS_AGELESS_TOOLTIP]Ageless[/TIP]. Must be placed adjacent to a [TIP:LOC_PEDIA_CONCEPTS_DISTRICT_TOOLTIP]District[/TIP].,+5 Culture. +4 Culture and +2 Tourism on Quarters in this City. Ageless. Must be placed adjacent to a District.,+4 [icon:YIELD_CULTURE] Culture and +2 [icon:CULTURE_VP] Tourism on [icon:CITY_UNIQUE_QUARTER] [TIP:LOC_PEDIA_CONCEPTS_DISTRICT_TOOLTIP]Quarters[/TIP] in this [icon:YIELD_CITIES] [TIP:LOC_PEDIA_CONCEPTS_CITIES_TOOLTIP]City[/TIP].[n]Must be placed adjacent to a [TIP:LOC_PEDIA_CONCEPTS_DISTRICT_TOOLTIP]District[/TIP].,+4 Culture and +2 Tourism on Quarters in this City.Must be placed adjacent to a District.,+5 CULTURE,,,,,adj_district:DISTRICT_URBAN,MOD_EIFFEL_TOWER_TOURISM; MOD_EIFFEL_TOWER_URBAN_CULTURE,1,https://civilization.fandom.com/wiki/Eiffel_Tower_(Civ7),https://civilization.fandom.com/wiki/File:Eiffel_Tower_(Civ7).png,https://static0.fextralifeimages.com/file/civ7/thumb/b/b8/Eiffel_tower-wonders-civ7-wiki-guide-min.png/240px-Eiffel_tower-wonders-civ7-wiki-guide-min.png
WONDER_ERAM_GARDEN,Eram Garden,Modern,AGE_MODERN,1500,+4 [icon:YIELD_FOOD] Food. +1 [icon:SPECIALIST] [TIP:LOC_PEDIA_CONCEPTS_SPECIALIST_LIMIT_TOOLTIP]Specialist Limit[/TIP] in this [TIP:LOC_PEDIA_CONCEPTS_SETTLEMENT_TOOLTIP]Settlement[/TIP]. [TIP:LOC_PEDIA_CONCEPTS_AGELESS_TOOLTIP]Ageless[/TIP]. Must be built in Desert Terrain.,+4 Food. +1 Specialist Limit in this Settlement. Ageless. Must be built in Desert Terrain.,+1 [icon:SPECIALIST] [TIP:LOC_PEDIA_CONCEPTS_SPECIALIST_LIMIT_TOOLTIP]Specialist Limit[/TIP] in this [TIP:LOC_PEDIA_CONCEPTS_SETTLEMENT_TOOLTIP]Settlement[/TIP].[N]Must be built in Desert Terrain.,+1 Specialist Limit in this Settlement.Must be built in Desert Terrain.,+4 FOOD,,DESERT,,,biome:DESERT,MOD_ERAM_GARDEN_WORKER_CAP,1,https://civilization.fandom.com/wiki/Eram_Garden_(Civ7),https://civilization.fandom.com/wiki/File:Eram_Garden_(Civ7).png,
WONDER_HERMITAGE,Hermitage,Modern,AGE_MODERN,1500,+4 [icon:YIELD_CULTURE] Culture. +5 [icon:YIELD_CULTURE] Culture in [TIP:LOC_PEDIA_CONCEPTS_SETTLEMENT_TOOLTIP]Settlements[/TIP] that have a [icon:NAR_REW_GREATWORK] [TIP:LOC_PEDIA_CONCEPTS_GREAT_WORKS_TOOLTIP]Great Work[/TIP] on display. Has 3 [TIP:LOC_PEDIA_CONCEPTS_GREAT_WORKS_TOOLTIP]Great Work[/TIP] slots. [TIP:LOC_PEDIA_CONCEPTS_AGELESS_TOOLTIP]Ageless[/TIP]. Must be placed on Tundra.,+4 Culture. +5 Culture in Settlements that have a Great Work on display. Has 3 Great Work slots. Ageless. Must be placed on Tundra.,+5 [icon:YIELD_CULTURE] Culture in [TIP:LOC_PEDIA_CONCEPTS_SETTLEMENT_TOOLTIP]Settlements[/TIP] that have a [icon:NAR_REW_GREATWORK] [TIP:LOC_PEDIA_CONCEPTS_GREAT_WORKS_TOOLTIP]Great Work[/TIP] on display. Has 3 [TIP:LOC_PEDIA_CONCEPTS_GREAT_WORKS_TOOLTIP]Great Work[/TIP] slots.[n]Must be placed on Tundra.,+5 Culture in Settlements that have a Great Work on display. Has 3 Great Work slots.Must be placed on Tundra.,+4 CULTURE,,TUNDRA,,,biome:TUNDRA,MOD_HERMITAGE_GREAT_WORK_CULTURE,1,https://civilization.fandom.com/wiki/Hermitage_(Civ7),https://civilization.fandom.com/wiki/File:Hermitage_(Civ7).png,
WONDER_MANHATTAN_PROJECT,Manhattan Project,Modern,AGE_MODERN,1800,"+5[icon:YIELD_SCIENCE] Science. Grants player a Nuclear Weapon, and allows you to build additional Nuclear Weapons via a [icon:DEFAULT_PROJECT] [TIP:LOC_PEDIA_CONCEPTS_PROJECTS_TOOLTIP]Project[/TIP]. Unlocks the [icon:DEFAULT_PROJECT] Project Operation Ivy and Produce Nuclear Weapon [TIP:LOC_PEDIA_CONCEPTS_PROJECTS_TOOLTIP]Projects[/TIP]. +3 [icon:SCIENCE_VP] Innovation. This [icon:WONDER] [TIP:LOC_PEDIA_CONCEPTS_WONDERS_TOOLTIP]Wonder[/TIP] can be built by multiple Civilizations. [TIP:LOC_PEDIA_CONCEPTS_AGELESS_TOOLTIP]Ageless[/TIP].","+5 Science. Grants player a Nuclear Weapon, and allows you to build additional Nuclear Weapons via a Project. Unlocks the Project Operation Ivy and Produce Nuclear Weapon Projects. +3 Innovation. This Wonder can be built by multiple Civilizations. Ageless.","Grants player a Nuclear Weapon, and allows you to build additional Nuclear Weapons via a [icon:DEFAULT_PROJECT] [TIP:LOC_PEDIA_CONCEPTS_PROJECTS_TOOLTIP]Project[/TIP]. Unlocks the [icon:DEFAULT_PROJECT] Project Operation Ivy and Produce Nuclear Weapon [TIP:LOC_PEDIA_CONCEPTS_PROJECTS_TOOLTIP]Projects[/TIP]. +3 [icon:SCIENCE_VP] Innovation.[n]This [icon:WONDER] [TIP:LOC_PEDIA_CONCEPTS_WONDERS_TOOLTIP]Wonder[/TIP] can be built by multiple Civilizations.","Grants player a Nuclear Weapon, and allows you to build additional Nuclear Weapons via a Project. Unlocks the Project Operation Ivy and Produce Nuclear Weapon Projects. +3 Innovation.This Wonder can be built by multiple Civilizations.",+5 SCIENCE,,,,,,MOD_MANHATTAN_PROJECT_GRANT_NUCLEAR_DEVICE; MOD_MANHATTAN_PROJECT_SCIENCE_VP,-1,https://civilization.fandom.com/wiki/Manhattan_Project_(Civ7),https://civilization.fandom.com/wiki/File:Manhattan_Project_(Civ7).png,
WONDER_MUZIBU_AZAALA_MPANGA,Muzibu Azaala Mpanga,Modern,AGE_MODERN,1500,+4 [icon:YIELD_FOOD] Food. +4 [icon:YIELD_CULTURE] Culture and [icon:YIELD_FOOD] Food on [icon:CITY_RURAL] [TIP:LOC_PEDIA_CONCEPTS_IMPROVEMENT_TOOLTIP]Improvements[/TIP] and [icon:CITY_URBAN] [TIP:LOC_PEDIA_CONCEPTS_DISTRICT_TOOLTIP]Districts[/TIP] on Lake tiles. [TIP:LOC_PEDIA_CONCEPTS_AGELESS_TOOLTIP]Ageless[/TIP]. Must be placed adjacent to a Lake. +1 [icon:YIELD_POPULATION] Population in [TIP:LOC_PEDIA_CONCEPTS_SETTLEMENT_TOOLTIP]Settlements[/TIP] adjacent to Lakes.,+4 Food. +4 Culture and Food on Improvements and Districts on Lake tiles. Ageless. Must be placed adjacent to a Lake. +1 Population in Settlements adjacent to Lakes.,+4 [icon:YIELD_CULTURE] Culture and [icon:YIELD_FOOD] Food on [icon:CITY_RURAL] [TIP:LOC_PEDIA_CONCEPTS_IMPROVEMENT_TOOLTIP]Improvements[/TIP] and [icon:CITY_URBAN] [TIP:LOC_PEDIA_CONCEPTS_DISTRICT_TOOLTIP]Districts[/TIP] on Lake tiles. +1 [icon:YIELD_POPULATION] Population in [TIP:LOC_PEDIA_CONCEPTS_SETTLEMENT_TOOLTIP]Settlements[/TIP] adjacent to Lakes.[n]Must be placed adjacent to a Lake.,+4 Culture and Food on Improvements and Districts on Lake tiles. +1 Population in Settlements adjacent to Lakes.Must be placed adjacent to a Lake.,+4 FOOD,,,,,,MOD_MUZIBU_AZAALA_MPANGA_DISTRICT_LAKE_CULTURE; MOD_MUZIBU_AZAALA_MPANGA_DISTRICT_LAKE_FOOD; MOD_MUZIBU_AZAALA_MPANGA_KABAKAS_LAKE_CULTURE; MOD_MUZIBU_AZAALA_MPANGA_KABAKAS_LAKE_FOOD; MOD_MUZIBU_AZAALA_MPANGA_LAKE_CULTURE; MOD_MUZIBU_AZAALA_MPANGA_LAKE_FOOD; MOD_MUZIBU_AZAALA_MPANGA_LAKE_SETTLEMENT_POPULATION,1,https://civilization.fandom.com/wiki/Muzibu_Azaala_Mpanga_(Civ7),https://civilization.fandom.com/wiki/File:Muzibu_Azaala_Mpanga_(Civ7).png,
WONDER_OXFORD_UNIVERSITY,Oxford University,Modern,AGE_MODERN,1500,+4 [icon:YIELD_SCIENCE] Science. Grants 2 [icon:RADIAL_TECH] free [TIP:LOC_PEDIA_CONCEPTS_TECH_TOOLTIP]Technologies[/TIP]. +1 [icon:ATTRIBUTE_WILDCARD] Wildcard [TIP:LOC_PEDIA_CONCEPTS_ATTRIBUTE_TOOLTIP]Attribute[/TIP] Point. +3 [icon:SCIENCE_VP] Innovation. [TIP:LOC_PEDIA_CONCEPTS_AGELESS_TOOLTIP]Ageless[/TIP]. Must be placed adjacent to a [TIP:LOC_PEDIA_CONCEPTS_DISTRICT_TOOLTIP]District[/TIP].,+4 Science. Grants 2 free Technologies. +1 Wildcard Attribute Point. +3 Innovation. Ageless. Must be placed adjacent to a District.,Grants 2 [icon:RADIAL_TECH] free [TIP:LOC_PEDIA_CONCEPTS_TECH_TOOLTIP]Technologies[/TIP]. +1 [icon:ATTRIBUTE_WILDCARD] Wildcard [TIP:LOC_PEDIA_CONCEPTS_ATTRIBUTE_TOOLTIP]Attribute[/TIP] point. +3 [icon:SCIENCE_VP] Innovation. [n]Must be placed adjacent to a [TIP:LOC_PEDIA_CONCEPTS_DISTRICT_TOOLTIP]District[/TIP].,Grants 2 free Technologies. +1 Wildcard Attribute point. +3 Innovation. Must be placed adjacent to a District.,+4 SCIENCE,,,,,adj_district:DISTRICT_URBAN,MOD_OXFORD_FREE_TECHS; MOD_OXFORD_SCIENCE_VP; MOD_OXFORD_WILDCARD_ATTRIBUTE,1,https://civilization.fandom.com/wiki/Oxford_University_(Civ7),https://civilization.fandom.com/wiki/File:Oxford_University_(Civ7).png,
WONDER_PALACIO_DE_BELLAS_ARTES,Palacio de Bellas Artes,Modern,AGE_MODERN,1800,+5 [icon:YIELD_CULTURE] Culture. Gain 1 [icon:NAR_REW_GREATWORK] [TIP:LOC_PEDIA_CONCEPTS_ARTIFACT_TOOLTIP]Artifact[/TIP]. Has 3 [TIP:LOC_PEDIA_CONCEPTS_GREAT_WORKS_TOOLTIP]Great Work[/TIP] slots. +3 [icon:YIELD_HAPPINESS] Happiness on [TIP:LOC_PEDIA_CONCEPTS_GREAT_WORKS_TOOLTIP]Great Works[/TIP]. [TIP:LOC_PEDIA_CONCEPTS_AGELESS_TOOLTIP]Ageless[/TIP]. Must be placed adjacent to a [TIP:LOC_PEDIA_CONCEPTS_DISTRICT_TOOLTIP]District[/TIP].,+5 Culture. Gain 1 Artifact. Has 3 Great Work slots. +3 Happiness on Great Works. Ageless. Must be placed adjacent to a District.,Gain 1 [icon:NAR_REW_GREATWORK] [TIP:LOC_PEDIA_CONCEPTS_ARTIFACT_TOOLTIP]Artifact[/TIP]. Has 3 [TIP:LOC_PEDIA_CONCEPTS_GREAT_WORKS_TOOLTIP]Great Work[/TIP] slots. +3 [icon:YIELD_HAPPINESS] Happiness on [TIP:LOC_PEDIA_CONCEPTS_GREAT_WORKS_TOOLTIP]Great Works[/TIP].[n]Must be placed adjacent to a [TIP:LOC_PEDIA_CONCEPTS_DISTRICT_TOOLTIP]District[/TIP].,Gain 1 Artifact. Has 3 Great Work slots. +3 Happiness on Great Works.Must be placed adjacent to a District.,+5 CULTURE,,,,,adj_district:DISTRICT_URBAN,MOD_PALACIO_DE_BELLAS_ARTES_FREE_ARTIFACT; MOD_PALACIO_DE_BELLAS_ARTES_GREAT_WORK_HAPPINESS,1,https://civilization.fandom.com/wiki/Palacio_de_Bellas_Artes_(Civ7),https://civilization.fandom.com/wiki/File:Palacio_de_Bellas_Artes_(Civ7).png,
WONDER_RED_FORT,Red Fort,Modern,AGE_MODERN,1500,+4 [icon:YIELD_GOLD] Gold and [icon:YIELD_PRODUCTION] Production. Acts as a [icon:CITY_FORTIFIED] [TIP:LOC_PEDIA_CONCEPTS_FORTIFIED_DISTRICTS_TOOLTIP]Fortified District[/TIP] that must be conquered. +50 [icon:Action_Heal] HP to this [icon:CITY_FORTIFIED] [TIP:LOC_PEDIA_CONCEPTS_FORTIFIED_DISTRICTS_TOOLTIP]Fortified District[/TIP] and all [TIP:LOC_PEDIA_CONCEPTS_CITIES_TOOLTIP]City[/TIP] Centers. [TIP:LOC_PEDIA_CONCEPTS_AGELESS_TOOLTIP]Ageless[/TIP]. Must be adjacent to a [TIP:LOC_PEDIA_CONCEPTS_DISTRICT_TOOLTIP]District[/TIP].,+4 Gold and Production. Acts as a Fortified District that must be conquered. +50 HP to this Fortified District and all City Centers. Ageless. Must be adjacent to a District.,Acts as a [icon:CITY_FORTIFIED] [TIP:LOC_PEDIA_CONCEPTS_FORTIFIED_DISTRICTS_TOOLTIP]Fortified District[/TIP] that must be conquered. +50 [icon:Action_Heal] HP to this [icon:CITY_FORTIFIED] [TIP:LOC_PEDIA_CONCEPTS_FORTIFIED_DISTRICTS_TOOLTIP]Fortified District[/TIP] and all [TIP:LOC_PEDIA_CONCEPTS_CITIES_TOOLTIP]City[/TIP] Centers.[n]Must be adjacent to a [TIP:LOC_PEDIA_CONCEPTS_DISTRICT_TOOLTIP]District[/TIP].,Acts as a Fortified District that must be conquered. +50 HP to this Fortified District and all City Centers.Must be adjacent to a District.,+4 GOLD; +4 PRODUCTION,,,,,adj_district:DISTRICT_URBAN,MOD_RED_FORT_CAPITAL_CITYCENTER_HEALTH; MOD_RED_FORT_CITYCENTER_HEALTH; MOD_RED_FORT_WONDER_HEALTH,1,https://civilization.fandom.com/wiki/Red_Fort_(Civ7),https://civilization.fandom.com/wiki/File:Red_Fort_(Civ7).png,
WONDER_STATUE_OF_LIBERTY,Statue of Liberty,Modern,AGE_MODERN,2100,+6 [icon:YIELD_HAPPINESS] Happiness. Spawns 4 [icon:UNIT_MIGRANT] Migrants. [TIP:LOC_PEDIA_CONCEPTS_AGELESS_TOOLTIP]Ageless[/TIP]. Must be placed on Coast adjacent to land.,+6 Happiness. Spawns 4 Migrants. Ageless. Must be placed on Coast adjacent to land.,Spawns 4 [icon:UNIT_MIGRANT] Migrants.[n]Must be placed on Coast adjacent to land.,Spawns 4 Migrants.Must be placed on Coast adjacent to land.,+6 HAPPINESS,COAST,,,,terrain:COAST,MOD_STATUE_OF_LIBERTY_MIGRANTS; MOD_STATUE_OF_LIBERTY_MIGRANT_FOOD,1,https://civilization.fandom.com/wiki/Statue_of_Liberty_(Civ7),https://civilization.fandom.com/wiki/File:Statue_of_Liberty_(Civ7).png,
WONDER_SULTANAHMET_CAMII,Sultanahmet Camii,Modern,AGE_MODERN,1000,+4 [icon:YIELD_HAPPINESS] Happiness. +2 [icon:YIELD_CULTURE] Culture and [icon:YIELD_GOLD] Gold on [icon:WONDER] [TIP:LOC_PEDIA_CONCEPTS_WONDERS_TOOLTIP]Wonders[/TIP] in this [TIP:LOC_PEDIA_CONCEPTS_SETTLEMENT_TOOLTIP]Settlement[/TIP]. This is doubled for Exploration [TIP:LOC_PEDIA_CONCEPTS_WONDERS_TOOLTIP]Wonders[/TIP] and tripled for Antiquity [TIP:LOC_PEDIA_CONCEPTS_WONDERS_TOOLTIP]Wonders[/TIP]. [TIP:LOC_PEDIA_CONCEPTS_AGELESS_TOOLTIP]Ageless[/TIP]. Must be built adjacent to another [TIP:LOC_PEDIA_CONCEPTS_WONDERS_TOOLTIP]Wonder[/TIP].,+4 Happiness. +2 Culture and Gold on Wonders in this Settlement. This is doubled for Exploration Wonders and tripled for Antiquity Wonders. Ageless. Must be built adjacent to another Wonder.,+2 [icon:YIELD_CULTURE] Culture and [icon:YIELD_GOLD] Gold on [icon:WONDER] [TIP:LOC_PEDIA_CONCEPTS_WONDERS_TOOLTIP]Wonders[/TIP] in this [TIP:LOC_PEDIA_CONCEPTS_SETTLEMENT_TOOLTIP]Settlement[/TIP]. This is doubled for Exploration [TIP:LOC_PEDIA_CONCEPTS_WONDERS_TOOLTIP]Wonders[/TIP] and tripled for Antiquity [TIP:LOC_PEDIA_CONCEPTS_WONDERS_TOOLTIP]Wonders[/TIP].[n]Must be built adjacent to another [TIP:LOC_PEDIA_CONCEPTS_WONDERS_TOOLTIP]Wonder[/TIP].,+2 Culture and Gold on Wonders in this Settlement. This is doubled for Exploration Wonders and tripled for Antiquity Wonders.Must be built adjacent to another Wonder.,+4 HAPPINESS,,,,,adj_district:DISTRICT_WONDER,MOD_ALL_WONDERS_YIELDS; MOD_ANTIQUITY_WONDER_YIELDS; MOD_EXPLORATION_WONDER_YIELDS,1,https://civilization.fandom.com/wiki/Sultanahmet_Mosque_(Civ7),https://civilization.fandom.com/wiki/File:Sultanahmet_Mosque_(Civ7).png,
WONDER_TAJ_MAHAL,Taj Mahal,Modern,AGE_MODERN,1800,+5 [icon:YIELD_GOLD] Gold. +50% [icon:CELEBRATION] [TIP:LOC_PEDIA_CONCEPTS_CELEBRATIONS_TOOLTIP]Celebration[/TIP] duration. +1 [icon:ATTRIBUTE_WILDCARD] Wildcard [TIP:LOC_PEDIA_CONCEPTS_ATTRIBUTE_TOOLTIP]Attribute[/TIP] Point. [TIP:LOC_PEDIA_CONCEPTS_AGELESS_TOOLTIP]Ageless[/TIP]. Must be placed on Plains.,+5 Gold. +50% Celebration duration. +1 Wildcard Attribute Point. Ageless. Must be placed on Plains.,+50% [icon:CELEBRATION] [TIP:LOC_PEDIA_CONCEPTS_CELEBRATIONS_TOOLTIP]Celebration[/TIP] duration. +1 [icon:ATTRIBUTE_WILDCARD] Wildcard [TIP:LOC_PEDIA_CONCEPTS_ATTRIBUTE_TOOLTIP]Attribute[/TIP] Point.[n]Must be placed on Plains.,+50% Celebration duration. +1 Wildcard Attribute Point.Must be placed on Plains.,+5 GOLD,,PLAINS,,,biome:PLAINS,MOD_TAJ_MAHAL_GOLDEN_AGE; MOD_TAJ_MAHAL_WILDCARD_ATTRIBUTE,1,https://civilization.fandom.com/wiki/Taj_Mahal_(Civ7),https://civilization.fandom.com/wiki/File:Taj_Mahal_(Civ7).png,
WONDER_UBUDIAH_MOSQUE,Ubudiah Mosque,Modern,AGE_MODERN,1500,+4[icon:YIELD_HAPPINESS] Happiness. +50% Yield on [icon:CITY_RURAL] [TIP:LOC_PEDIA_CONCEPTS_IMPROVEMENT_TOOLTIP]Improvements[/TIP] in this [TIP:LOC_PEDIA_CONCEPTS_SETTLEMENT_TOOLTIP]Settlement[/TIP]. [TIP:LOC_PEDIA_CONCEPTS_AGELESS_TOOLTIP]Ageless[/TIP]. Must be placed on Wet Terrain.,+4 Happiness. +50% Yield on Improvements in this Settlement. Ageless. Must be placed on Wet Terrain.,+50% Yield on [icon:CITY_RURAL] [TIP:LOC_PEDIA_CONCEPTS_IMPROVEMENT_TOOLTIP]Improvements[/TIP] in this [TIP:LOC_PEDIA_CONCEPTS_SETTLEMENT_TOOLTIP]Settlement[/TIP].[N]Must be placed on Wet Terrain.,+50% Yield on Improvements in this Settlement.Must be placed on Wet Terrain.,+4 HAPPINESS,,,,,,MOD_UBUDIAH_MOSQUE_DOUBLE_RURAL,1,https://civilization.fandom.com/wiki/Ubudiah_Mosque_(Civ7),https://civilization.fandom.com/wiki/File:Ubudiah_Mosque_(Civ7).png,
WONDER_WORLDS_FAIR,World's Fair,Modern,AGE_MODERN,2100,+2 [icon:CULTURE_VP] Tourism on all [icon:WONDER] Wonders.,+2 Tourism on all Wonders.,+2 [icon:CULTURE_VP] Tourism on all [icon:WONDER] Wonders.,+2 Tourism on all Wonders.,+6 CULTURE; +6 DIPLOMACY; +6 HAPPINESS; +6 SCIENCE,,,,,,MOD_WORLDS_FAIR_TOURISM,1,https://civilization.fandom.com/wiki/World's_Fair_(Civ7),https://civilization.fandom.com/wiki/File:World's_Fair_(Civ7).png,
