leader_type,leader_name,syncretism_civ_type,syncretism_civ_name
LEADER_ADA_LOVELACE,Ada Lovelace,CIVILIZATION_ABBASID,Abbasid
LEADER_ADA_LOVELACE,Ada Lovelace,CIVILIZATION_GREAT_BRITAIN,Great Britain
LEADER_ADA_LOVELACE,Ada Lovelace,CIVILIZATION_GREECE,Greece
LEADER_ADA_LOVELACE,Ada Lovelace,CIVILIZATION_NORMAN,Norman
LEADER_ADA_LOVELACE,Ada Lovelace,CIVILIZATION_ROME,Rome
LEADER_ADA_LOVELACE,Ada Lovelace,CIVILIZATION_RUSSIA,Russia
LEADER_ALEXANDER,Alexander,CIVILIZATION_ABBASID,Abbasid
LEADER_ALEXANDER,Alexander,CIVILIZATION_FRENCH_EMPIRE,French Empire
LEADER_ALEXANDER,Alexander,CIVILIZATION_GREECE,Greece
LEADER_ALEXANDER,Alexander,CIVILIZATION_MONGOLIA,Mongolia
LEADER_ALEXANDER,Alexander,CIVILIZATION_OTTOMANS,Ottomans
LEADER_ALEXANDER,Alexander,CIVILIZATION_PERSIA,Achaemenid Persia
LEADER_AMINA,Amina,CIVILIZATION_ABBASID,Abbasid
LEADER_AMINA,Amina,CIVILIZATION_AKSUM,Aksum
LEADER_AMINA,Amina,CIVILIZATION_BUGANDA,Buganda
LEADER_AMINA,Amina,CIVILIZATION_EGYPT,Egypt
LEADER_AMINA,Amina,CIVILIZATION_MEXICO,Mexico
LEADER_AMINA,Amina,CIVILIZATION_PIRATE_REPUBLIC,Republic of Pirates
LEADER_AMINA,Amina,CIVILIZATION_SONGHAI,Songhai
LEADER_ASHOKA,"Ashoka, World Renouncer",CIVILIZATION_CHOLA,Chola
LEADER_ASHOKA,"Ashoka, World Renouncer",CIVILIZATION_HAWAII,Hawai'i
LEADER_ASHOKA,"Ashoka, World Renouncer",CIVILIZATION_KHMER,Khmer
LEADER_ASHOKA,"Ashoka, World Renouncer",CIVILIZATION_MAURYA,Maurya
LEADER_ASHOKA,"Ashoka, World Renouncer",CIVILIZATION_MUGHAL,Mughal
LEADER_ASHOKA,"Ashoka, World Renouncer",CIVILIZATION_NEPAL,Nepal
LEADER_ASHOKA,"Ashoka, World Renouncer",CIVILIZATION_SIAM,Siam
LEADER_ASHOKA_ALT,"Ashoka, World Conqueror",CIVILIZATION_CHOLA,Chola
LEADER_ASHOKA_ALT,"Ashoka, World Conqueror",CIVILIZATION_HAWAII,Hawai'i
LEADER_ASHOKA_ALT,"Ashoka, World Conqueror",CIVILIZATION_KHMER,Khmer
LEADER_ASHOKA_ALT,"Ashoka, World Conqueror",CIVILIZATION_MAURYA,Maurya
LEADER_ASHOKA_ALT,"Ashoka, World Conqueror",CIVILIZATION_MUGHAL,Mughal
LEADER_ASHOKA_ALT,"Ashoka, World Conqueror",CIVILIZATION_NEPAL,Nepal
LEADER_ASHOKA_ALT,"Ashoka, World Conqueror",CIVILIZATION_SIAM,Siam
LEADER_AUGUSTUS,Augustus,CIVILIZATION_ABBASID,Abbasid
LEADER_AUGUSTUS,Augustus,CIVILIZATION_BULGARIA,Bulgaria
LEADER_AUGUSTUS,Augustus,CIVILIZATION_CARTHAGE,Carthage
LEADER_AUGUSTUS,Augustus,CIVILIZATION_EGYPT,Egypt
LEADER_AUGUSTUS,Augustus,CIVILIZATION_FRENCH_EMPIRE,French Empire
LEADER_AUGUSTUS,Augustus,CIVILIZATION_PRUSSIA,Prussia
LEADER_AUGUSTUS,Augustus,CIVILIZATION_ROME,Rome
LEADER_AUGUSTUS,Augustus,CIVILIZATION_SPAIN,Spain
LEADER_BENJAMIN_FRANKLIN,Benjamin Franklin,CIVILIZATION_AMERICA,America
LEADER_BENJAMIN_FRANKLIN,Benjamin Franklin,CIVILIZATION_FRENCH_EMPIRE,French Empire
LEADER_BENJAMIN_FRANKLIN,Benjamin Franklin,CIVILIZATION_GREAT_BRITAIN,Great Britain
LEADER_BENJAMIN_FRANKLIN,Benjamin Franklin,CIVILIZATION_GREECE,Greece
LEADER_BENJAMIN_FRANKLIN,Benjamin Franklin,CIVILIZATION_NORMAN,Norman
LEADER_BENJAMIN_FRANKLIN,Benjamin Franklin,CIVILIZATION_ROME,Rome
LEADER_BENJAMIN_FRANKLIN,Benjamin Franklin,CIVILIZATION_SPAIN,Spain
LEADER_BOLIVAR,Simón Bolívar,CIVILIZATION_FRENCH_EMPIRE,French Empire
LEADER_BOLIVAR,Simón Bolívar,CIVILIZATION_INCA,Inca
LEADER_BOLIVAR,Simón Bolívar,CIVILIZATION_MAYA,Maya
LEADER_BOLIVAR,Simón Bolívar,CIVILIZATION_MEXICO,Mexico
LEADER_BOLIVAR,Simón Bolívar,CIVILIZATION_ROME,Rome
LEADER_BOLIVAR,Simón Bolívar,CIVILIZATION_SPAIN,Spain
LEADER_CATHERINE,Catherine the Great,CIVILIZATION_BULGARIA,Bulgaria
LEADER_CATHERINE,Catherine the Great,CIVILIZATION_GREECE,Greece
LEADER_CATHERINE,Catherine the Great,CIVILIZATION_MONGOLIA,Mongolia
LEADER_CATHERINE,Catherine the Great,CIVILIZATION_NORMAN,Norman
LEADER_CATHERINE,Catherine the Great,CIVILIZATION_PRUSSIA,Prussia
LEADER_CATHERINE,Catherine the Great,CIVILIZATION_ROME,Rome
LEADER_CATHERINE,Catherine the Great,CIVILIZATION_RUSSIA,Russia
LEADER_CHARLEMAGNE,Charlemagne,CIVILIZATION_BULGARIA,Bulgaria
LEADER_CHARLEMAGNE,Charlemagne,CIVILIZATION_FRENCH_EMPIRE,French Empire
LEADER_CHARLEMAGNE,Charlemagne,CIVILIZATION_GREECE,Greece
LEADER_CHARLEMAGNE,Charlemagne,CIVILIZATION_NORMAN,Norman
LEADER_CHARLEMAGNE,Charlemagne,CIVILIZATION_PRUSSIA,Prussia
LEADER_CHARLEMAGNE,Charlemagne,CIVILIZATION_ROME,Rome
LEADER_CHARLEMAGNE,Charlemagne,CIVILIZATION_SPAIN,Spain
LEADER_CONFUCIUS,Confucius,CIVILIZATION_HAN,Han
LEADER_CONFUCIUS,Confucius,CIVILIZATION_MING,Ming
LEADER_CONFUCIUS,Confucius,CIVILIZATION_MONGOLIA,Mongolia
LEADER_CONFUCIUS,Confucius,CIVILIZATION_QING,Qing
LEADER_EDWARD_TEACH,Edward Teach,CIVILIZATION_AKSUM,Aksum
LEADER_EDWARD_TEACH,Edward Teach,CIVILIZATION_CARTHAGE,Carthage
LEADER_EDWARD_TEACH,Edward Teach,CIVILIZATION_FRENCH_EMPIRE,French Empire
LEADER_EDWARD_TEACH,Edward Teach,CIVILIZATION_GREAT_BRITAIN,Great Britain
LEADER_EDWARD_TEACH,Edward Teach,CIVILIZATION_ICELAND,Iceland
LEADER_EDWARD_TEACH,Edward Teach,CIVILIZATION_PIRATE_REPUBLIC,Republic of Pirates
LEADER_EDWARD_TEACH,Edward Teach,CIVILIZATION_SPAIN,Spain
LEADER_FRIEDRICH,"Friedrich, Oblique",CIVILIZATION_EGYPT,Egypt
LEADER_FRIEDRICH,"Friedrich, Oblique",CIVILIZATION_FRENCH_EMPIRE,French Empire
LEADER_FRIEDRICH,"Friedrich, Oblique",CIVILIZATION_NORMAN,Norman
LEADER_FRIEDRICH,"Friedrich, Oblique",CIVILIZATION_PRUSSIA,Prussia
LEADER_FRIEDRICH,"Friedrich, Oblique",CIVILIZATION_ROME,Rome
LEADER_FRIEDRICH,"Friedrich, Oblique",CIVILIZATION_SPAIN,Spain
LEADER_FRIEDRICH_ALT,"Friedrich, Baroque",CIVILIZATION_EGYPT,Egypt
LEADER_FRIEDRICH_ALT,"Friedrich, Baroque",CIVILIZATION_FRENCH_EMPIRE,French Empire
LEADER_FRIEDRICH_ALT,"Friedrich, Baroque",CIVILIZATION_NORMAN,Norman
LEADER_FRIEDRICH_ALT,"Friedrich, Baroque",CIVILIZATION_PRUSSIA,Prussia
LEADER_FRIEDRICH_ALT,"Friedrich, Baroque",CIVILIZATION_ROME,Rome
LEADER_FRIEDRICH_ALT,"Friedrich, Baroque",CIVILIZATION_SPAIN,Spain
LEADER_GENGHIS_KHAN,Genghis Khan,CIVILIZATION_ASSYRIA,Assyria
LEADER_GENGHIS_KHAN,Genghis Khan,CIVILIZATION_BULGARIA,Bulgaria
LEADER_GENGHIS_KHAN,Genghis Khan,CIVILIZATION_MONGOLIA,Mongolia
LEADER_GENGHIS_KHAN,Genghis Khan,CIVILIZATION_MUGHAL,Mughal
LEADER_GENGHIS_KHAN,Genghis Khan,CIVILIZATION_PERSIA,Achaemenid Persia
LEADER_GENGHIS_KHAN,Genghis Khan,CIVILIZATION_PRUSSIA,Prussia
LEADER_GILGAMESH,Gilgamesh,CIVILIZATION_ABBASID,Abbasid
LEADER_GILGAMESH,Gilgamesh,CIVILIZATION_ASSYRIA,Assyria
LEADER_GILGAMESH,Gilgamesh,CIVILIZATION_CHOLA,Chola
LEADER_GILGAMESH,Gilgamesh,CIVILIZATION_FRENCH_EMPIRE,French Empire
LEADER_GILGAMESH,Gilgamesh,CIVILIZATION_NORMAN,Norman
LEADER_GILGAMESH,Gilgamesh,CIVILIZATION_OTTOMANS,Ottomans
LEADER_GILGAMESH,Gilgamesh,CIVILIZATION_PERSIA,Achaemenid Persia
LEADER_HARRIET_TUBMAN,Harriet Tubman,CIVILIZATION_AKSUM,Aksum
LEADER_HARRIET_TUBMAN,Harriet Tubman,CIVILIZATION_AMERICA,America
LEADER_HARRIET_TUBMAN,Harriet Tubman,CIVILIZATION_BUGANDA,Buganda
LEADER_HARRIET_TUBMAN,Harriet Tubman,CIVILIZATION_EGYPT,Egypt
LEADER_HARRIET_TUBMAN,Harriet Tubman,CIVILIZATION_INCA,Inca
LEADER_HARRIET_TUBMAN,Harriet Tubman,CIVILIZATION_SONGHAI,Songhai
LEADER_HATSHEPSUT,Hatshepsut,CIVILIZATION_ABBASID,Abbasid
LEADER_HATSHEPSUT,Hatshepsut,CIVILIZATION_AKSUM,Aksum
LEADER_HATSHEPSUT,Hatshepsut,CIVILIZATION_BUGANDA,Buganda
LEADER_HATSHEPSUT,Hatshepsut,CIVILIZATION_CARTHAGE,Carthage
LEADER_HATSHEPSUT,Hatshepsut,CIVILIZATION_EGYPT,Egypt
LEADER_HATSHEPSUT,Hatshepsut,CIVILIZATION_MUGHAL,Mughal
LEADER_HATSHEPSUT,Hatshepsut,CIVILIZATION_SONGHAI,Songhai
LEADER_HIMIKO,"Himiko, Queen of Wa",CIVILIZATION_HAWAII,Hawai'i
LEADER_HIMIKO,"Himiko, Queen of Wa",CIVILIZATION_KHMER,Khmer
LEADER_HIMIKO,"Himiko, Queen of Wa",CIVILIZATION_MAJAPAHIT,Majapahit
LEADER_HIMIKO,"Himiko, Queen of Wa",CIVILIZATION_MEIJI,Meiji Japan
LEADER_HIMIKO,"Himiko, Queen of Wa",CIVILIZATION_MISSISSIPPIAN,Mississippian
LEADER_HIMIKO,"Himiko, Queen of Wa",CIVILIZATION_SIAM,Siam
LEADER_HIMIKO,"Himiko, Queen of Wa",CIVILIZATION_TONGA,Tonga
LEADER_HIMIKO_ALT,"Himiko, High Shaman",CIVILIZATION_HAWAII,Hawai'i
LEADER_HIMIKO_ALT,"Himiko, High Shaman",CIVILIZATION_KHMER,Khmer
LEADER_HIMIKO_ALT,"Himiko, High Shaman",CIVILIZATION_MAJAPAHIT,Majapahit
LEADER_HIMIKO_ALT,"Himiko, High Shaman",CIVILIZATION_MEIJI,Meiji Japan
LEADER_HIMIKO_ALT,"Himiko, High Shaman",CIVILIZATION_MISSISSIPPIAN,Mississippian
LEADER_HIMIKO_ALT,"Himiko, High Shaman",CIVILIZATION_SIAM,Siam
LEADER_HIMIKO_ALT,"Himiko, High Shaman",CIVILIZATION_TONGA,Tonga
LEADER_IBN_BATTUTA,Ibn Battuta,CIVILIZATION_ABBASID,Abbasid
LEADER_IBN_BATTUTA,Ibn Battuta,CIVILIZATION_AKSUM,Aksum
LEADER_IBN_BATTUTA,Ibn Battuta,CIVILIZATION_BUGANDA,Buganda
LEADER_IBN_BATTUTA,Ibn Battuta,CIVILIZATION_CARTHAGE,Carthage
LEADER_IBN_BATTUTA,Ibn Battuta,CIVILIZATION_MUGHAL,Mughal
LEADER_IBN_BATTUTA,Ibn Battuta,CIVILIZATION_OTTOMANS,Ottomans
LEADER_IBN_BATTUTA,Ibn Battuta,CIVILIZATION_PERSIA,Achaemenid Persia
LEADER_IBN_BATTUTA,Ibn Battuta,CIVILIZATION_SONGHAI,Songhai
LEADER_ISABELLA,Isabella,CIVILIZATION_ABBASID,Abbasid
LEADER_ISABELLA,Isabella,CIVILIZATION_CARTHAGE,Carthage
LEADER_ISABELLA,Isabella,CIVILIZATION_EGYPT,Egypt
LEADER_ISABELLA,Isabella,CIVILIZATION_FRENCH_EMPIRE,French Empire
LEADER_ISABELLA,Isabella,CIVILIZATION_GREECE,Greece
LEADER_ISABELLA,Isabella,CIVILIZATION_ICELAND,Iceland
LEADER_ISABELLA,Isabella,CIVILIZATION_MEXICO,Mexico
LEADER_ISABELLA,Isabella,CIVILIZATION_SPAIN,Spain
LEADER_JOSE_RIZAL,José Rizal,CIVILIZATION_HAWAII,Hawai'i
LEADER_JOSE_RIZAL,José Rizal,CIVILIZATION_ICELAND,Iceland
LEADER_JOSE_RIZAL,José Rizal,CIVILIZATION_MAJAPAHIT,Majapahit
LEADER_JOSE_RIZAL,José Rizal,CIVILIZATION_MAYA,Maya
LEADER_JOSE_RIZAL,José Rizal,CIVILIZATION_MEIJI,Meiji Japan
LEADER_JOSE_RIZAL,José Rizal,CIVILIZATION_MISSISSIPPIAN,Mississippian
LEADER_JOSE_RIZAL,José Rizal,CIVILIZATION_SIAM,Siam
LEADER_JOSE_RIZAL,José Rizal,CIVILIZATION_TONGA,Tonga
LEADER_LAFAYETTE,Lafayette,CIVILIZATION_AMERICA,America
LEADER_LAFAYETTE,Lafayette,CIVILIZATION_FRENCH_EMPIRE,French Empire
LEADER_LAFAYETTE,Lafayette,CIVILIZATION_GREECE,Greece
LEADER_LAFAYETTE,Lafayette,CIVILIZATION_NORMAN,Norman
LEADER_LAFAYETTE,Lafayette,CIVILIZATION_ROME,Rome
LEADER_LAFAYETTE,Lafayette,CIVILIZATION_SPAIN,Spain
LEADER_LAKSHMIBAI,Lakshmibai,CIVILIZATION_ASSYRIA,Assyria
LEADER_LAKSHMIBAI,Lakshmibai,CIVILIZATION_CHOLA,Chola
LEADER_LAKSHMIBAI,Lakshmibai,CIVILIZATION_DAI_VIET,Đại Việt
LEADER_LAKSHMIBAI,Lakshmibai,CIVILIZATION_MAURYA,Maurya
LEADER_LAKSHMIBAI,Lakshmibai,CIVILIZATION_MUGHAL,Mughal
LEADER_LAKSHMIBAI,Lakshmibai,CIVILIZATION_NEPAL,Nepal
LEADER_MACHIAVELLI,Machiavelli,CIVILIZATION_FRENCH_EMPIRE,French Empire
LEADER_MACHIAVELLI,Machiavelli,CIVILIZATION_GREECE,Greece
LEADER_MACHIAVELLI,Machiavelli,CIVILIZATION_NORMAN,Norman
LEADER_MACHIAVELLI,Machiavelli,CIVILIZATION_ROME,Rome
LEADER_MACHIAVELLI,Machiavelli,CIVILIZATION_RUSSIA,Russia
LEADER_MACHIAVELLI,Machiavelli,CIVILIZATION_SILLA,Silla Korea
LEADER_MACHIAVELLI,Machiavelli,CIVILIZATION_SPAIN,Spain
LEADER_NAPOLEON,"Napoleon, Emperor",CIVILIZATION_FRENCH_EMPIRE,French Empire
LEADER_NAPOLEON,"Napoleon, Emperor",CIVILIZATION_NORMAN,Norman
LEADER_NAPOLEON,"Napoleon, Emperor",CIVILIZATION_PERSIA,Achaemenid Persia
LEADER_NAPOLEON,"Napoleon, Emperor",CIVILIZATION_PRUSSIA,Prussia
LEADER_NAPOLEON,"Napoleon, Emperor",CIVILIZATION_ROME,Rome
LEADER_NAPOLEON,"Napoleon, Emperor",CIVILIZATION_SPAIN,Spain
LEADER_NAPOLEON_ALT,"Napoleon, Revolutionary",CIVILIZATION_FRENCH_EMPIRE,French Empire
LEADER_NAPOLEON_ALT,"Napoleon, Revolutionary",CIVILIZATION_NORMAN,Norman
LEADER_NAPOLEON_ALT,"Napoleon, Revolutionary",CIVILIZATION_PERSIA,Achaemenid Persia
LEADER_NAPOLEON_ALT,"Napoleon, Revolutionary",CIVILIZATION_PRUSSIA,Prussia
LEADER_NAPOLEON_ALT,"Napoleon, Revolutionary",CIVILIZATION_ROME,Rome
LEADER_NAPOLEON_ALT,"Napoleon, Revolutionary",CIVILIZATION_SPAIN,Spain
LEADER_PACHACUTI,Pachacuti,CIVILIZATION_AMERICA,America
LEADER_PACHACUTI,Pachacuti,CIVILIZATION_HAWAII,Hawai'i
LEADER_PACHACUTI,Pachacuti,CIVILIZATION_INCA,Inca
LEADER_PACHACUTI,Pachacuti,CIVILIZATION_MAYA,Maya
LEADER_PACHACUTI,Pachacuti,CIVILIZATION_MEXICO,Mexico
LEADER_PACHACUTI,Pachacuti,CIVILIZATION_MISSISSIPPIAN,Mississippian
LEADER_PACHACUTI,Pachacuti,CIVILIZATION_NEPAL,Nepal
LEADER_SAYYIDA_AL_HURRA,Sayyida al Hurra,CIVILIZATION_ABBASID,Abbasid
LEADER_SAYYIDA_AL_HURRA,Sayyida al Hurra,CIVILIZATION_AKSUM,Aksum
LEADER_SAYYIDA_AL_HURRA,Sayyida al Hurra,CIVILIZATION_CARTHAGE,Carthage
LEADER_SAYYIDA_AL_HURRA,Sayyida al Hurra,CIVILIZATION_MUGHAL,Mughal
LEADER_SAYYIDA_AL_HURRA,Sayyida al Hurra,CIVILIZATION_OTTOMANS,Ottomans
LEADER_SAYYIDA_AL_HURRA,Sayyida al Hurra,CIVILIZATION_PIRATE_REPUBLIC,Republic of Pirates
LEADER_TECUMSEH,Tecumseh,CIVILIZATION_AMERICA,America
LEADER_TECUMSEH,Tecumseh,CIVILIZATION_HAWAII,Hawai'i
LEADER_TECUMSEH,Tecumseh,CIVILIZATION_MEXICO,Mexico
LEADER_TECUMSEH,Tecumseh,CIVILIZATION_MISSISSIPPIAN,Mississippian
LEADER_TECUMSEH,Tecumseh,CIVILIZATION_SHAWNEE,Shawnee
LEADER_TRUNG_TRAC,Trung Trac,CIVILIZATION_CHOLA,Chola
LEADER_TRUNG_TRAC,Trung Trac,CIVILIZATION_DAI_VIET,Đại Việt
LEADER_TRUNG_TRAC,Trung Trac,CIVILIZATION_KHMER,Khmer
LEADER_TRUNG_TRAC,Trung Trac,CIVILIZATION_MAJAPAHIT,Majapahit
LEADER_TRUNG_TRAC,Trung Trac,CIVILIZATION_MAURYA,Maurya
LEADER_TRUNG_TRAC,Trung Trac,CIVILIZATION_MEIJI,Meiji Japan
LEADER_TRUNG_TRAC,Trung Trac,CIVILIZATION_SIAM,Siam
LEADER_XERXES,"Xerxes, King of Kings",CIVILIZATION_ABBASID,Abbasid
LEADER_XERXES,"Xerxes, King of Kings",CIVILIZATION_ASSYRIA,Assyria
LEADER_XERXES,"Xerxes, King of Kings",CIVILIZATION_MAURYA,Maurya
LEADER_XERXES,"Xerxes, King of Kings",CIVILIZATION_MONGOLIA,Mongolia
LEADER_XERXES,"Xerxes, King of Kings",CIVILIZATION_MUGHAL,Mughal
LEADER_XERXES,"Xerxes, King of Kings",CIVILIZATION_PERSIA,Achaemenid Persia
LEADER_XERXES,"Xerxes, King of Kings",CIVILIZATION_QAJAR,Qajar
LEADER_XERXES,"Xerxes, King of Kings",CIVILIZATION_RUSSIA,Russia
LEADER_XERXES_ALT,"Xerxes, the Achaemenid",CIVILIZATION_ABBASID,Abbasid
LEADER_XERXES_ALT,"Xerxes, the Achaemenid",CIVILIZATION_ASSYRIA,Assyria
LEADER_XERXES_ALT,"Xerxes, the Achaemenid",CIVILIZATION_MAURYA,Maurya
LEADER_XERXES_ALT,"Xerxes, the Achaemenid",CIVILIZATION_MONGOLIA,Mongolia
LEADER_XERXES_ALT,"Xerxes, the Achaemenid",CIVILIZATION_MUGHAL,Mughal
LEADER_XERXES_ALT,"Xerxes, the Achaemenid",CIVILIZATION_PERSIA,Achaemenid Persia
LEADER_XERXES_ALT,"Xerxes, the Achaemenid",CIVILIZATION_QAJAR,Qajar
LEADER_XERXES_ALT,"Xerxes, the Achaemenid",CIVILIZATION_RUSSIA,Russia
