kind,name,row_type,ability_or_tradition_name,age,description_clean,syncretism_options,modifier_type,modifier_args
civilization,Abbasid,Unique Ability,Madina,Apex,"• Receive 30 Gold for each Population Rural Population of the City when you create a Specialist. (Scales by Game Speed)
• +20% Production towards constructing Buildings in Cities with at least 5 Specialists.
• +30% Production towards constructing the House of Wisdom.","Buganda, Mughal, Ottomans, Qajar",TRAIT_MOD_TOT_AQ_GOLD_SPECIALISTS_TYPE,Worker=true; Rural=true; Amount=10; YieldType=YIELD_GOLD; Tooltip=LOC_TRAIT_ABBASID_ABILITY_NAME
civilization,Abbasid,Self-Syncretism Tradition,Rasool I,Antiquity,Buildings gain a +1 Happiness Adjacency for the Palace.,,,MOD_UNLOCK_ABBASID_SYNCRETISM_ANTIQUITY
civilization,Abbasid,Self-Syncretism Tradition,Rasool II,Modern,Buildings gain a +1 Happiness Adjacency for the City Hall and Palace.,,,MOD_UNLOCK_ABBASID_SYNCRETISM_MODERN
civilization,Achaemenid Persia,Unique Ability,Hamarana Council,Apex,"• +3 Combat Strength for Infantry Units when attacking.
• Army Commanders start with a free Promotion.
• +30% Production towards constructing the Gate of All Nations.","Abbasid, Mongolia, Mughal, Qajar",TRAIT_MOD_HAMARANA_COUNCIL_TYPE; TRAIT_MOD_HAMARANA_COMMANDER_PROMOTION_TYPE; MOD_CIV_WONDER_PRODUCTION_PERSIA_TYPE,AbilityType=ABILITY_HAMARANA_COUNCIL; Amount=1; Percent=30
civilization,Achaemenid Persia,Self-Syncretism Tradition,Fractal Rule I,Exploration,+1 Culture on Unique Improvements. +1 Gold on Unique Improvements and Buildings in Captured Settlements from any Age.,,,MOD_UNLOCK_PERSIA_SYNCRETISM_EXPLORATION
civilization,Achaemenid Persia,Self-Syncretism Tradition,Fractal Rule II,Modern,+2 Culture on Unique Improvements. +2 Gold on Unique Improvements and Buildings in Captured Settlements from any Age.,,,MOD_UNLOCK_PERSIA_SYNCRETISM_MODERN
civilization,Aksum,Unique Ability,Kingdom of Natural Wealth,Apex,"• +3 Gold on Resources in Settlements adjacent to Coast.
• +1 Trade Route Limit with other Civilizations, and all Civilizations have +1 Trade Route Limit with you.
• Trade Routes to or from your Settlements have unlimited Range.
• +30% Production towards constructing the Great Stele.","Buganda, Republic of Pirates, Songhai",TRAIT_MOD_KINGDOM_OF_NATURAL_WEALTH_RESOURCE_TYPE; TRAIT_MOD_KINGDOM_OF_NATURAL_WEALTH_TRADE_ROUTE_CAP_SELF_TYPE; TRAIT_MOD_KINGDOM_OF_NATURAL_WEALTH_TRADE_ROUTE_CAP_OTHERS_TYPE; TRAIT_MOD_KINGDOM_OF_NATURAL_WEALTH_TRADE_ROUTE_UNLIMITED_RANGE_TYPE; MOD_CIV_WONDER_PRODUCTION_AKSUM_TYPE,WarehouseYieldChange=AksumKingdomOfNaturalWealthResourceGold; Tooltip=LOC_TRAIT_AKSUM_ABILITY_NAME; Amount=1; MajorsOnly=true; Amount=1; MajorsOnly=true; RoutesToPlayer=true; UnlimitedRange=true; Percent=30
civilization,Aksum,Self-Syncretism Tradition,Incense Road I,Exploration,+1 Production in the Capital for every active Trade Route. Trade Routes gain +2 Sight and cannot be Pillaged.,,,MOD_UNLOCK_AKSUM_SYNCRETISM_EXPLORATION
civilization,Aksum,Self-Syncretism Tradition,Incense Road II,Modern,+2 Production in the Capital for every active Trade Route. Trade Routes gain +2 Sight and cannot be Pillaged.,,,MOD_UNLOCK_AKSUM_SYNCRETISM_MODERN
civilization,America,Unique Ability,Frontier Expansion,Apex,"• Gain 150 Gold every time you improve a Resource.
• +1 Production on Resources.
• +30% Production towards constructing the Statue of Liberty.",,TRAIT_MOD_FRONTIER_EXPANSION_GOLD_ON_IMPROVED_RESOURCES_TYPE; TRAIT_MOD_FRONTIER_EXPANSION_PRODUCTION_ON_RESOURCES_TYPE,Amount=50; YieldType=YIELD_GOLD; Amount=1; YieldType=YIELD_PRODUCTION
civilization,America,Self-Syncretism Tradition,Land of Opportunity I,Antiquity,+1 Food on Resources in Towns.,,,MOD_UNLOCK_AMERICA_SYNCRETISM_ANTIQUITY
civilization,America,Self-Syncretism Tradition,Land of Opportunity II,Exploration,"+1 Food on Resources in Towns. +1 Production on Mines, Clay Pits, Quarries, Woodcutters, and Oil Rigs in Mining Towns, Warehouse Bonus.",,,MOD_UNLOCK_AMERICA_SYNCRETISM_EXPLORATION
civilization,Assyria,Unique Ability,Treasures of Nineveh,Apex,"• Gain a Technology and a Codex upon capturing a Settlement for the first time.
• Codices are not awarded from Technologies.
• +30% Production towards constructing Dur-Sharrukin.","Abbasid, Bulgaria, Qajar",MOD_CIV_WONDER_PRODUCTION_ASSYRIA_TYPE; MOD_CIV_FIRST_TIME_CONQUER_TYPE; MOD_CIV_FIRST_TIME_CONQUER_CODEX_TYPE,Percent=30; Amount=1; SystemType=SYSTEM_TECH; FreeProgressionType=FREE_PROGRESSION_NODE_ANY_UNLOCKED; Amount=1; ObjectType=GREATWORKOBJECT_WRITING
civilization,Assyria,Self-Syncretism Tradition,Ashur I,Exploration,+5 Combat Strength for Infantry and Cavalry Units when attacking Fortified Districts.,,,MOD_UNLOCK_ASSYRIA_SYNCRETISM_EXPLORATION
civilization,Assyria,Self-Syncretism Tradition,Ashur II,Modern,+1 Science on Fortification Buildings. +5 Combat Strength for Infantry and Cavalry Units when attacking Fortified Districts.,,,MOD_UNLOCK_ASSYRIA_SYNCRETISM_MODERN
civilization,Buganda,Unique Ability,Omugongo,Apex,"• Land Units gain Culture when Pillaging Buildings or Improvements equal to the Yield or Healing gained.
• Land Military Units gain the Amphibious ability.
• +6 Culture and Food on Lakes, and +1 Tourism from Districts and Improvements on Lakes.
• +30% Production towards constructing Muzibu Azaala Mpanga.",,TRAIT_MOD_AMPHIBIOUS_ABILITY_TYPE; TRAIT_MOD_RIVER_RAIDS_PILLAGING_ABILITY_TYPE; TRAIT_MOD_RIVER_RAIDS_LAKE_YIELDS_TYPE,"AbilityType=ABILITY_AMPHIBIOUS; AbilityType=ABILITY_RIVER_RAIDS; YieldType=YIELD_CULTURE,YIELD_FOOD; Amount=2"
civilization,Buganda,Self-Syncretism Tradition,Ebika I,Antiquity,+1 Culture and Food on Districts on or adjacent to Lakes.,,,MOD_UNLOCK_BUGANDA_SYNCRETISM_ANTIQUITY
civilization,Buganda,Self-Syncretism Tradition,Ebika II,Exploration,+2 Culture and Food on Districts on or adjacent to Lakes.,,,MOD_UNLOCK_BUGANDA_SYNCRETISM_EXPLORATION
civilization,Bulgaria,Unique Ability,Krum's Dynasty,Apex,"• Receive Production in all Cities when Pillaging Improvements equal to 50% of the HP or Yields gained.
• -3 Combat Strength for all Combat Units against Fortified Districts.
• +30% Production towards constructing Rila Monastery.",Russia,MOD_CIV_PRODUCTION_PILLAGE_IMPROVEMENT_TYPE; MOD_CIV_COMBAT_VS_FORTIFIED_DISTRICTS_TYPE,Amount=50; PlunderTypes=PLUNDER_PRODUCTION_CITY; Amount=-3
civilization,Bulgaria,Self-Syncretism Tradition,Uporitost I,Antiquity,+2 Production on displayed Great Works.,,,MOD_UNLOCK_BULGARIA_SYNCRETISM_ANTIQUITY
civilization,Bulgaria,Self-Syncretism Tradition,Uporitost II,Modern,+3 Production on displayed Great Works. Land Units can Pillage for 1 Movement.,,,MOD_UNLOCK_BULGARIA_SYNCRETISM_MODERN
civilization,Carthage,Unique Ability,Phoenician Heritage,Apex,"• Can only have 1 City. Towns can purchase Water Buildings with any Town Focus, but cannot use Convert to City.
• Receive a second Merchant or Colonist each time you purchase or train one.
• +30% Production towards constructing Byrsa.","Ottomans, Republic of Pirates, Spain",MOD_CIV_WONDER_PRODUCTION_CARTHAGE_TYPE; MOD_CIV_DOUBLE_MERCHANTS_TYPE; MOD_CIV_DOUBLE_COLONISTS_TYPE; MOD_TOWN_WATER_BUILDING_TYPE; MOD_FORBID_CITIES_FROM_TOWNS_TYPE; TRAIT_MOD_COLONIST_POP_TYPE,Percent=30; Tag=UNIT_CLASS_MAKE_TRADE_ROUTE; Amount=1; PurchaseValid=true; Tag=UNIT_CLASS_CREATE_TOWN; Amount=1; PurchaseValid=true; ConstructibleTag=WATER; Amount=1; Amount=1
civilization,Carthage,Self-Syncretism Tradition,Hannoid Rule I,Exploration,+1 Gold and Production in the Capital for every Resource assigned to it.,,,MOD_UNLOCK_CARTHAGE_SYNCRETISM_EXPLORATION
civilization,Carthage,Self-Syncretism Tradition,Hannoid Rule II,Modern,+2 Gold and Production in the Capital for every Resource assigned to it.,,,MOD_UNLOCK_CARTHAGE_SYNCRETISM_MODERN
civilization,Chola,Unique Ability,Samayam,Apex,"• +1 Trade Route from the Improve Trade Relations Action.
• +3 Gold and +2 Influence for every active Trade Route.
• +1 Movement for Merchants.
• +1 GDP per turn for imported Resources assigned to Cities.
• +30% Production towards constructing the Brihadeeswarar Temple.","Mughal, Nepal, Siam",MOD_TOT_CHANGE_TRADE_ROUTE_CAPACITY_TYPE; TRAIT_MOD_TOT_AQ_TRADE_ROUTE_GOLD_TYPE; TRAIT_MOD_TOT_AQ_TRADE_ROUTE_INFLUENCE_TYPE; TRAIT_MOD_CHOLA_MERCHANT_MOVEMENT_TYPE,Amount=1; YieldType=YIELD_GOLD; Amount=2; Tooltip=LOC_TRAIT_CHOLA_ABILITY_NAME; YieldType=YIELD_DIPLOMACY; Amount=1; Tooltip=LOC_TRAIT_CHOLA_ABILITY_NAME; Amount=1
civilization,Chola,Self-Syncretism Tradition,Veera Banaju Dharma I,Antiquity,+5 Influence if you have 5 or more Trade Routes. +50% Production towards training Merchants.,,,MOD_UNLOCK_CHOLA_SYNCRETISM_ANTIQUITY
civilization,Chola,Self-Syncretism Tradition,Veera Banaju Dharma II,Modern,+10 Influence if you have 5 or more Trade Routes. +100% Production towards training Merchants.,,,MOD_UNLOCK_CHOLA_SYNCRETISM_MODERN
civilization,Egypt,Unique Ability,Gifts of Osiris,Apex,"• +2 Production on Improvements and Districts on Navigable Rivers.
• Minor Rivers do not end Unit Movement.
• +30% Production towards constructing the Pyramids.","Abbasid, Ottomans, Songhai",TRAIT_MOD_GIFTS_OF_OSIRIS_NAVIGABLE_RIVER_TYPE; TRAIT_MOD_GIFTS_OF_OSIRIS_UNITS_IGNORE_MINOR_RIVER_TYPE; MOD_CIV_WONDER_PRODUCTION_EGYPT_TYPE,YieldType=YIELD_PRODUCTION; Amount=2; Tooltip=LOC_TRAIT_EGYPT_ABILITY_NAME; Obstacle=RIVER_MINOR; Percent=30
civilization,Egypt,Self-Syncretism Tradition,Golden Horus I,Exploration,"+1 Culture and Gold on Wonders, doubled on Antiquity Wonders.",,,MOD_UNLOCK_EGYPT_SYNCRETISM_EXPLORATION
civilization,Egypt,Self-Syncretism Tradition,Golden Horus II,Modern,"+2 Culture and Gold on Wonders, doubled on Antiquity Wonders.",,,MOD_UNLOCK_EGYPT_SYNCRETISM_MODERN
civilization,French Empire,Unique Ability,"Liberté, Egalité, Fraternité",Apex,"• You can select the Celebration effects of any standard Modern Age Government.
• +30% Production towards constructing the Eiffel Tower.",,TRAIT_MOD_LIBERTE_AQ_GOVERNMENT_CHANGE_TYPE,"GoldenAgeType=GOLDEN_AGE_CLASSICAL_REPUBLIC_1,GOLDEN_AGE_CLASSICAL_REPUBLIC_2,GOLDEN_AGE_DESPOTISM_1,GOLDEN_AGE_DESPOTISM_2,GOLDEN_AGE_OLIGARCHY_1,GOLDEN_AGE_OLIGARCHY_2"
civilization,French Empire,Self-Syncretism Tradition,De l'Esprit des Loix I,Antiquity,+2 Culture for every Tradition slotted into the Government. +2 Happiness for every Social Policy slotted into the Government.,,,MOD_UNLOCK_FRENCH_EMPIRE_SYNCRETISM_ANTIQUITY
civilization,French Empire,Self-Syncretism Tradition,De l'Esprit des Loix II,Exploration,+3 Culture for every Tradition slotted into the Government. +3 Happiness for every Social Policy slotted into the Government.,,,MOD_UNLOCK_FRENCH_EMPIRE_SYNCRETISM_EXPLORATION
civilization,Great Britain,Unique Ability,Workshop of the World,Apex,"• +25% Gold towards purchasing Buildings and +25% Production towards constructing Buildings.
• It costs 50% more to convert Towns into Cities.
• +3 Science on Active Buildings adjacent to Coast.
• +30% Production towards constructing Battersea Power Station.",,TRAIT_MOD_CITY_PROJECT_MORE_EXPENSIVE_TYPE; TRAIT_GB_MOD_BUILDING_CHEAPER_PURCHASE_TYPE; TRAIT_GB_MOD_BUILDING_PRODUCTION_TYPE; TRAIT_GB_MOD_COASTAL_BUILDING_SCIENCE_A_TYPE; TRAIT_GB_MOD_COASTAL_BUILDING_SCIENCE_B_TYPE,Percent=-50; Percent=25; Percent=25; ConstructibleClass=BUILDING; YieldType=YIELD_SCIENCE; Amount=1; Tooltip=LOC_TRAIT_GREAT_BRITAIN_ABILITY_NAME; YieldType=YIELD_SCIENCE; Amount=1; Tooltip=LOC_TRAIT_GREAT_BRITAIN_ABILITY_NAME
civilization,Great Britain,Self-Syncretism Tradition,Royal Society I,Antiquity,+1 Science on Culture Buildings adjacent to Coast. +1 Culture on Science Buildings adjacent to Coast.,,,MOD_UNLOCK_GREAT_BRITAIN_SYNCRETISM_ANTIQUITY
civilization,Great Britain,Self-Syncretism Tradition,Royal Society II,Exploration,+2 Science on Culture Buildings adjacent to Coast. +2 Culture on Science Buildings adjacent to Coast.,,,MOD_UNLOCK_GREAT_BRITAIN_SYNCRETISM_EXPLORATION
civilization,Greece,Unique Ability,Demokratia,Apex,"• +3 Influence on the Palace.
• +2 Culture for active Endeavors, Sanctions, and Diplomatic Projects you started or supported.
• +3 Tourism for every City-State you are Suzerain of.
• +30% Production towards constructing the Oracle.","Bulgaria, Norman, Russia, Spain",TRAIT_MOD_DEMOKRATIA_INFLUENCE_TYPE; TRAIT_MOD_DEMOKRATIA_CULTURE_ENDEAVOR_TYPE; TRAIT_MOD_DEMOKRATIA_CULTURE_SANCTION_TYPE; TRAIT_MOD_DEMOKRATIA_CULTURE_PROJECT_TYPE; TRAIT_MOD_DEMOKRATIA_CITY_STATE_TOURISM_TYPE; MOD_CIV_WONDER_PRODUCTION_GREECE_TYPE,YieldType=YIELD_DIPLOMACY; Amount=3; ConstructibleType=BUILDING_PALACE; Tooltip=LOC_TRAIT_GREECE_ABILITY_NAME; ActionGroupType=DIPLOMACY_ACTION_GROUP_ENDEAVOR; YieldType=YIELD_CULTURE; Amount=2; Tooltip=LOC_TRAIT_GREECE_ABILITY_NAME; ActionGroupType=DIPLOMACY_ACTION_GROUP_SANCTION; YieldType=YIELD_CULTURE; Amount=2; Tooltip=LOC_TRAIT_GREECE_ABILITY_NAME; ActionGroupType=DIPLOMACY_ACTION_GROUP_PROJECT; YieldType=YIELD_CULTURE; Amount=2; Tooltip=LOC_TRAIT_GREECE_ABILITY_NAME; TrackerName=VICTORY_TRACKER_GREECE_SUZERAIN; Percent=30
civilization,Greece,Self-Syncretism Tradition,Hellenism I,Exploration,+1 Happiness and Production in Cities for each City-State you are Suzerain of.,,,MOD_UNLOCK_GREECE_SYNCRETISM_EXPLORATION
civilization,Greece,Self-Syncretism Tradition,Hellenism II,Modern,+2 Happiness and Production in Cities for each City-State you are Suzerain of.,,,MOD_UNLOCK_GREECE_SYNCRETISM_MODERN
civilization,Han,Unique Ability,Nine Provinces,Apex,"• The Capital gains a Population when it completes Science Buildings.
• The Capital and new Towns gain an additional Population with their first growth event.
• +30% Production towards constructing Weiyang Palace.","Ming, Mongolia, Qing",TRAIT_MOD_NINE_PROVINCES_CAPITAL_TYPE; TRAIT_MOD_NINE_PROVINCES_TOWN_TYPE; TRAIT_MOD_NINE_PROVINCES_POP_IN_CAPITAL_ON_SCIENCE_BUILDING_TYPE; MOD_CIV_WONDER_PRODUCTION_HAN_TYPE,Amount=1; Amount=1; Amount=1; Percent=30
civilization,Han,Self-Syncretism Tradition,Capable Rule I,Exploration,+1 Science in Cities for every Tradition slotted in the Government.,,,MOD_UNLOCK_HAN_SYNCRETISM_EXPLORATION
civilization,Han,Self-Syncretism Tradition,Capable Rule II,Modern,+2 Science in Cities for every Tradition slotted in the Government.,,,MOD_UNLOCK_HAN_SYNCRETISM_MODERN
civilization,Hawai'i,Unique Ability,Moananuiākea,Apex,"• Can work Ocean Terrain.
• +1 Happiness and +2 Culture on all Marine Terrain.
• +30% Production towards constructing Hale o Keawe.",Meiji Japan,TRAIT_MOD_HAWAII_IMPROVE_OCEAN_TYPE; TRAIT_MOD_HAWAII_TOT_AQ_CULTURE_ON_MARINE_TYPE; TRAIT_MOD_HAWAII_TOT_AQ_CULTURE_WAREHOUSE_TYPE,"ConstructibleType=IMPROVEMENT_HAWAII_FISHING_BOAT; Amount=1; YieldType=YIELD_CULTURE; WarehouseYieldChange=HawaiiAQ_FishingBoatResourceCulture, HawaiiAQ_AtollFeatureCulture, HawaiiAQ_LotusFeatureCulture, HawaiiAQ_ReefFeatureCulture, HawaiiAQ_ColdReefFeatureCulture"
civilization,Hawai'i,Self-Syncretism Tradition,Hōkūle'a I,Antiquity,+1 Culture on Districts and Unique Improvements adjacent to Coast.,,,MOD_UNLOCK_HAWAII_SYNCRETISM_ANTIQUITY
civilization,Hawai'i,Self-Syncretism Tradition,Hōkūle'a II,Modern,+2 Culture on Districts and Unique Improvements adjacent to Coast. +4 Culture on Volcanoes.,,,MOD_UNLOCK_HAWAII_SYNCRETISM_MODERN
civilization,Iceland,Unique Ability,Kringla Heimsins,Apex,"• +1 Sight for Naval Units.
• Gain 500 Culture when you discover a Natural Wonder in Distant Lands (On Standard Speed).
• Gain a Relic every time you study a Civic Mastery.
• -50% Production towards training Missionaries, and Missionaries cost 100% more Gold to purchase.
• +30% Production towards constructing Reykjaholt.",America,ICELAND_MOD_NAVAL_SIGHT_TYPE; ICELAND_AQ_MOD_NATURAL_WONDER_DISCOVERY_TYPE,Amount=1; YieldType=YIELD_CULTURE; Amount=250; DistantLandBonus=0
civilization,Iceland,Self-Syncretism Tradition,Drekahöfuð I,Antiquity,Producing a Naval Unit grants Culture equal to 50% of the Unit's Production cost.,,,MOD_UNLOCK_ICELAND_SYNCRETISM_ANTIQUITY
civilization,Iceland,Self-Syncretism Tradition,Drekahöfuð II,Modern,Producing a Naval Unit grants Culture equal to 50% of the Unit's Production cost. +1 Combat Strength for Naval Units for each improved Natural Wonder in your empire.,,,MOD_UNLOCK_ICELAND_SYNCRETISM_MODERN
civilization,Inca,Unique Ability,Apus,Apex,"• Can work Mountain Terrain.
• +2 Food and +1 Production on Mountain Terrain.
• Can generate Homelands Treasure Convoys in Cities with 3 Worked Mountains after completing the Qhapaq Ñan Civic.
• +30% Production towards constructing Machu Pikchu.",Mexico,TRAIT_MOD_APUS_IMPROVE_MOUNTAINS_TYPE; TRAIT_MOD_TOT_AQ_APUS_MOUNTAIN_FOOD_TYPE; TRAIT_MOD_APUS_MOUNTAIN_PRODUCTION_TYPE,ConstructibleType=IMPROVEMENT_INCA_MOUNTAIN; Amount=1; YieldType=YIELD_FOOD; Amount=1; YieldType=YIELD_PRODUCTION
civilization,Inca,Self-Syncretism Tradition,Huaca I,Antiquity,+10% Food in Settlements with their City Center adjacent to a Mountain or with 3 worked Mountain tiles.,,,MOD_UNLOCK_INCA_SYNCRETISM_ANTIQUITY
civilization,Inca,Self-Syncretism Tradition,Huaca II,Modern,+15% Food in Settlements with their City Center adjacent to a Mountain or with 3 worked Mountain tiles.,,,MOD_UNLOCK_INCA_SYNCRETISM_MODERN
civilization,Khmer,Unique Ability,Ksekam Chamnon,Apex,"• Districts on Rivers do not remove the natural yield of the tile.
• +50% Growth Rate in the Capital, but -5 Happiness for every other City.
• +30% Production towards constructing Angkor Wat.","Chola, Đại Việt, Majapahit, Siam",TRAIT_MOD_KSEKAM_CHAMNON_MINOR_RIVER_TYPE; TRAIT_MOD_KSEKAM_CHAMNON_NAVIGABLE_RIVER_TYPE; TRAIT_MOD_KSEKAM_CHAMNON_CAPITAL_GROWTH_TYPE; TRAIT_MOD_KSEKAM_CHAMNON_CITY_HAPPINESS_PENALTY_TYPE; MOD_CIV_WONDER_PRODUCTION_KHMER_TYPE,MinorRivers=true; Tooltip=LOC_TRAIT_KHMER_ABILITY_NAME; TerrainTypes=TERRAIN_NAVIGABLE_RIVER; Tooltip=LOC_TRAIT_KHMER_ABILITY_NAME; Percent=50; Tooltip=LOC_TRAIT_KHMER_ABILITY_NAME; YieldType=YIELD_HAPPINESS; Amount=-5; Tooltip=LOC_TRAIT_KHMER_ABILITY_NAME; Percent=30
civilization,Khmer,Self-Syncretism Tradition,Varna I,Exploration,+1 Gold on Specialists.,,,MOD_UNLOCK_KHMER_SYNCRETISM_EXPLORATION
civilization,Khmer,Self-Syncretism Tradition,Varna II,Modern,+1 Gold and Science on Specialists.,,,MOD_UNLOCK_KHMER_SYNCRETISM_MODERN
civilization,Majapahit,Unique Ability,Negara,Apex,"• Culture Buildings gain an adjacency for Coast.
• +1 Specialist Limit in Districts on or adjacent to Coast.
• If you transition away from the Majapahit, the Specialist Limit increase goes away. Specialists over the Limit become inactive until you increase the Limit.
• +30% Production towards constructing Borobudur.",Meiji Japan,TRAIT_MOD_NEGARA_CULTURE_BUILDING_ADJACENCY_TYPE; TRAIT_MOD_NEGARA_SPECIALIST_CAP_INCREASE_TYPE,ConstructibleAdjacency=NegaraCultureBuildingCoastCulture; Amount=1
civilization,Majapahit,Self-Syncretism Tradition,Subak I,Antiquity,+2 Food on Quarters on or adjacent to Coast. +10% Growth Rate in Settlements adjacent to Coast.,,,MOD_UNLOCK_MAJAPAHIT_SYNCRETISM_ANTIQUITY
civilization,Majapahit,Self-Syncretism Tradition,Subak II,Modern,+4 Food on Quarters on or adjacent to Coast. +15% Growth Rate in Settlements adjacent to Coast.,,,MOD_UNLOCK_MAJAPAHIT_SYNCRETISM_MODERN
civilization,Maurya,Unique Ability,Dhamma Thambhā,Apex,"• +2 Happiness on Happiness, Military, and Science Buildings.
• Land Units are fully Healed when you enter a Celebration.
• +30% Production towards constructing Sanchi Stupa.","Chola, Majapahit, Nepal",TRAIT_MOD_DHAMMA_THAMBHA_AQ_HAPPINESS_BUILDING_HAPPINESS_TYPE; TRAIT_MOD_DHAMMA_THAMBHA_AQ_MILITARY_BUILDING_HAPPINESS_TYPE; TRAIT_MOD_DHAMMA_THAMBHA_AQ_SCIENCE_BUILDING_HAPPINESS_TYPE; TRAIT_MOD_DHAMMA_THAMBHA_CELEBRATION_HEAL_TYPE; TRAIT_MOD_NAGARIKA_ALTAR_PURCHASE_TYPE; MOD_CIV_WONDER_PRODUCTION_MAURYA_TYPE,Tag=HAPPINESS; YieldType=YIELD_HAPPINESS; Amount=2; Tag=MILITARY; YieldType=YIELD_HAPPINESS; Amount=2; Tag=SCIENCE; YieldType=YIELD_HAPPINESS; Amount=2; DomainType=DOMAIN_LAND; Amount=100; BuildingType=BUILDING_ALTAR; Amount=1; Percent=30
civilization,Maurya,Self-Syncretism Tradition,Chhatrapati I,Exploration,"+2 and Science on the Palace and on City Halls in Captured Settlements from any Age, doubled while in a Celebration.",,,MOD_UNLOCK_MAURYA_SYNCRETISM_EXPLORATION
civilization,Maurya,Self-Syncretism Tradition,Chhatrapati II,Modern,"+3 and Science on the Palace and on City Halls in Captured Settlements from any Age, doubled while in a Celebration.",,,MOD_UNLOCK_MAURYA_SYNCRETISM_MODERN
civilization,Maya,Unique Ability,Skies of Itzamna,Apex,"• After researching a Technology, gain Culture equal to 10% of its cost.
• After studying a Civic, gain Science equal to 10% of its cost.
• +30% Production towards constructing Mundo Perdido.","Hawai'i, Inca, Mexico",TRAIT_MOD_SKIES_OF_ITZAMNA_CULTURE_FOR_TECH_TYPE; TRAIT_MOD_SKIES_OF_ITZAMNA_SCIENCE_FOR_CIVIC_TYPE; MOD_CIV_WONDER_PRODUCTION_MAYA_TYPE,SystemType=SYSTEM_TECH; YieldType=YIELD_CULTURE; PercentCost=10; Tooltip=LOC_TRAIT_MAYA_ABILITY_NAME; SystemType=SYSTEM_CULTURE; YieldType=YIELD_SCIENCE; PercentCost=10; Tooltip=LOC_TRAIT_MAYA_ABILITY_NAME; Percent=30
civilization,Maya,Self-Syncretism Tradition,Milpa I,Exploration,+2 Science on Science Buildings placed on Vegetated Terrain.,,,MOD_UNLOCK_MAYA_SYNCRETISM_EXPLORATION
civilization,Maya,Self-Syncretism Tradition,Milpa II,Modern,+2 Science on Happiness and Science Buildings placed on Vegetated Terrain.,,,MOD_UNLOCK_MAYA_SYNCRETISM_MODERN
civilization,Meiji Japan,Unique Ability,Goisshin,Apex,"• When you Overbuild a Building, gain Science equal to 25% of the Building's Production cost.
• +30% Production towards constructing Dogo Onsen.",,TRAIT_MOD_GOISSHIN_AQ_SCIENCE_ON_BUILD_TYPE,ConstructibleClass=BUILDING; YieldType=YIELD_SCIENCE; PercentCost=25
civilization,Meiji Japan,Self-Syncretism Tradition,Kimi I,Antiquity,+1 Science for every Empire Resource.,,,MOD_UNLOCK_MEIJI_SYNCRETISM_ANTIQUITY
civilization,Meiji Japan,Self-Syncretism Tradition,Kimi II,Exploration,+1 Science for every Empire Resource. +1 Science in Cities adjacent to Coast for every Resource assigned to them.,,,MOD_UNLOCK_MEIJI_SYNCRETISM_EXPLORATION
civilization,Mexico,Unique Ability,Revolución,Apex,"• Starts with a unique Government, Revolución. This Government has one Celebration effect, +30% Culture for 10 Turns. Cannot enter any other Government type.
• +100% Tourism from Celebrations.
• +30% Production towards constructing Palacio de Bellas Artes.",,TRAIT_MOD_REVOLUCION_GOVERNMENT_UNIQUE_TYPE,GovernmentType=GOVERNMENT_REVOLUCION
civilization,Mexico,Self-Syncretism Tradition,Campesinos I,Antiquity,+2 Happiness in the Capital. +5 to all Yields in the Capital during a Celebration.,,,MOD_UNLOCK_MEXICO_SYNCRETISM_ANTIQUITY
civilization,Mexico,Self-Syncretism Tradition,Campesinos II,Exploration,+4 Happiness in the Capital. +10 to all Yields in the Capital during a Celebration.,,,MOD_UNLOCK_MEXICO_SYNCRETISM_EXPLORATION
civilization,Ming,Unique Ability,Great Canon of Yongle,Apex,"• +50% Science in the Capital.
• -15 Science per turn for each Social Policy, but not Tradition, slotted in the Government.
• +1 Tradition Slot.
• +30% Production towards constructing the Forbidden City.",Qing,TRAIT_MOD_CAPITAL_EXTRA_SCIENCE_TYPE; TRAIT_MOD_TOT_AQ_LOSE_SCIENCE_PER_NON_UNIQUE_TRADITION_TYPE; TRAIT_MOD_TOT_MING_TRADITION_SLOT_TYPE; MANDARIN_MOD_NAVAL_TRADE_ATTACH_HOMELANDS_TYPE; MANDARIN_MOD_NAVAL_TRADE_ATTACH_DISTANT_TYPE,"YieldType=YIELD_SCIENCE; Percent=50; YieldType=YIELD_SCIENCE; Amount=-2; CivUnique=true; Invert=true; SlotType=TRADITION_CULTURE_SLOT; Amount=1; ModifierId=MANDARIN_MOD_NAVAL_TRADE_TARGET_CULTURE, MANDARIN_MOD_NAVAL_TRADE_TREASURE_FLEET_HOMELANDS; ModifierId=MANDARIN_MOD_NAVAL_TRADE_TARGET_CULTURE, MANDARIN_MOD_NAVAL_TRADE_TREASURE_FLEET_DISTANT"
civilization,Ming,Self-Syncretism Tradition,Chaogong I,Antiquity,+1 Influence for each Resource slotted into your Capital.,,,MOD_UNLOCK_MING_SYNCRETISM_ANTIQUITY
civilization,Ming,Self-Syncretism Tradition,Chaogong II,Modern,+2 Influence for each Resource slotted into your Capital.,,,MOD_UNLOCK_MING_SYNCRETISM_MODERN
civilization,Mississippian,Unique Ability,Goose Societies,Apex,"• All Buildings receive a +1 Food Adjacency for Resources.
• +10% Production towards constructing Buildings.
• +30% Production towards constructing the Monks Mound.","Hawai'i, Inca, Shawnee",TRAIT_MOD_GOOSE_SOCIETIES_TYPE; TRAIT_MOD_GOOSE_SOCIETIES_BUILDING_PRODUCTION_TYPE; MOD_CIV_WONDER_PRODUCTION_MISSISSIPPIAN_TYPE,ConstructibleAdjacency=GooseSocietiesWildcardResourceFood; ConstructibleClass=BUILDING; Percent=10; Tooltip=LOC_TRAIT_MISSISSIPPIAN_ABILITY_NAME; Percent=30
civilization,Mississippian,Self-Syncretism Tradition,Sacrificial Effigies I,Exploration,Ranged Units apply the Burning status to tiles for 2 turns when attacking.,,,MOD_UNLOCK_MISSISSIPPIAN_SYNCRETISM_EXPLORATION
civilization,Mississippian,Self-Syncretism Tradition,Sacrificial Effigies II,Modern,Ranged Units apply the Burning status to tiles for 2 turns when attacking. +50 Gold per Resource on Trade Route creation. Scales by Gamespeed.,,,MOD_UNLOCK_MISSISSIPPIAN_SYNCRETISM_MODERN
civilization,Mongolia,Unique Ability,Bokh,Apex,"• When you capture an opposing Settlement gain the strongest Cavalry Unit you can currently train.
• -50% Production towards training Settlers.
• +30% Production towards constructing Erdene Zuu.","Qing, Russia",TRAIT_MOD_CONQUER_UNIT_TYPE; TRAIT_MOD_EXPENSIVE_SETTLER_TYPE,UnitTag=UNIT_CLASS_CAVALRY; Percent=-50; UnitType=UNIT_SETTLER
civilization,Mongolia,Self-Syncretism Tradition,Jarugachi I,Antiquity,"+1 Influence and Production on Horse Resources, doubled in Captured Settlements from any Age.",,,MOD_UNLOCK_MONGOLIA_SYNCRETISM_ANTIQUITY
civilization,Mongolia,Self-Syncretism Tradition,Jarugachi II,Modern,"+2 Influence and Production on Horse Resources, doubled in Captured Settlements from any Age. +50% Combat Strength from Flanking for Cavalry Units.",,,MOD_UNLOCK_MONGOLIA_SYNCRETISM_MODERN
civilization,Mughal,Unique Ability,Paradise of Nations,Apex,"• +100% Gold yields.
• -25% to all other yields except Food.
• You can purchase Wonders with Gold, but they are 150% more expensive.
• +30% Production towards constructing the Red Fort.",,TRAIT_MOD_PARADISE_OF_NATIONS_GOLD_TYPE; TRAIT_MOD_PARADISE_OF_NATIONS_CITY_YIELD_PENALTY_TYPE; TRAIT_MOD_PARADISE_OF_NATIONS_YIELD_PENALTY_TYPE; TRAIT_MOD_PARADISE_OF_NATIONS_WONDER_PURCHASE_ABILITY_TYPE,"YieldType=YIELD_GOLD; Percent=100; YieldType=YIELD_PRODUCTION; Percent=-25; Tooltip=LOC_TRAIT_MUGHAL_ABILITY_NAME; YieldType=YIELD_CULTURE,YIELD_HAPPINESS,YIELD_SCIENCE,YIELD_DIPLOMACY; Percent=-25; Tooltip=LOC_TRAIT_MUGHAL_ABILITY_NAME; ConstructibleClass=WONDER; Percent=-150"
civilization,Mughal,Self-Syncretism Tradition,Karkhanas I,Antiquity,"+1 Gold on Farms in Towns, Warehouse Bonus.",,,MOD_UNLOCK_MUGHAL_SYNCRETISM_ANTIQUITY
civilization,Mughal,Self-Syncretism Tradition,Karkhanas II,Exploration,"+2 Gold on Farms in Towns, Warehouse Bonus.",,,MOD_UNLOCK_MUGHAL_SYNCRETISM_EXPLORATION
civilization,Nepal,Unique Ability,Roof of the World,Apex,LOC_TRAIT_NEPAL_ABILITY_DESCRIPTION,,MOD_NEPAL_IMPROVE_MOUNTAINS_TYPE; MOD_NEPAL_MOUNTAIN_WAREHOUSES_TYPE; MOD_EXPENSIVE_WAREHOUSE_BUILDINGS_TYPE,"ConstructibleType=IMPROVEMENT_INCA_MOUNTAIN; ConstructibleWarehouseYield=NepalBrickyardMountainProduction, NepalFishingQuayMountainFood, NepalHarborMountainProduction, NepalGranaryMountainFood, NepalSawPitMountainProduction; Tag=WAREHOUSE; YieldType=YIELD_HAPPINESS, YIELD_GOLD; Amount=1, 1; Tooltip=LOC_TRAIT_NEPAL_ABILITY_NAME"
civilization,Nepal,Self-Syncretism Tradition,Kumar and Kumari I,Antiquity,+1 Culture on Warehouse Buildings. +1 Influence on Mountains.,,,MOD_UNLOCK_NEPAL_SYNCRETISM_ANTIQUITY
civilization,Nepal,Self-Syncretism Tradition,Kumar and Kumari II,Exploration,+2 Culture on Warehouse Buildings. +1 Influence on Mountains.,,,MOD_UNLOCK_NEPAL_SYNCRETISM_EXPLORATION
civilization,Norman,Unique Ability,Normannitas,Apex,"• +5 Combat Strength for Land Units and Fortified Districts adjacent to Coast.
• +25 HP on Fortified Districts.
• +30% Production towards constructing the White Tower.","America, French Empire, Great Britain, Prussia",TRAIT_MOD_ADJACENT_TO_COAST_COMBAT_TYPE; TRAIT_MOD_NORMANNITAS_DISTRICT_ADJACENT_TO_COAST_COMBAT_TYPE; TRAIT_MOD_NORMANNITAS_WALL_HEALTH_TYPE,ModifierId=ATTACH_TRAIT_MOD_ADJACENT_TO_COAST_COMBAT; Amount=5; Amount=25; Tooltip=LOC_TRAIT_NORMAN_ABILITY_NAME
civilization,Norman,Self-Syncretism Tradition,Sauveté I,Antiquity,"+1 Culture and Gold on Fortified Districts, doubled in Captured Settlements from any Age. +25 HP on Fortified Districts.",,,MOD_UNLOCK_NORMAN_SYNCRETISM_ANTIQUITY
civilization,Norman,Self-Syncretism Tradition,Sauveté II,Modern,"+2 Culture and Gold on Fortified Districts, doubled in Captured Settlements from any Age. +25 HP on Fortified Districts.",,,MOD_UNLOCK_NORMAN_SYNCRETISM_MODERN
civilization,Ottomans,Unique Ability,Devlet-i ʿAlīye-i ʿOsmānīye,Apex,LOC_TRAIT_OTTOMANS_ABILITY_DESCRIPTION,,MOD_CIV_OTTOMAN_GOLDEN_AGE_CODEX_TYPE; MOD_CIV_OTTOMAN_CONQUEST_GREATWORK_TYPE; MOD_CIV_OTTOMAN_COMBAT_TYPE,ObjectType=GREATWORKOBJECT_WRITING; Amount=1; Amount=1; ModifierId=MOD_CIV_OTTOMAN_COMBAT_MODIFIER
civilization,Ottomans,Self-Syncretism Tradition,Mehterân I,Antiquity,+5 Combat Strength for Siege Units. +1 Movement for Siege and Support Units.,,,MOD_UNLOCK_OTTOMANS_SYNCRETISM_ANTIQUITY
civilization,Ottomans,Self-Syncretism Tradition,Mehterân II,Exploration,+5 Combat Strength for Siege Units. +1 Movement for Siege and Support Units. Training a Siege Unit grants Happiness towards Celebrations equal to 50% of the Unit’s Production cost.,,,MOD_UNLOCK_OTTOMANS_SYNCRETISM_EXPLORATION
civilization,Prussia,Unique Ability,Blood and Iron,Apex,"• +1 Combat Strength for Military Units for every Unfriendly or Hostile Relationship with another Leader.
• You may establish and retain Trade Routes with Civilizations that you are at War with.
• +30% Production towards constructing Brandenburg Gate.",,TRAIT_MOD_BLOOD_AND_IRON_COMBAT_STRENGTH_TYPE; TRAIT_MOD_ZOLLVEREIN_TRADE_DURING_WAR_TYPE,"Amount=1; RelationshipTypes=PLAYER_RELATIONSHIP_HOSTILE, PLAYER_RELATIONSHIP_UNFRIENDLY; TradeDuringWar=true"
civilization,Prussia,Self-Syncretism Tradition,Tugenden I,Antiquity,+2 Science from active Sanctions you started.,,,MOD_UNLOCK_PRUSSIA_SYNCRETISM_ANTIQUITY
civilization,Prussia,Self-Syncretism Tradition,Tugenden II,Exploration,+3 Science from active Sanctions you started.,,,MOD_UNLOCK_PRUSSIA_SYNCRETISM_EXPLORATION
civilization,Qajar,Unique Ability,Kayānī Crown,Apex,"• +50% Influence toward supporting Diplomatic Actions.
• +10 Food and Production in the Capital for every Settlement under the Settlement Limit.
• +30% Production towards constructing Eram Garden.",,MOD_CIV_QAJAR_DIPLOMACY_TYPE; MOD_CIV_QAJAR_YIELDS_UNDER_SETTLEMENT_CAP_AQ_TYPE,"ResponseType=DIPLOMACY_RESPONSE_SUPPORT; Percent=50; ApplyToTarget=false; Amount=2; YieldType=YIELD_FOOD,YIELD_PRODUCTION"
civilization,Qajar,Self-Syncretism Tradition,Waqāye'-e Ettefāqiya I,Antiquity,+1 Influence in the Capital for every Settlement under the Settlement Limit.,,,MOD_UNLOCK_QAJAR_SYNCRETISM_ANTIQUITY
civilization,Qajar,Self-Syncretism Tradition,Waqāye'-e Ettefāqiya II,Exploration,+1 Happiness and Influence in the Capital for every Settlement under the Settlement Limit.,,,MOD_UNLOCK_QAJAR_SYNCRETISM_EXPLORATION
civilization,Qing,Unique Ability,Kang Qian Shengshi,Apex,"• +3 Gold and +3 Culture for every imported Resource, but -6 Science for every Trade Route.
• +1 GDP per turn for imported Resources assigned to Cities.
• +1 Combat Strength for Land Units for every other Civilization you have a Trade Route with.
• +30% Production towards constructing Chengde Mountain Resort.",,TRAIT_MOD_AQ_SHENGSHI_GOLD_PER_IMPORTED_RESOURCE_TYPE; TRAIT_MOD_AQ_SHENGSHI_CULTURE_PER_IMPORTED_RESOURCE_TYPE; TRAIT_MOD_AQ_SHENGSHI_SCIENCE_MALUS_PER_TRADE_ROUTE_TYPE; TRAIT_MOD_SHENGSHI_COMBAT_STRENGTH_TYPE,YieldType=YIELD_GOLD; Amount=1; Imported=true; Tooltip=LOC_TRAIT_QING_ABILITY_NAME; YieldType=YIELD_CULTURE; Amount=1; Imported=true; Tooltip=LOC_TRAIT_QING_ABILITY_NAME; YieldType=YIELD_SCIENCE; Amount=-2; Tooltip=LOC_TRAIT_QING_ABILITY_NAME; AbilityType=ABILITY_SHENGSHI
civilization,Qing,Self-Syncretism Tradition,Ethnic Stratification I,Antiquity,+2 Resource Capacity in the Capital.,,,MOD_UNLOCK_QING_SYNCRETISM_ANTIQUITY
civilization,Qing,Self-Syncretism Tradition,Ethnic Stratification II,Exploration,+2 Resource Capacity in Cities founded by you.,,,MOD_UNLOCK_QING_SYNCRETISM_EXPLORATION
civilization,Republic of Pirates,Unique Ability,Flying Gang,Apex,LOC_TRAIT_PIRATE_REPUBLIC_ABILITY_DESCRIPTION,"French Empire, Great Britain",MOD_CIV_PIRATE_REPUBLIC_CAPTURE_NAVAL_GDP_TYPE; MOD_CIV_NAVAL_UNITS_FOREIGN_TERRITORY_TYPE; MOD_CIV_PIRATE_REPUBLIC_DISABLE_SETTLERS_TYPE; MOD_CIV_PIRATE_REPUBLIC_CAPTURE_SETTLERS_TYPE,VictoryType=VICTORY_ECONOMIC_MODERN; Points=5; ItemName=LOC_TRAIT_PIRATE_REPUBLIC_ABILITY_NAME; TypeData=CIVILIZATION; Enter=true; UnitType=UNIT_SETTLER; PermanentlyDisabled=true; CapturesUnitWithTag=UNIT_CLASS_CREATE_TOWN
civilization,Republic of Pirates,Self-Syncretism Tradition,Brethren of the Coast I,Antiquity,+2 Production on Districts on or adjacent to Coast. -1 Happiness on Districts not on or adjacent to Coast.,,,MOD_UNLOCK_PIRATE_REPUBLIC_SYNCRETISM_ANTIQUITY
civilization,Republic of Pirates,Self-Syncretism Tradition,Brethren of the Coast II,Modern,+3 Production on Districts on or adjacent to Coast. -2 Happiness on Districts not on or adjacent to Coast.,,,MOD_UNLOCK_PIRATE_REPUBLIC_SYNCRETISM_MODERN
civilization,Rome,Unique Ability,Twelve Tables,Apex,"• +1 Culture on Districts in the Capital and City Centers in Towns.
• Gain a free Infantry Unit in new Towns that you found.
• +30% Production towards constructing the Colosseum.","America, French Empire, Great Britain, Iceland, Norman, Ottomans, Prussia, Spain",TRAIT_MOD_TWELVE_TABLES_CAPITAL_TYPE; TRAIT_MOD_TWELVE_TABLES_TOWNS_TYPE; TRAIT_MOD_TWELVE_TABLES_TOWN_INFANTRY_TYPE; MOD_CIV_WONDER_PRODUCTION_ROME_TYPE,ModifierId=ATTACH_MOD_TWELVE_TABLES_CAPITAL; ModifierId=ATTACH_MOD_TWELVE_TABLES_TOWNS; UnitTag=UNIT_CLASS_INFANTRY; Amount=1; AllowUniqueOverride=true; Percent=30
civilization,Rome,Self-Syncretism Tradition,Limitanei I,Exploration,+1 Combat Strength for Infantry Units for every Tradition slotted in the Government.,,,MOD_UNLOCK_ROME_SYNCRETISM_EXPLORATION
civilization,Rome,Self-Syncretism Tradition,Limitanei II,Modern,+1 Combat Strength for Infantry Units for every Tradition slotted in the Government. +3 Culture in the Capital for every Town.,,,MOD_UNLOCK_ROME_SYNCRETISM_MODERN
civilization,Russia,Unique Ability,Prosveshchenie,Apex,"• +1 Culture on Quarters in Cities. +1 Science on Quarters in Cities in Tundra.
• +1 Food on Farms in Towns. +1 Production on Farms in Towns in Tundra, count as Warehouse Bonus.
• +30% Production towards constructing the Hermitage.",,PROSVESHCHENIE_CITY_YIELDS_TYPE; PROSVESHCHENIE_TOWN_FOOD_TYPE; PROSVESHCHENIE_TOWN_PRODUCTION_TYPE,"ModifierId=PROSVESHCHENIE_CITY_CULTURE,PROSVESHCHENIE_CITY_SCIENCE; WarehouseYieldChange=Prosveshchenie_DesertFloodplainFeatureFood,Prosveshchenie_GrasslandFloodplainFeatureFood,Prosveshchenie_PlainsFloodplainFeatureFood,Prosveshchenie_TropicalFloodplainFeatureFood,Prosveshchenie_TundraFloodplainFeatureFood,Prosveshchenie_FlatTerrainFood; Tooltip=LOC_TRAIT_RUSSIA_ABILITY_NAME; WarehouseYieldChange=Prosveshchenie_DesertFloodplainFeatureProduction,Prosveshchenie_GrasslandFloodplainFeatureProduction,Prosveshchenie_PlainsFloodplainFeatureProduction,Prosveshchenie_TropicalFloodplainFeatureProduction,Prosveshchenie_TundraFloodplainFeatureProduction,Prosveshchenie_FlatTerrainProduction; Tooltip=LOC_TRAIT_RUSSIA_ABILITY_NAME"
civilization,Russia,Self-Syncretism Tradition,Skazki I,Antiquity,+2 Culture on Wonders. +2 Science on Wonders in Tundra.,,,MOD_UNLOCK_RUSSIA_SYNCRETISM_ANTIQUITY
civilization,Russia,Self-Syncretism Tradition,Skazki II,Exploration,+3 Culture on Wonders. +3 Science on Wonders in Tundra.,,,MOD_UNLOCK_RUSSIA_SYNCRETISM_EXPLORATION
civilization,Shawnee,Unique Ability,Nepekifaki,Apex,LOC_TRAIT_SHAWNEE_ABILITY_DESCRIPTION,"America, Mexico",MOD_SHAWNEE_RIVER_FOOD_TYPE,ModifierId=ATTACH_MOD_SHAWNEE_RIVER_FOOD
civilization,Shawnee,Self-Syncretism Tradition,Strategic Gifts I,Antiquity,+1 Influence in Cities adjacent to Navigable Rivers. +2 Gold per City-State you are Suzerain of.,,,MOD_UNLOCK_SHAWNEE_SYNCRETISM_ANTIQUITY
civilization,Shawnee,Self-Syncretism Tradition,Strategic Gifts II,Modern,+2 Influence in Cities adjacent to Navigable Rivers. +4 Gold per City-State you are Suzerain of.,,,MOD_UNLOCK_SHAWNEE_SYNCRETISM_MODERN
civilization,Siam,Unique Ability,Itsaraphab,Apex,"• Gains a unique Diplomatic Action to immediately become Suzerain of a City-State at a higher Influence cost than Befriend Independent.
• +3 Influence for every Civilization you are Friendly or Helpful with.
• +12 Tourism for every City-State you are Suzerain of.
• +30% Production towards constructing Doi Suthep.",,TRAIT_MOD_ITSARAPHAB_TYPE; TRAIT_MOD_ITSARAPHAB_AQ_INFLUENCE_FRIENDLY_TYPE; TRAIT_MOD_ITSARAPHAB_AQ_INFLUENCE_HELPFUL_TYPE,ActionType=DIPLOMACY_ACTION_BECOME_SUZERAIN; RelationshipType=PLAYER_RELATIONSHIP_FRIENDLY; YieldType=YIELD_DIPLOMACY; Amount=1; Tooltip=LOC_TRAIT_SIAM_ABILITY_NAME; RelationshipType=PLAYER_RELATIONSHIP_HELPFUL; YieldType=YIELD_DIPLOMACY; Amount=1; Tooltip=LOC_TRAIT_SIAM_ABILITY_NAME
civilization,Siam,Self-Syncretism Tradition,Chatusadom I,Antiquity,+1 Culture and Influence on the Palace for each City-State you are Suzerain of.,,,MOD_UNLOCK_SIAM_SYNCRETISM_ANTIQUITY
civilization,Siam,Self-Syncretism Tradition,Chatusadom II,Exploration,+2 Culture and Influence on the Palace for each City-State you are Suzerain of.,,,MOD_UNLOCK_SIAM_SYNCRETISM_EXPLORATION
civilization,Silla Korea,Unique Ability,Maripgan,Apex,LOC_TRAIT_SILLA_ABILITY_DESCRIPTION,Mongolia,MOD_SILLA_ALLIANCE_ROUTE_TYPE; MOD_SILLA_INFLUENCE_PER_TRADE_PARTNER_TYPE; MOD_CIV_WONDER_PRODUCTION_SILLA_TYPE,AllianceCapitalRoutes=true; CapitalRoutesAwardGold=true; YieldType=YIELD_DIPLOMACY; Amount=1; Percent=30
civilization,Silla Korea,Self-Syncretism Tradition,Revised Bone-Rank I,Exploration,+1 Culture and Science for each imported Resource.,,,MOD_UNLOCK_SILLA_SYNCRETISM_EXPLORATION
civilization,Silla Korea,Self-Syncretism Tradition,Revised Bone-Rank II,Modern,+2 Culture and Science for each imported Resource.,,,MOD_UNLOCK_SILLA_SYNCRETISM_MODERN
civilization,Songhai,Unique Ability,Tarikh al-Sudan,Apex,"• +2 Resource Capacity in Cities on Navigable Rivers.
• +1 Production in Cities on Navigable Rivers for every Resource assigned to them.
• Can generate Homelands Treasure Convoys on Navigable Rivers after completing the Kanta Civic.
• +30% Production towards constructing the Tomb of Askia.",Buganda,TRAIT_MOD_SONGHAI_TOT_AQ_NAVIGABLE_RIVER_RESOURCE_CAP_TYPE; TRAIT_MOD_RESOURCE_PRODUCTION_TYPE,Amount=1; Amount=1; PercentMultiplier=false; YieldType=YIELD_PRODUCTION; Tooltip=LOC_TRAIT_SONGHAI_ABILITY_NAME
civilization,Songhai,Self-Syncretism Tradition,Charismatic Kingship I,Antiquity,"+1 Gold on Improvements on Desert Terrain, doubled on Unique Improvements.",,,MOD_UNLOCK_SONGHAI_SYNCRETISM_ANTIQUITY
civilization,Songhai,Self-Syncretism Tradition,Charismatic Kingship II,Modern,"+2 Gold on Improvements on Desert Terrain, doubled on Unique Improvements.",,,MOD_UNLOCK_SONGHAI_SYNCRETISM_MODERN
civilization,Spain,Unique Ability,Siglo de Oro,Apex,"• +2 Food, +2 Gold and +2 Production in Settlements adjacent to Coast and in Settlements following your own Religion, or +4 if it is both. Doubled in Settlements in Distant Lands.
• +15% Gold efficiency towards converting a Town to a City, or +30% Gold in Settlements in Distant Lands.
• +30% Production towards constructing El Escorial.",Mexico,TRAIT_MOD_TOT_AQ_COASTAL_SETTLEMENT_YIELDS_TYPE; TRAIT_MOD_TOT_AQ_ALTAR_SETTLEMENT_YIELDS_TYPE,"YieldType=YIELD_FOOD, YIELD_GOLD, YIELD_PRODUCTION; Amount=1; Tooltip=LOC_TRAIT_SPAIN_ABILITY_PREVIEW_COASTAL; YieldType=YIELD_FOOD, YIELD_GOLD, YIELD_PRODUCTION; Amount=1; Tooltip=LOC_TRAIT_SPAIN_ABILITY_PREVIEW_ALTAR"
civilization,Spain,Self-Syncretism Tradition,Corregidor I,Antiquity,+2 Gold on Districts on or adjacent to Coast.,,,MOD_UNLOCK_SPAIN_SYNCRETISM_ANTIQUITY
civilization,Spain,Self-Syncretism Tradition,Corregidor II,Modern,+2 Gold on Districts on or adjacent to Coast. +10% Food and Production in Cities in Distant Lands.,,,MOD_UNLOCK_SPAIN_SYNCRETISM_MODERN
civilization,Tonga,Unique Ability,Lords of the South,Apex,"• +1Influence Influence on the Palace and City Halls in Settlements adjacent to Coast.
• Receive a free Trade Route from a new City-State when you become their Suzerain.
• Cannot use the City-State - Incorporate or the Levy Unit Action.
• +30% Production towards constructing Ha'amonga 'a Maui.",Hawai'i,MOD_TONGA_PALACE_CITY_HALL_INFLUENCE_TYPE; MOD_TONGA_OCEAN_TRADE_TYPE; MOD_TONGA_CS_TRADE_TYPE; MOD_TONGA_MEET_DISTANT_LAND_CIVS_TYPE; MOD_TONGA_FORBID_INCOPERATE_TYPE; MOD_CIV_WONDER_PRODUCTION_TONGA_TYPE,"YieldType=YIELD_DIPLOMACY; Amount=1; ConstructibleType=BUILDING_CITY_HALL, BUILDING_PALACE; Tooltip=LOC_TRAIT_TONGA_ABILITY_NAME; Safe=TRUE; Percent=30"
civilization,Tonga,Self-Syncretism Tradition,T’ui Ha’atakalaua I,Exploration,+3 Culture and Gold in the Capital for every Trade Route with a City-State.,,,MOD_UNLOCK_TONGA_SYNCRETISM_EXPLORATION
civilization,Tonga,Self-Syncretism Tradition,T’ui Ha’atakalaua II,Modern,+4 Culture and Gold in the Capital for every Trade Route with a City-State.,,,MOD_UNLOCK_TONGA_SYNCRETISM_MODERN
civilization,Đại Việt,Unique Ability,Hịch Tướng Sĩ,Apex,LOC_TRAIT_DAI_VIET_ABILITY_DESCRIPTION,Siam,MOD_CIV_WALL_AQ_YIELD_TYPE; MOD_DAI_VIET_AQ_FORTIFICATION_CULTURE_TYPE; MOD_DAI_VIET_AQ_FORTIFICATION_FOOD_TYPE,Amount=15; YieldType=YIELD_CULTURE; YieldType=YIELD_CULTURE; Amount=1; Tooltip=LOC_TRAIT_DAI_VIET_ABILITY_NAME; YieldType=YIELD_FOOD; Amount=1; Tooltip=LOC_TRAIT_DAI_VIET_ABILITY_NAME
civilization,Đại Việt,Self-Syncretism Tradition,Hành Chính Công I,Antiquity,+1 Culture on Improvements and Districts on Vegetation in Tropical Terrain.,,,MOD_UNLOCK_DAI_VIET_SYNCRETISM_ANTIQUITY
civilization,Đại Việt,Self-Syncretism Tradition,Hành Chính Công II,Modern,+1 Culture and Food on Improvements and Districts on Vegetation in Tropical Terrain.,,,MOD_UNLOCK_DAI_VIET_SYNCRETISM_MODERN
leader,Ada Lovelace,Unique Ability,Enchantress of Number,Apex,"• Cities receive +2Science Science per Age when you complete a Civic Mastery. This resets at the start of each Age.
• Gain Culture equal to 100% of your total Science per turn when you complete a Technology Mastery.","Abbasid, Great Britain, Greece, Norman, Rome, Russia",ADA_LOVELACE_MOD_TECH_MASTERY_TYPE; ADA_LOVELACE_MOD_CIVIC_MASTERY_TYPE; ADA_LOVELACE_MOD_AGENDA_ANALYTICAL_ENGINE_TYPE,SystemType=SYSTEM_TECH; YieldTypeConverted=YIELD_SCIENCE; YieldType=YIELD_CULTURE; PercentYieldPerTurn=100; Depth=2; SystemType=SYSTEM_CULTURE; Amount=2; YieldType=YIELD_SCIENCE; ModName=LOC_DIPLOMACY_AGENDA_ANALYTICAL_ENGINE_NAME; Tooltip=LOC_DIPLOMACY_AGENDA_ANALYTICAL_ENGINE_DESC; WeightType=DIPLOMACY_AGENDA_COMPARE_NUM_MASTERIES; FirstMeetDelay=20; UpdateFreq=10; AwardTo1=DIPLOMACY_AGENDA_AWARD_HIGHEST; AwardAmtType1=DIPLOMACY_AGENDA_AMT_SMALL; AwardTo2=DIPLOMACY_AGENDA_AWARD_LOWEST; AwardAmtType2=DIPLOMACY_AGENDA_NEG_AMT_SMALL; NotifyMessage=LOC_NOTIFICATION_DIPLOMATIC_AGENDA_DEFAULT_MESSAGE; NotifySummary=LOC_NOTIFICATION_DIPLOMATIC_AGENDA_DEFAULT_SUMMARY
leader,Alexander,Unique Ability,King of the World,Apex,"• Cities other than your Capital with a Wonder get +10% Production and Culture, doubled if they are on a different Continent than your Capital.
• +2 Combat Strength for Land Military Units. +1 Combat Strength for Unique Military Units for every City with a Wonder other than your Capital (max 6).
• +2 Dominion for every City with a Wonder other than your Capital.
• Towns converted into Cities are renamed after Alexander.","Abbasid, French Empire, Greece, Mongolia, Ottomans, Achaemenid Persia",ALEXANDER_YIELD_BONUS_WITH_WONDER_CAPITAL_CONT_TYPE; ALEXANDER_YIELD_BONUS_WITH_WONDER_NOT_CAPITAL_CONT_TYPE; ALEXANDER_COMBAT_BONUS_BASE_TYPE; ALEXANDER_MOD_SETTLEMENT_MILITARY_VICTORY_TYPE; ALEXANDER_MOD_ALEXANDRIA_RENAME_TYPE; ALEXANDER_MOD_AGENDA_GODLIKE_BASILEUS_TYPE; ALEXANDER_WONDER_COMBAT_STRENGTH_1_TYPE; ALEXANDER_WONDER_COMBAT_STRENGTH_2_TYPE; ALEXANDER_WONDER_COMBAT_STRENGTH_3_TYPE; ALEXANDER_WONDER_COMBAT_STRENGTH_4_TYPE; ALEXANDER_WONDER_COMBAT_STRENGTH_5_TYPE; ALEXANDER_WONDER_COMBAT_STRENGTH_6_TYPE,"YieldType=YIELD_CULTURE, YIELD_PRODUCTION; Percent=10; Tooltip=LOC_ALEXANDER_KING_OF_THE_WORLD_NAME; YieldType=YIELD_CULTURE, YIELD_PRODUCTION; Percent=20; Tooltip=LOC_ALEXANDER_KING_OF_THE_WORLD_NAME; ModifierId=ALEXANDER_COMBAT_BONUS_BASE_ATTACH; TrackerName=VICTORY_TRACKER_SETTLEMENT_ALEXANDER; Rename=LOC_ALEXANDER_ALEXANDRIA_RENAME; AppendtoRename=true; ModName=LOC_DIPLOMACY_AGENDA_GODLIKE_BASILEUS_NAME; Tooltip=LOC_DIPLOMACY_AGENDA_GODLIKE_BASILEUS_DESC; WeightType=DIPLOMACY_AGENDA_COMPARE_NUM_CONQUERED_SETTLEMENTS; FirstMeetDelay=20; UpdateFreq=10; AwardTo1=DIPLOMACY_AGENDA_AWARD_HIGHEST; AwardAmtType1=DIPLOMACY_AGENDA_NEG_AMT_MEDIUM; AwardTo2=DIPLOMACY_AGENDA_AWARD_LOWEST; AwardAmtType2=DIPLOMACY_AGENDA_AMT_SMALL; NotifyMessage=LOC_NOTIFICATION_DIPLOMATIC_AGENDA_DEFAULT_MESSAGE; NotifySummary=LOC_NOTIFICATION_DIPLOMATIC_AGENDA_DEFAULT_SUMMARY; ModifierId=ATTACH_ALEXANDER_WONDER_COMBAT_STRENGTH_1; ModifierId=ATTACH_ALEXANDER_WONDER_COMBAT_STRENGTH_2; ModifierId=ATTACH_ALEXANDER_WONDER_COMBAT_STRENGTH_3; ModifierId=ATTACH_ALEXANDER_WONDER_COMBAT_STRENGTH_4; ModifierId=ATTACH_ALEXANDER_WONDER_COMBAT_STRENGTH_5; ModifierId=ATTACH_ALEXANDER_WONDER_COMBAT_STRENGTH_6"
leader,Amina,Unique Ability,Warrior-Queen of Zazzau,Apex,"• +1 Resource Capacity in Cities.
• +1 Gold per Age for each Resource assigned to Cities.
• +5 Combat Strength on all Units in Plains and Desert.","Abbasid, Aksum, Buganda, Egypt, Mexico, Republic of Pirates, Songhai",AMINA_MOD_RESOURCE_CAPACITY_TYPE; AMINA_MOD_RESOURCE_GOLD_TYPE; AMINA_LEAD_MOD_CHECK_FOR_BIOME_TYPE; AMINA_MOD_AGENDA_DESERT_OF_THE_WARRIOR_QUEEN_TYPE,Amount=1; YieldType=YIELD_GOLD; Amount=1; PercentMultiplier=false; AbilityType=ABILITY_AMINA_CHECK_FOR_BIOME; ModName=LOC_DIPLOMACY_AGENDA_DESERT_OF_THE_WARRIOR_QUEEN_NAME; Tooltip=LOC_DIPLOMACY_AGENDA_DESERT_OF_THE_WARRIOR_QUEEN_DESC; WeightType=DIPLOMACY_AGENDA_COMPARE_BIOMES; FirstMeetDelay=20; UpdateFreq=10; AwardTo1=DIPLOMACY_AGENDA_AWARD_HIGHER; AwardAmtType1=DIPLOMACY_AGENDA_NEG_AMT_MEDIUM; Arg1=BIOME_PLAINS; Arg2=BIOME_DESERT; Arg4=DIPLOMACY_AGENDA_INSTRUCTION_SETTLEMENT_CENTER_ONLY; AwardTo2=DIPLOMACY_AGENDA_AWARD_NONE; AwardAmtType2=DIPLOMACY_AGENDA_AMT_SMALL; NotifyMessage=LOC_NOTIFICATION_DIPLOMATIC_AGENDA_DEFAULT_MESSAGE; NotifySummary=LOC_NOTIFICATION_DIPLOMATIC_AGENDA_DEFAULT_SUMMARY
leader,"Ashoka, World Conqueror",Unique Ability,Devaraja,Apex,"• +1Production Production for every 5 excess Happiness in Cities.
• +10% Production in Settlements not founded by you.
• Declaring a Formal War grants a Celebration.
• +5 Combat Strength against Fortified Districts for all Units during a Celebration.","Chola, Hawai'i, Khmer, Maurya, Mughal, Nepal, Siam",ASHOKA_ALT_MOD_HAPPINESS_PRODUCTION_TYPE; ASHOKA_ALT_MOD_CAPTURED_SETTLEMENT_PRODUCTION_TYPE; ASHOKA_ALT_MOD_WAR_CELEBRATION_TYPE; ASHOKA_ALT_MOD_CONQUEROR_ABILITY_TYPE; ASHOKA_ALT_MOD_AGENDA_WITHOUT_REGRET_TYPE,YieldType=YIELD_PRODUCTION; Amount=1; Divisor=5; Tooltip=LOC_TRAIT_LEADER_ASHOKA_ALT_ABILITY_NAME; YieldType=YIELD_PRODUCTION; Percent=10; Tooltip=LOC_TRAIT_LEADER_ASHOKA_ALT_ABILITY_NAME; ModifierId=ASHOKA_CONQUEROR_MOD_ADJUST_UNIT_COMBAT_STRENGTH_MODIFIER; ModName=LOC_DIPLOMACY_AGENDA_WITHOUT_REGRET_NAME; Tooltip=LOC_DIPLOMACY_AGENDA_WITHOUT_REGRET_DESC; WeightType=DIPLOMACY_AGENDA_COMPARE_NUM_OWNED_TILES; FirstMeetDelay=20; UpdateFreq=10; AwardTo1=DIPLOMACY_AGENDA_AWARD_HIGHEST; AwardAmtType1=DIPLOMACY_AGENDA_NEG_AMT_MEDIUM; AwardTo2=DIPLOMACY_AGENDA_AWARD_LOWEST; AwardAmtType2=DIPLOMACY_AGENDA_AMT_MEDIUM; NotifyMessage=LOC_NOTIFICATION_DIPLOMATIC_AGENDA_DEFAULT_MESSAGE; NotifySummary=LOC_NOTIFICATION_DIPLOMATIC_AGENDA_DEFAULT_SUMMARY
leader,"Ashoka, World Renouncer",Unique Ability,Dhammaraja,Apex,"• +1 Food in Cities for every 5 excess Happiness.
• +10% Food in all Settlements during a Celebration.
• Unique Buildings gain a +1 Happiness adjacency for all Improvements.","Chola, Hawai'i, Khmer, Maurya, Mughal, Nepal, Siam",ASHOKA_MOD_WILDCARD_UNIQUE_BUILDING_ADJACENCY_TO_IMPROVEMENTS_TYPE; ASHOKA_MOD_HAPPINESS_FOOD_TYPE; ASHOKA_MOD_CELEBRATION_FOOD_TYPE; ASHOKA_MOD_AGENDA_WITHOUT_SORROW_TYPE,ConstructibleAdjacency=AshokaUniqueBuildingAdjacencyToImprovements; Tooltip=LOC_TRAIT_LEADER_ASHOKA_ABILITY_NAME; YieldType=YIELD_FOOD; Amount=1; Divisor=5; Tooltip=LOC_TRAIT_LEADER_ASHOKA_ABILITY_NAME; YieldType=YIELD_FOOD; Percent=10; ModName=LOC_DIPLOMACY_AGENDA_WITHOUT_SORROW_NAME; Tooltip=LOC_DIPLOMACY_AGENDA_WITHOUT_SORROW_DESC; WeightType=DIPLOMACY_AGENDA_COMPARE_YIELD_TYPE; FirstMeetDelay=20; UpdateFreq=10; AwardTo1=DIPLOMACY_AGENDA_AWARD_HIGHEST; AwardAmtType1=DIPLOMACY_AGENDA_AMT_MEDIUM; Arg1=YIELD_HAPPINESS; AwardTo2=DIPLOMACY_AGENDA_AWARD_LOWEST; AwardAmtType2=DIPLOMACY_AGENDA_NEG_AMT_MEDIUM; NotifyMessage=LOC_NOTIFICATION_DIPLOMATIC_AGENDA_DEFAULT_MESSAGE; NotifySummary=LOC_NOTIFICATION_DIPLOMATIC_AGENDA_DEFAULT_SUMMARY
leader,Augustus,Unique Ability,Imperium Maius,Apex,"• +2 Production in the Capital for every Town.
• Can purchase Culture Buildings in Towns with any Focus.
• +15% Gold towards purchasing Buildings in Towns. Doubled if that Building is present in your Capital.","Abbasid, Bulgaria, Carthage, Egypt, French Empire, Prussia, Rome, Spain",AUGUSTUS_MOD_CAPITAL_PRODUCTION_PER_TOWN_TYPE; AUGUSTUS_MOD_TOWN_PURCHASE_RATE_TYPE; AUGUSTUS_MOD_TOWN_PURCHASE_RATE_SAME_BUILDING_IN_CAPITAL_TYPE; AUGUSTUS_MOD_TOWN_CULTURE_BUILDING_TYPE; AUGUSTUS_MOD_AGENDA_RESTITUTOR_ORBIS_TYPE,YieldType=YIELD_PRODUCTION; Amount=2; Cities=false; Towns=true; Tooltip=LOC_TRAIT_LEADER_AUGUSTUS_ABILITY_NAME; ConstructibleClass=BUILDING; Percent=15; Tooltip=LOC_TRAIT_LEADER_AUGUSTUS_ABILITY_NAME; PurchaseDiscountReason=CAPITAL_HAS_SAME_BUILDING; Percent=15; Tooltip=LOC_TRAIT_LEADER_AUGUSTUS_ABILITY_NAME; ConstructibleTag=CULTURE; Tooltip=LOC_TRAIT_LEADER_AUGUSTUS_ABILITY_NAME; ModName=LOC_DIPLOMACY_AGENDA_RESTITUTOR_ORBIS_NAME; Tooltip=LOC_DIPLOMACY_AGENDA_RESTITUTOR_ORBIS_DESC; WeightType=DIPLOMACY_AGENDA_COMPARE_NUM_CITIES_TOWNS; FirstMeetDelay=20; UpdateFreq=10; AwardTo1=DIPLOMACY_AGENDA_AWARD_HIGHER; AwardAmtType1=DIPLOMACY_AGENDA_AMT_SMALL; AwardTo2=DIPLOMACY_AGENDA_AWARD_HIGHER; AwardAmtType2=DIPLOMACY_AGENDA_NEG_AMT_SMALL; NotifyMessage=LOC_NOTIFICATION_DIPLOMATIC_AGENDA_DEFAULT_MESSAGE; NotifySummary=LOC_NOTIFICATION_DIPLOMATIC_AGENDA_DEFAULT_SUMMARY
leader,Benjamin Franklin,Unique Ability,The First American,Apex,"• +1 Science per Age on Production and Science Buildings in Cities.
• +5% Production towards constructing Buildings for active Endeavors you have started or supported.
• +2 Science per Age from active Endeavors you started or supported.
• Can have two Endeavors of the same type active at a time.","America, French Empire, Great Britain, Greece, Norman, Rome, Spain",FRANKLIN_MOD_PRODUCTION_BUILDING_RATE_PER_NUM_ACTIVE_DIPLOMATIC_ACTIONS_TYPE; FRANKLIN_MOD_PRODUCTION_BUILDING_SCIENCE_TYPE; FRANKLIN_MOD_SCIENCE_BUILDING_SCIENCE_TYPE; FRANKLIN_MOD_DIPLO_EVENT_SCIENCE_TYPE; FRANKLIN_MOD_EXTRA_SINGLE_INSTANT_DIPLO_ACTIONS_TYPE; FRANKLIN_MOD_AGENDA_CIVIC_VIRTUE_TYPE; FRANKLIN_MOD_AGENDA_CIVIC_VIRTUE_DESCRIPTION_TYPE,Percent=5; ConstructibleClass=BUILDING; DiplomaticActionGroup=DIPLOMACY_ACTION_GROUP_ENDEAVOR; CountOnlyStartedOrSupportedActions=True; Tag=PRODUCTION; YieldType=YIELD_SCIENCE; Amount=1; Tooltip=LOC_TRAIT_LEADER_BENJAMIN_FRANKLIN_ABILITY_NAME; Tag=SCIENCE; YieldType=YIELD_SCIENCE; Amount=1; Tooltip=LOC_TRAIT_LEADER_BENJAMIN_FRANKLIN_ABILITY_NAME; ActionGroupType=DIPLOMACY_ACTION_GROUP_ENDEAVOR; YieldType=YIELD_SCIENCE; Amount=2; Tooltip=LOC_TRAIT_LEADER_BENJAMIN_FRANKLIN_ABILITY_NAME; ModName=LOC_DIPLOMACY_EXTRA_SINGLE_INSTANCE_NAME; Tooltip=LOC_DIPLOMACY_EXTRA_SINGLE_INSTANCE_DESC; Modifier1Type=DIPLOMACY_BASIC_MODIFIER_VALUE_EXTRA_SINGLE_INSTANCE_ENDEAVOR; Modifier1Value=1.0; NotifyMessage=LOC_NOTIFICATION_DIPLOMATIC_AGENDA_DEFAULT_MESSAGE; NotifySummary=LOC_NOTIFICATION_DIPLOMATIC_AGENDA_DEFAULT_SUMMARY; ModName=LOC_DIPLOMACY_AGENDA_CIVIC_VIRTUE_NAME; Tooltip=LOC_DIPLOMACY_AGENDA_CIVIC_VIRTUE_DESC; Modifier1Type=DIPLOMACY_BASIC_MODIFIER_VALUE_CIVIC_VIRTUE; Modifier1Value=1.0; NotifyMessage=LOC_NOTIFICATION_DIPLOMATIC_AGENDA_DEFAULT_MESSAGE; NotifySummary=LOC_NOTIFICATION_DIPLOMATIC_AGENDA_DEFAULT_SUMMARY; ModName=LOC_DIPLOMACY_AGENDA_CIVIC_VIRTUE_NAME; Tooltip=LOC_DIPLOMACY_AGENDA_CIVIC_VIRTUE_DESC; WeightType=DIPLOMACY_AGENDA_JUST_DESCRIPTION; FirstMeetDelay=200; UpdateFreq=100; AwardTo1=DIPLOMACY_AGENDA_AWARD_IGNORE; AwardAmtType1=DIPLOMACY_AGENDA_AMT_SMALL; NotifyMessage=LOC_NOTIFICATION_DIPLOMATIC_AGENDA_DEFAULT_MESSAGE; NotifySummary=LOC_NOTIFICATION_DIPLOMATIC_AGENDA_DEFAULT_SUMMARY
leader,Catherine the Great,Unique Ability,Star of the North,Apex,"• +2 Culture per Age on displayed Great Works.
• Buildings and Wonders with Great Work slots gain 1 additional slot.
• Cities settled in Tundra gain Science equal to 25% of their Culture per turn.","Bulgaria, Greece, Mongolia, Norman, Prussia, Rome, Russia",CATHERINE_MOD_GREAT_WORK_CULTURE_TYPE; CATHERINE_MOD_CONSTRUCTIBLE_GREAT_WORK_SLOTS_TYPE; CATHERINE_MOD_CITY_SCIENCE_TYPE; CATHERINE_MOD_AGENDA_DUSHA_TYPE,YieldType=YIELD_CULTURE; Amount=2; Tooltip=LOC_TRAIT_LEADER_CATHERINE_ABILITY_NAME; Amount=1; SlotType=GREATWORKSLOT_ANY; FromYieldType=YIELD_CULTURE; ToYieldType=YIELD_SCIENCE; Percent=25; Tooltip=LOC_TRAIT_LEADER_CATHERINE_ABILITY_NAME; ModName=LOC_DIPLOMACY_AGENDA_DUSHA_NAME; Tooltip=LOC_DIPLOMACY_AGENDA_DUSHA_DESC; WeightType=DIPLOMACY_AGENDA_COMPARE_NUM_GREAT_WORKS; FirstMeetDelay=20; UpdateFreq=10; AwardTo1=DIPLOMACY_AGENDA_AWARD_HIGHEST; AwardAmtType1=DIPLOMACY_AGENDA_NEG_AMT_MEDIUM; AwardTo2=DIPLOMACY_AGENDA_AWARD_LOWEST; AwardAmtType2=DIPLOMACY_AGENDA_AMT_MEDIUM; NotifyMessage=LOC_NOTIFICATION_DIPLOMATIC_AGENDA_DEFAULT_MESSAGE; NotifySummary=LOC_NOTIFICATION_DIPLOMATIC_AGENDA_DEFAULT_SUMMARY
leader,Charlemagne,Unique Ability,Father of Europe,Apex,"• Military and Science Buildings receive a +1 Happiness adjacency for Fortifications.
• Gain 2 free Cavalry Units, once unlocked, when entering a Celebration.
• +5 Combat Strength for Cavalry Units during a Celebration.","Bulgaria, French Empire, Greece, Norman, Prussia, Rome, Spain",CHARLEMAGNE_MOD_MILITARY_BUILDING_ADJACENCY_TYPE; CHARLEMAGNE_MOD_SCIENCE_BUILDING_ADJACENCY_TYPE; CHARLEMAGNE_MOD_UNITS_ON_GOLDEN_AGE_TYPE; CHARLEMAGNE_MOD_CAVALRY_ABILITY_TYPE; CHARLEMAGNE_MOD_AGENDA_THE_GOLDEN_SHEPHERD_TYPE,ConstructibleAdjacency=CharlemagneMilitaryBuildingHappiness; Tooltip=LOC_TRAIT_LEADER_CHARLEMAGNE_ABILITY_NAME; ConstructibleAdjacency=CharlemagneScienceBuildingHappiness; Tooltip=LOC_TRAIT_LEADER_CHARLEMAGNE_ABILITY_NAME; UnitTag=UNIT_CLASS_CAVALRY; Amount=2; AllowUniqueOverride=true; AbilityType=ABILITY_CHARLEMAGNE_CAVALRY; ModName=LOC_DIPLOMACY_AGENDA_THE_GOLDEN_SHEPHERD_NAME; Tooltip=LOC_DIPLOMACY_AGENDA_THE_GOLDEN_SHEPHERD_DESC; WeightType=DIPLOMACY_AGENDA_COMPARE_GOLDEN_AGES; FirstMeetDelay=20; UpdateFreq=10; AwardTo1=DIPLOMACY_AGENDA_AWARD_HIGHEST; AwardAmtType1=DIPLOMACY_AGENDA_AMT_MEDIUM; AwardTo2=DIPLOMACY_AGENDA_AWARD_LOWEST; AwardAmtType2=DIPLOMACY_AGENDA_NEG_AMT_MEDIUM; NotifyMessage=LOC_NOTIFICATION_DIPLOMATIC_AGENDA_DEFAULT_MESSAGE; NotifySummary=LOC_NOTIFICATION_DIPLOMATIC_AGENDA_DEFAULT_SUMMARY
leader,Confucius,Unique Ability,Keju,Apex,"• +25% Growth Rate in Cities.
• +2 Science from Specialists.","Han, Ming, Mongolia, Qing",CONFUCIUS_MOD_CITY_GROWTH_TYPE; CONFUCIUS_MOD_WORKER_SCIENCE_TYPE; CONFUCIUS_MOD_AGENDA_GUANXI_TYPE,Percent=25; Tooltip=LOC_TRAIT_LEADER_CONFUCIUS_ABILITY_NAME; YieldType=YIELD_SCIENCE; Amount=2; Tooltip=LOC_TRAIT_LEADER_CONFUCIUS_ABILITY_NAME; ModName=LOC_DIPLOMACY_AGENDA_GUANXI_NAME; Tooltip=LOC_DIPLOMACY_AGENDA_GUANXI_DESC; WeightType=DIPLOMACY_AGENDA_COMPARE_DISTRICT_SPECIALISTS; FirstMeetDelay=20; UpdateFreq=10; AwardTo1=DIPLOMACY_AGENDA_AWARD_HIGHEST; AwardAmtType1=DIPLOMACY_AGENDA_AMT_MEDIUM; AwardTo2=DIPLOMACY_AGENDA_AWARD_LOWEST; AwardAmtType2=DIPLOMACY_AGENDA_NEG_AMT_SMALL; NotifyMessage=LOC_NOTIFICATION_DIPLOMATIC_AGENDA_DEFAULT_MESSAGE; NotifySummary=LOC_NOTIFICATION_DIPLOMATIC_AGENDA_DEFAULT_SUMMARY
leader,Edward Teach,Unique Ability,Blackbeard,Apex,"• All Naval Units gain the Pirate Ability, allowing them to cross borders of other Civilizations, Plunder Trade Routes from non-Allied Civilizations, and attack Units of non-Allied Civilizations without declaring War.
• Defeating any Naval Unit with your own Naval Units provides Gold equal to 50% of its Combat Strength and captures that Unit under your control.
• +1 Gold Maintenance for Naval Units.","Aksum, Carthage, French Empire, Great Britain, Iceland, Republic of Pirates, Spain",EDWARD_TEACH_MOD_ALL_NAVAL_UNITS_PIRATES_TYPE; EDWARD_TEACH_MOD_ENTER_FOREIGN_MOD_ADJUST_UNIT_ENTER_FOREIGN_LANDS_TYPE; EDWARD_TEACH_MOD_PLUNDER_TRADE_ROUTES_BETWEEN_OTHER_CIVS_TYPE; EDWARD_TEACH_MOD_GOLD_KILLS_TYPE; EDWARD_TEACH_MOD_CAPTURE_TYPE; EDWARD_TEACH_MOD_NAVAL_MAINTENANCE_TYPE; EDWARD_TEACH_MOD_AGENDA_TYPE,Privateer=true; Enter=true; CanPlunder=true; ModifierId=EDWARD_TEACH_MOD_GOLD_KILLS_MODIFIER; CanCapture=true; Amount=-1; UnitTag=UNIT_CLASS_NAVAL; Tooltip=LOC_TRAIT_LEADER_EDWARD_TEACH_ABILITY_NAME; ModName=LOC_DIPLOMACY_AGENDA_EDWARD_TEACH_NAME; Tooltip=LOC_DIPLOMACY_AGENDA_EDWARD_TEACH_DESC; WeightType=DIPLOMACY_AGENDA_COMPARE_NUM_UNIT_TAGS; FirstMeetDelay=20; UpdateFreq=10; AwardTo1=DIPLOMACY_AGENDA_AWARD_HIGHEST; AwardAmtType1=DIPLOMACY_AGENDA_AMT_SMALL; Arg1=UNIT_CLASS_NAVAL; AwardTo2=DIPLOMACY_AGENDA_AWARD_LOWEST; AwardAmtType2=DIPLOMACY_AGENDA_NEG_AMT_SMALL; NotifyMessage=LOC_NOTIFICATION_DIPLOMATIC_AGENDA_DEFAULT_MESSAGE; NotifySummary=LOC_NOTIFICATION_DIPLOMATIC_AGENDA_DEFAULT_SUMMARY
leader,"Friedrich, Baroque",Unique Ability,Hohenfriedberger Marsch,Apex,"• Gain a Great Work when you capture a Settlement for the first time.
• +1 Culture per Age on displayed Great Works.
• Gain an Infantry Unit when you complete a Civic Mastery or construct a Culture Building.","Egypt, French Empire, Norman, Prussia, Rome, Spain",FRIEDRICH_ALT_MOD_GREATWORK_TYPE; FRIEDRICH_ALT_MOD_INFANTRY_CONSTRUCT_CULTURE_TYPE; FRIEDRICH_ALT_MOD_INFANTRY_CIVIC_TYPE; FRIEDRICH_ALT_MOD_GREAT_WORK_CULTURE_TYPE; FRIEDRICH_ALT_MOD_AGENDA_BAROQUE_TYPE,Amount=1; AllowUniqueOverride=true; UnitTag=UNIT_CLASS_INFANTRY; Amount=1; SystemType=SYSTEM_CULTURE; UnitTag=UNIT_CLASS_INFANTRY; AllowUniqueOverride=true; Amount=1; Depth=2; YieldType=YIELD_CULTURE; Amount=1; Tooltip=LOC_TRAIT_LEADER_FRIEDRICH_ALT_ABILITY_NAME; ModName=LOC_DIPLOMACY_AGENDA_BAROQUE_NAME; Tooltip=LOC_DIPLOMACY_AGENDA_BAROQUE_DESC; WeightType=DIPLOMACY_AGENDA_COMPARE_BAROQUE; FirstMeetDelay=10; UpdateFreq=10; AwardTo1=DIPLOMACY_AGENDA_AWARD_ALL; AwardAmtType1=DIPLOMACY_AGENDA_AMT_SMALL; AwardTo2=DIPLOMACY_AGENDA_AWARD_ALL; AwardAmtType2=DIPLOMACY_AGENDA_AMT_CUSTOM; AwardAmt2=-1; NotifyMessage=LOC_NOTIFICATION_DIPLOMATIC_AGENDA_DEFAULT_MESSAGE; NotifySummary=LOC_NOTIFICATION_DIPLOMATIC_AGENDA_DEFAULT_SUMMARY
leader,"Friedrich, Oblique",Unique Ability,Berlin Academy,Apex,"• Army Commanders start with the Merit Commendation, granting them +1 Command Radius.
• Gain an Infantry Unit when you complete a Technology Mastery or construct a Science Building.
• +2 Science per Age for each Commendation earned by your Commanders.","Egypt, French Empire, Norman, Prussia, Rome, Spain",FRIEDRICH_MOD_COMMANDER_COMMENDATION_TYPE; FRIEDRICH_MOD_COMMENDATION_SCIENCE_YIELD_TYPE; FRIEDRICH_MOD_INFANTRY_CONSTRUCT_SCIENCE_TYPE; FRIEDRICH_MOD_INFANTRY_TECH_TYPE; FRIEDRICH_MOD_AGENDA_TO_ARMS_TYPE,UnitPromotionType=PROMOTION_COMMENDATION_ARMY_MERIT; UnitPromotionDisciplineType=DISCIPLINE_ARMY_COMMENDATION_MERIT; YieldType=YIELD_SCIENCE; Amount=2; CommendationsOnly=true; AllowUniqueOverride=true; UnitTag=UNIT_CLASS_INFANTRY; Amount=1; SystemType=SYSTEM_TECH; UnitTag=UNIT_CLASS_INFANTRY; AllowUniqueOverride=true; Amount=1; Depth=2; ModName=LOC_DIPLOMACY_AGENDA_TO_ARMS_NAME; Tooltip=LOC_DIPLOMACY_AGENDA_TO_ARMS_DESC; WeightType=DIPLOMACY_AGENDA_COMPARE_NUM_COMBAT_UNITS; FirstMeetDelay=20; UpdateFreq=10; AwardTo1=DIPLOMACY_AGENDA_AWARD_LOWEST; AwardAmtType1=DIPLOMACY_AGENDA_NEG_AMT_MEDIUM; AwardTo2=DIPLOMACY_AGENDA_AWARD_HIGHEST; AwardAmtType2=DIPLOMACY_AGENDA_AMT_SMALL; NotifyMessage=LOC_NOTIFICATION_DIPLOMATIC_AGENDA_DEFAULT_MESSAGE; NotifySummary=LOC_NOTIFICATION_DIPLOMATIC_AGENDA_DEFAULT_SUMMARY
leader,Genghis Khan,Unique Ability,Chosen of Tengri,Apex,"• +3 Combat Strength for Cavalry Units, or +5 when in an Army Command Radius.
• Army Commanders have +1 Movement even when no Units are packed into them.
• Once per Age, Army Commanders can use the Convert Independents Action to convert adjacent Independent Military Units to your control.","Assyria, Bulgaria, Mongolia, Mughal, Achaemenid Persia, Prussia",GENGHIS_KHAN_ARMY_COMMANDER_ABILITY_TYPE; GENGHIS_KHAN_MOD_AGENDA_TUMEN_TYPE; GENGHIS_KHAN_CAVALRY_COMBAT_STRENGTH_TYPE,AbilityType=ABILITY_GENGHIS_KHAN_ARMY_COMMANDER; ModName=LOC_DIPLOMACY_AGENDA_TUMEN_NAME; Tooltip=LOC_DIPLOMACY_AGENDA_TUMEN_DESC; WeightType=DIPLOMACY_AGENDA_COMPARE_NUM_UNIT_TAGS; FirstMeetDelay=20; UpdateFreq=10; AwardTo1=DIPLOMACY_AGENDA_AWARD_LOWEST; AwardAmtType1=DIPLOMACY_AGENDA_AMT_MEDIUM; Arg1=UNIT_CLASS_CAVALRY; AwardTo2=DIPLOMACY_AGENDA_AWARD_HIGHEST; AwardAmtType2=DIPLOMACY_AGENDA_NEG_AMT_SMALL; NotifyMessage=LOC_NOTIFICATION_DIPLOMATIC_AGENDA_DEFAULT_MESSAGE; NotifySummary=LOC_NOTIFICATION_DIPLOMATIC_AGENDA_DEFAULT_SUMMARY; AbilityType=ABILITY_GENGHIS_KHAN_NO_COMMAND_RADIUS_COMBAT
leader,Gilgamesh,Unique Ability,"Once Mortal, Twice Divine",Apex,"• +2 War Support when in only one Alliance.
• When one of your Military Units defeats an enemy Unit, gain Influence equal to 50% of the defeated Unit's Combat Strength.
• All basic Endeavors are automatically unlocked. Endeavors with Allies don’t count against the limit of having one Endeavor of a given type active at a time. Allies can support your Endeavors for free.","Abbasid, Assyria, Chola, French Empire, Norman, Ottomans, Achaemenid Persia",GILGAMESH_SINGLE_ALLY_WAR_SUPPORT_TYPE; GILGAMESH_INFLUENCE_TYPE; GILGAMESH_ALLIES_CAN_SUPPORT_ENDEAVORS_FOR_FREE_TYPE; GILGAMESH_ENDEAVORS_WITH_ALLIES_HAVE_NO_LIMIT_PER_TYPE_TYPE; GILGAMESH_MOD_ULOCK_ALL_ENDEAVORS_TYPE; GILGAMESH_MOD_AGENDA_ALLY_OF_ENKIDU_TYPE,"ActionType=DIPLOMACY_ACTION_DECLARE_WAR; Amount=2; ModifierId=GILGAMESH_INFLUENCE_MODIFIER; ResponseType=DIPLOMACY_RESPONSE_SUPPORT; Percent=100; ApplyToAlliesOnly=true; Value=true; ActionType=DIPLOMACY_ACTION_RESEARCH_COLLABORATION, DIPLOMACY_ACTION_CULTURAL_EXCHANGE, DIPLOMACY_ACTION_MINOR_TRADE, DIPLOMACY_ACTION_LOCAL_FESTIVALS, DIPLOMACY_ACTION_FARMERS_MARKET, DIPLOMACY_ACTION_MILITARY_AID; ModName=LOC_DIPLOMACY_AGENDA_ALLY_OF_ENKIDU_NAME; Tooltip=LOC_DIPLOMACY_AGENDA_ALLY_OF_ENKIDU_DESC; WeightType=DIPLOMACY_AGENDA_COMPARE_NUM_STARTED_OR_SUPPORTED_ENDEAVORS_AND_ACTIVE_ALLIANCES; Arg1=DIPLOMACY_ACTION_GROUP_ENDEAVOR; AwardTo1=DIPLOMACY_AGENDA_AWARD_HIGHEST; AwardAmtType1=DIPLOMACY_AGENDA_AMT_MEDIUM; AwardTo2=DIPLOMACY_AGENDA_AWARD_FOR_EACH; AwardAmtType2=DIPLOMACY_AGENDA_NEG_AMT_SMALL; FirstMeetDelay=1; UpdateFreq=10; NotifyMessage=LOC_NOTIFICATION_DIPLOMATIC_AGENDA_DEFAULT_MESSAGE; NotifySummary=LOC_NOTIFICATION_DIPLOMATIC_AGENDA_DEFAULT_SUMMARY"
leader,Harriet Tubman,Unique Ability,Combahee Raid,Apex,"• +100% Influence towards initiating Espionage Actions. Gain a Migrant in the Capital whenever you complete an Espionage Action without being detected.
• Gain 5 War Support on all Wars declared against you.
• Vegetated Terrain does not end Unit Movement.","Aksum, America, Buganda, Egypt, Inca, Songhai",HARRIET_TUBMAN_MOD_ADJUST_ESPIONAGE_TYPE; HARRIET_TUBMAN_MOD_ESPIONAGE_MIGRANT_TYPE; HARRIET_TUBMAN_MOD_WAR_SUPPORT_TYPE; HARRIET_TUBMAN_MOD_IGNORE_VEGETATION_TYPE; HARRIET_TUBMAN_MOD_AGENDA_VERACITY_TYPE,ActionGroupType=DIPLOMACY_ACTION_GROUP_ESPIONAGE; Percent=100; UnitType=UNIT_MIGRANT; ActionType=DIPLOMACY_ACTION_DECLARE_WAR; OnlyWhenTarget=true; Amount=5; FeatureClassTypes=FEATURE_CLASS_VEGETATED; ModName=LOC_DIPLOMACY_AGENDA_VERACITY_NAME; Tooltip=LOC_DIPLOMACY_AGENDA_VERACITY_DESC; AwardAmtTypeFormal=DIPLOMACY_AGENDA_AMT_MEDIUM; AwardAmtTypeSurprise=DIPLOMACY_AGENDA_NEG_AMT_MEDIUM; NotifyMessage=LOC_NOTIFICATION_DIPLOMATIC_AGENDA_DEFAULT_MESSAGE; NotifySummary=LOC_NOTIFICATION_DIPLOMATIC_AGENDA_DEFAULT_SUMMARY
leader,Hatshepsut,Unique Ability,God's Wife of Amun,Apex,"• +1 Culture per Age for every unique Resource.
• +15% Production towards constructing Buildings and Wonders in Cities adjacent to Navigable Rivers.","Abbasid, Aksum, Buganda, Carthage, Egypt, Mughal, Songhai",HATSHEPSUT_MOD_CULTURE_FROM_RESOURCES_TYPE; HATSHEPSUT_MOD_BUILDING_PRODUCTION_RIVER_TYPE; HATSHEPSUT_MOD_AGENDA_WONDERS_OF_ITERU_TYPE,YieldType=YIELD_CULTURE; Amount=1; Percent=15; Tooltip=LOC_TRAIT_LEADER_HATSHEPSUT_ABILITY_NAME; ModName=LOC_DIPLOMACY_AGENDA_WONDERS_OF_ITERU_NAME; Tooltip=LOC_DIPLOMACY_AGENDA_WONDERS_OF_ITERU_DESC; WeightType=DIPLOMACY_AGENDA_COMPARE_NUM_WONDERS; FirstMeetDelay=20; UpdateFreq=10; AwardTo1=DIPLOMACY_AGENDA_AWARD_HIGHER; AwardAmtType1=DIPLOMACY_AGENDA_NEG_AMT_MEDIUM; AwardTo2=DIPLOMACY_AGENDA_AWARD_LOWER; AwardAmtType2=DIPLOMACY_AGENDA_AMT_MEDIUM; NotifyMessage=LOC_NOTIFICATION_DIPLOMATIC_AGENDA_DEFAULT_MESSAGE; NotifySummary=LOC_NOTIFICATION_DIPLOMATIC_AGENDA_DEFAULT_SUMMARY
leader,"Himiko, High Shaman",Unique Ability,Miko of Amaterasu,Apex,"• +2 Happiness per Age on Happiness and Influence Diplomacy Buildings, doubled if a Building is both.
• +50% Production towards constructing Happiness and Influence Diplomacy Buildings, doubled if a Building is both.
• +15% Culture but -15% Science, and these effects are doubled while in a Celebration.","Hawai'i, Khmer, Majapahit, Meiji Japan, Mississippian, Siam, Tonga",HIMIKO_ALT_MOD_HAPPINESS_BUILDING_HAPPINESS_TYPE; HIMIKO_ALT_MOD_DIPLOMACY_BUILDING_HAPPINESS_TYPE; HIMIKO_ALT_MOD_HAPPINESS_BUILDING_PRODUCTION_RATE_TYPE; HIMIKO_ALT_MOD_DIPLOMACY_BUILDING_PRODUCTION_RATE_TYPE; HIMIKO_ALT_MOD_CULTURE_BOOST_TYPE; HIMIKO_ALT_MOD_SCIENCE_PENALTY_TYPE; HIMIKO_ALT_MOD_CULTURE_BOOST_CELEBRATION_TYPE; HIMIKO_ALT_MOD_SCIENCE_PENALTY_CELEBRATION_TYPE; HIMIKO_ALT_MOD_AGENDA_SHAMAN_QUEEN_TYPE,YieldType=YIELD_HAPPINESS; Amount=2; Tag=HAPPINESS; Tooltip=LOC_TRAIT_LEADER_HIMIKO_ALT_ABILITY_NAME; YieldType=YIELD_HAPPINESS; Amount=2; Tag=DIPLOMACY; Tooltip=LOC_TRAIT_LEADER_HIMIKO_ALT_ABILITY_NAME; Tag=HAPPINESS; Percent=50; Tooltip=LOC_TRAIT_LEADER_HIMIKO_ALT_ABILITY_NAME; Tag=DIPLOMACY; Percent=50; Tooltip=LOC_TRAIT_LEADER_HIMIKO_ALT_ABILITY_NAME; YieldType=YIELD_CULTURE; Percent=15; Tooltip=LOC_TRAIT_LEADER_HIMIKO_ALT_ABILITY_NAME; YieldType=YIELD_SCIENCE; Percent=-15; Tooltip=LOC_TRAIT_LEADER_HIMIKO_ALT_ABILITY_NAME; YieldType=YIELD_CULTURE; Percent=30; Tooltip=LOC_TRAIT_LEADER_HIMIKO_ALT_ABILITY_NAME; YieldType=YIELD_SCIENCE; Percent=-30; Tooltip=LOC_TRAIT_LEADER_HIMIKO_ALT_ABILITY_NAME; ModName=LOC_DIPLOMACY_AGENDA_SHAMAN_QUEEN_NAME; Tooltip=LOC_DIPLOMACY_AGENDA_SHAMAN_QUEEN_DESC; WeightType=DIPLOMACY_AGENDA_COMPARE_DISTRICTS2; FirstMeetDelay=20; UpdateFreq=10; AwardTo1=DIPLOMACY_AGENDA_AWARD_ALL; AwardAmtType1=DIPLOMACY_AGENDA_AMT_SMALL; Arg1=CULTURE; Arg2=HAPPINESS; AwardTo2=DIPLOMACY_AGENDA_AWARD_ALL; AwardAmtType2=DIPLOMACY_AGENDA_NEG_AMT_SMALL; Arg3=SCIENCE; Arg4=GOLD; NotifyMessage=LOC_NOTIFICATION_DIPLOMATIC_AGENDA_DEFAULT_MESSAGE; NotifySummary=LOC_NOTIFICATION_DIPLOMATIC_AGENDA_DEFAULT_SUMMARY
leader,"Himiko, Queen of Wa",Unique Ability,Friend of Wei,Apex,"• Gain a unique Endeavor called Friend of Wei that can be performed in an Alliance to grant you and your ally +25% Science.
• +4 Science per Age for every Leader you are Friendly or Helpful with.
• Can Support Endeavors for free, but Rejecting Diplomatic Actions costs +100% Influence.","Hawai'i, Khmer, Majapahit, Meiji Japan, Mississippian, Siam, Tonga",HIMIKO_MOD_FRIEND_OF_WA_TYPE; HIMIKO_MOD_SCIENCE_BONUS_FRIENDLY_TYPE; HIMIKO_MOD_SCIENCE_BONUS_HELPFUL_TYPE; HIMIKO_MOD_NO_COST_ENDEAVOR_ACCEPT_TYPE; HIMIKO_MOD_DIPLOMATIC_RESPONSE_REJECT_COST_INCREASE_TYPE; HIMIKO_MOD_AGENDA_YAMATAI_TYPE,ActionType=DIPLOMACY_ACTION_FRIEND_OF_WA; RelationshipType=PLAYER_RELATIONSHIP_FRIENDLY; YieldType=YIELD_SCIENCE; Amount=4; RelationshipType=PLAYER_RELATIONSHIP_HELPFUL; YieldType=YIELD_SCIENCE; Amount=4; ModName=LOC_DIPLOMACY_NO_COST_ENDEAVOR_SUPPORT_NAME; Tooltip=LOC_DIPLOMACY_NO_COST_ENDEAVOR_SUPPORT_DESC; Modifier1Type=DIPLOMACY_BASIC_MODIFIER_VALUE_SUPPORT_ENDEAVOR_DISCOUNT; Modifier1Value=100.0; NotifyMessage=LOC_NOTIFICATION_DIPLOMATIC_AGENDA_DEFAULT_MESSAGE; NotifySummary=LOC_NOTIFICATION_DIPLOMATIC_AGENDA_DEFAULT_SUMMARY; ResponseType=DIPLOMACY_RESPONSE_REJECT; Percent=100; ApplyToTarget=true; Reverse=true; ModName=LOC_DIPLOMACY_AGENDA_YAMATAI_NAME; Tooltip=LOC_DIPLOMACY_AGENDA_YAMATAI_DESC; WeightType=DIPLOMACY_AGENDA_COMPARE_DISTRICTS2; FirstMeetDelay=20; UpdateFreq=10; AwardTo1=DIPLOMACY_AGENDA_AWARD_ALL; AwardAmtType1=DIPLOMACY_AGENDA_NEG_AMT_SMALL; Arg1=CULTURE; Arg2=HAPPINESS; AwardTo2=DIPLOMACY_AGENDA_AWARD_ALL; AwardAmtType2=DIPLOMACY_AGENDA_AMT_SMALL; Arg3=SCIENCE; Arg4=GOLD; NotifyMessage=LOC_NOTIFICATION_DIPLOMATIC_AGENDA_DEFAULT_MESSAGE; NotifySummary=LOC_NOTIFICATION_DIPLOMATIC_AGENDA_DEFAULT_SUMMARY
leader,Ibn Battuta,Unique Ability,The Marvels of Traveling,Apex,"• Gains 2 Wildcard Attribute Points after the first Civic in every Age.
• +1 Sight for all Units.
• Gain a unique Endeavor called Trade Maps that allows you to gradually see other Leaders' claimed territory.","Abbasid, Aksum, Buganda, Carthage, Mughal, Ottomans, Achaemenid Persia, Songhai",IBN_BATTUTA_MOD_WILDCARD_ATTRIBUTE_TYPE; MOD_TRAIT_LEADER_ATTRIBUTE_UNLOCK_EXPANSIONIST_01_TYPE; MOD_TRAIT_LEADER_ATTRIBUTE_UNLOCK_EXPANSIONIST_02_TYPE; IBN_BATTUTA_MOD_UNIT_SIGHT_TYPE; IBN_BATTUTA_MOD_TRADE_MAP_TYPE; IBN_BATTUTA_MOD_AGENDA_FAR_AND_WIDE_TYPE,ActionType=DIPLOMACY_ACTION_FARMERS_MARKET; ActionType=DIPLOMACY_ACTION_SABOTAGE_FOOD_PRODUCTION; Amount=1; ActionType=DIPLOMACY_ACTION_TRADE_MAP; ModName=LOC_DIPLOMACY_AGENDA_FAR_AND_WIDE_NAME; Tooltip=LOC_DIPLOMACY_AGENDA_FAR_AND_WIDE_DESC; WeightType=DIPLOMACY_AGENDA_COMPARE_REVEALED_TILES; FirstMeetDelay=10; UpdateFreq=10; AwardTo1=DIPLOMACY_AGENDA_AWARD_HIGHEST; AwardAmtType1=DIPLOMACY_AGENDA_AMT_LARGE; AwardTo2=DIPLOMACY_AGENDA_AWARD_LOWEST; AwardAmtType2=DIPLOMACY_AGENDA_NEG_AMT_SMALL; NotifyMessage=LOC_NOTIFICATION_DIPLOMATIC_AGENDA_DEFAULT_MESSAGE; NotifySummary=LOC_NOTIFICATION_DIPLOMATIC_AGENDA_DEFAULT_SUMMARY
leader,Isabella,Unique Ability,Seven Cities of Gold,Apex,"• Gain 100 Gold per Age every time you discover a Natural Wonder. This is doubled if the Natural Wonder is in Distant Lands.
• +50% tile yields from Natural Wonders for every Natural Wonder in your Empire.
• +50% Gold towards purchasing Naval Units.
• -1 Gold maintenance for Naval Units.","Abbasid, Carthage, Egypt, French Empire, Greece, Iceland, Mexico, Spain",ISABELLA_MOD_NATURAL_WONDER_DISCOVERY_TYPE; ISABELLA_MOD_DOUBLE_NATURAL_WONDERS_ABILITY_TYPE; ISABELLA_MOD_NAVAL_UNIT_PURCHASE_TYPE; ISABELLA_MOD_NAVAL_UNIT_MAINTENANCE_TYPE; ISABELLA_MOD_AGENDA_WONDERLUST_TYPE,"YieldType=YIELD_GOLD; Amount=100; DistantLandBonus=100; Tooltip=LOC_TRAIT_LEADER_ISABELLA_ABILITY_NAME; YieldType=YIELD_FOOD, YIELD_PRODUCTION, YIELD_GOLD, YIELD_SCIENCE, YIELD_CULTURE, YIELD_HAPPINESS, YIELD_DIPLOMACY; Percent=50; Tooltip=LOC_TRAIT_LEADER_ISABELLA_ABILITY_NAME; UnitTag=UNIT_CLASS_NAVAL; Percent=50; UnitTag=UNIT_CLASS_NAVAL; Amount=1; ModName=LOC_DIPLOMACY_AGENDA_WONDERLUST_NAME; Tooltip=LOC_DIPLOMACY_AGENDA_WONDERLUST_DESC; WeightType=DIPLOMACY_AGENDA_COMPARE_NUM_NATURAL_WONDERS; FirstMeetDelay=20; UpdateFreq=10; AwardTo1=DIPLOMACY_AGENDA_AWARD_ALL; AwardAmtType1=DIPLOMACY_AGENDA_NEG_AMT_MEDIUM; AwardTo2=DIPLOMACY_AGENDA_AWARD_NONE; AwardAmtType2=DIPLOMACY_AGENDA_AMT_SMALL; NotifyMessage=LOC_NOTIFICATION_DIPLOMATIC_AGENDA_DEFAULT_MESSAGE; NotifySummary=LOC_NOTIFICATION_DIPLOMATIC_AGENDA_DEFAULT_SUMMARY"
leader,José Rizal,Unique Ability,Pambansang Bayani,Apex,"• When gaining rewards from a Narrative Event, gain an additional 20 Culture, Gold and Influence per Age.
• Has additional Narrative Events.
• +50% Celebration duration.
• +50% Happiness towards Celebrations.","Hawai'i, Iceland, Majapahit, Maya, Meiji Japan, Mississippian, Siam, Tonga",RIZAL_MOD_NARRATIVE_EVENT_CULTURE_TYPE; RIZAL_MOD_NARRATIVE_EVENT_GOLD_TYPE; RIZAL_MOD_NARRATIVE_EVENT_INFLUENCE_TYPE; RIZAL_MOD_EXTRA_STORIES_TYPE; RIZAL_MOD_EXTRA_STORIES2_TYPE; RIZAL_MOD_CELEBRATION_LENGTH_TYPE; RIZAL_MOD_CELEBRATION_HAPPINESS_TYPE; RIZAL_MOD_AGENDA_KAPWA_TYPE,YieldType=YIELD_CULTURE; Amount=20; Tooltip=LOC_TRAIT_LEADER_RIZAL_ABILITY_NAME; YieldType=YIELD_GOLD; Amount=20; Tooltip=LOC_TRAIT_LEADER_RIZAL_ABILITY_NAME; YieldType=YIELD_DIPLOMACY; Amount=20; Tooltip=LOC_TRAIT_LEADER_RIZAL_ABILITY_NAME; Amount=1; Percent=50; Tooltip=LOC_TRAIT_LEADER_RIZAL_ABILITY_NAME; YieldType=YIELD_HAPPINESS; Percent=50; Tooltip=LOC_TRAIT_LEADER_RIZAL_ABILITY_NAME; ModName=LOC_DIPLOMACY_AGENDA_KAPWA_NAME; Tooltip=LOC_DIPLOMACY_AGENDA_KAPWA_DESC; WeightType=DIPLOMACY_AGENDA_COMPARE_NUM_PROJECTS; FirstMeetDelay=20; UpdateFreq=10; AwardTo1=DIPLOMACY_AGENDA_AWARD_HIGHEST; AwardAmtType1=DIPLOMACY_AGENDA_AMT_MEDIUM; Arg1=DIPLOMACY_ACTION_GROUP_ENDEAVOR; AwardTo2=DIPLOMACY_AGENDA_AWARD_HIGHEST; AwardAmtType2=DIPLOMACY_AGENDA_NEG_AMT_MEDIUM; Arg2=DIPLOMACY_ACTION_GROUP_SANCTION; NotifyMessage=LOC_NOTIFICATION_DIPLOMATIC_AGENDA_DEFAULT_MESSAGE; NotifySummary=LOC_NOTIFICATION_DIPLOMATIC_AGENDA_DEFAULT_SUMMARY
leader,Lafayette,Unique Ability,Hero of Two Worlds,Apex,"• Gains a unique Endeavor called Reform, which grants an additional Tradition slot. Supporting this Endeavor also grants the other Leader an additional Tradition slot, otherwise they are granted a Social Policy slot.
• +1 Combat Strength for every Tradition, but not Social Policy, slotted in the Government.
• +1 Culture and Happiness per Age in Settlements, doubled in Distant Lands.","America, French Empire, Greece, Norman, Rome, Spain",LAFAYETTE_MOD_TRADITION_SLOT_TYPE; LAFAYETTE_MOD_COMBAT_ABILITY_TRADITION_TYPE; LAFAYETTE_MOD_CULTURE_SETTLEMENTS_DISTANT_LANDS_TYPE; LAFAYETTE_MOD_CULTURE_SETTLEMENTS_HOMELANDS_TYPE; LAFAYETTE_MOD_AGENDA_FRENCH_QUARTERS_TYPE,"ActionType=DIPLOMACY_ACTION_GRANT_POLICY_SLOT; AbilityType=ABILITY_LAFAYETTE_TRADITION; Tooltip=LOC_TRAIT_LEADER_LAFAYETTE_ABILITY_NAME; Amount=2; YieldType=YIELD_CULTURE,YIELD_HAPPINESS; Tooltip=LOC_TRAIT_LEADER_LAFAYETTE_ABILITY_NAME; Amount=1; YieldType=YIELD_CULTURE,YIELD_HAPPINESS; Tooltip=LOC_TRAIT_LEADER_LAFAYETTE_ABILITY_NAME; ModName=LOC_DIPLOMACY_AGENDA_FRENCH_QUARTERS_NAME; Tooltip=LOC_DIPLOMACY_AGENDA_FRENCH_QUARTERS_DESC; WeightType=DIPLOMACY_AGENDA_COMPARE_DISTRICT_BUILDINGS; FirstMeetDelay=20; UpdateFreq=10; AwardTo1=DIPLOMACY_AGENDA_AWARD_HIGHEST; AwardAmtType1=DIPLOMACY_AGENDA_AMT_SMALL; Arg1=DISTRICT_URBAN; Arg2=2; AwardTo2=DIPLOMACY_AGENDA_AWARD_LOWEST; AwardAmtType2=DIPLOMACY_AGENDA_NEG_AMT_SMALL; NotifyMessage=LOC_NOTIFICATION_DIPLOMATIC_AGENDA_DEFAULT_MESSAGE; NotifySummary=LOC_NOTIFICATION_DIPLOMATIC_AGENDA_DEFAULT_SUMMARY"
leader,Lakshmibai,Unique Ability,Rani of Jhansi,Apex,"• +50% Influence towards initiating the City-State - Incorporate Action.
• When you incorporate a City-State , you gain all of their Units.
• When one of your Land Military Units defeats an enemy Unit, gain Influence equal to 100% of the defeated Unit's Combat Strength.","Assyria, Chola, Đại Việt, Maurya, Mughal, Nepal",LAKSHMIBAI_MOD_CS_INCORPORATE_TYPE; LAKSHMIBAI_MOD_CS_INCORPORATE_UNITS_TYPE; LAKSHMIBAI_INFLUENCE_TYPE; LAKSHMIBAI_MOD_AGENDA_ETERNAL_GLORY_TYPE,ActionType=DIPLOMACY_ACTION_CS_INCORPORATE; Percent=50; ModifierId=LAKSHMIBAI_INFLUENCE_MODIFIER; ModName=LOC_DIPLOMACY_AGENDA_ETERNAL_GLORY_NAME; Tooltip=LOC_DIPLOMACY_AGENDA_ETERNAL_GLORY_DESC; WeightType=DIPLOMACY_AGENDA_COMPARE_YIELD_TYPE; FirstMeetDelay=20; UpdateFreq=10; AwardTo1=DIPLOMACY_AGENDA_AWARD_HIGHEST; AwardAmtType1=DIPLOMACY_AGENDA_AMT_MEDIUM; Arg1=YIELD_DIPLOMACY; AwardTo2=DIPLOMACY_AGENDA_AWARD_LOWEST; AwardAmtType2=DIPLOMACY_AGENDA_NEG_AMT_MEDIUM; NotifyMessage=LOC_NOTIFICATION_DIPLOMATIC_AGENDA_DEFAULT_MESSAGE; NotifySummary=LOC_NOTIFICATION_DIPLOMATIC_AGENDA_DEFAULT_SUMMARY
leader,Machiavelli,Unique Ability,Il Principe,Apex,"• +3 Influence per Age.
• Gains 50 Gold per Age when your Diplomatic Action proposals are accepted, or 100 Gold when they are rejected.
• Ignores Relationship requirements for declaring Formal Wars.
• Can Levy Troops from City-States you are not Suzerain of.","French Empire, Greece, Norman, Rome, Russia, Silla Korea, Spain",MACHIAVELLI_MOD_INFLUENCE_TYPE; MACHIAVELLI_MOD_GOLD_ACTION_ACCEPT_TYPE; MACHIAVELLI_MOD_GOLD_ACTION_REJECT_TYPE; MACHIAVELLI_MOD_FORMAL_WAR_TYPE; MACHIAVELLI_MOD_CITY_STATE_LEVY_TYPE; MACHIAVELLI_MOD_AGENDA_THE_SPIDER_TYPE,YieldType=YIELD_DIPLOMACY; Amount=3; Tooltip=LOC_TRAIT_LEADER_RIZAL_ABILITY_NAME; YieldType=YIELD_GOLD; Amount=50; YieldType=YIELD_GOLD; Amount=100; WarType=FORMAL_WAR; AllowLevy=true; ModName=LOC_DIPLOMACY_AGENDA_THE_SPIDER_NAME; Tooltip=LOC_DIPLOMACY_AGENDA_THE_SPIDER_DESC; WeightType=DIPLOMACY_AGENDA_WEIGHTING_AT_WAR; FirstMeetDelay=20; UpdateFreq=10; AwardTo1=DIPLOMACY_AGENDA_AWARD_FOR_EACH; AwardAmtType1=DIPLOMACY_AGENDA_AMT_MEDIUM; NotifyMessage=LOC_NOTIFICATION_DIPLOMATIC_AGENDA_DEFAULT_MESSAGE; NotifySummary=LOC_NOTIFICATION_DIPLOMATIC_AGENDA_DEFAULT_SUMMARY
leader,"Napoleon, Emperor",Unique Ability,Continental System,Apex,"• All basic Sanctions are automatically unlocked.
• +50% Influence towards initiating Sanctions.
• +5 Culture and Gold per Age for each Leader you have an active Sanction on, except Denouncement .
• +1 Combat Strength for Land Units for every Sanction you have active, except Denouncement.","French Empire, Norman, Achaemenid Persia, Prussia, Rome, Spain",NAPOLEON_MOD_AGENDA_NAPOLEONIC_CODE_TYPE; NAPOLEON_MOD_CULTURE_PER_SANCTIONED_PLAYER_TYPE; NAPOLEON_MOD_GOLD_PER_SANCTIONED_PLAYER_TYPE; NAPOLEON_MOD_COMBAT_STRENGTH_PER_ACTIVE_SANCTION_TYPE; NAPOLEON_MOD_LOWER_COST_SANCTIONS_TYPE; NAPOLEON_MOD_ULOCK_ALL_SANCTIONS_TYPE,"ModName=LOC_DIPLOMACY_AGENDA_NAPOLEONIC_CODE_NAME; Tooltip=LOC_DIPLOMACY_AGENDA_NAPOLEONIC_CODE_DESC; WeightType=DIPLOMACY_AGENDA_COMPARE_NAPOLEONIC_CODE; FirstMeetDelay=20; UpdateFreq=10; AwardTo1=DIPLOMACY_AGENDA_AWARD_LOWEST; AwardAmtType1=DIPLOMACY_AGENDA_AMT_MEDIUM; Arg1=DOMAIN_LAND; AwardTo2=DIPLOMACY_AGENDA_AWARD_HIGHEST; AwardAmtType2=DIPLOMACY_AGENDA_NEG_AMT_MEDIUM; Arg2=DOMAIN_SEA; NotifyMessage=LOC_NOTIFICATION_DIPLOMATIC_AGENDA_DEFAULT_MESSAGE; NotifySummary=LOC_NOTIFICATION_DIPLOMATIC_AGENDA_DEFAULT_SUMMARY; YieldType=YIELD_CULTURE; Amount=5; YieldType=YIELD_GOLD; Amount=5; Amount=1; DiplomacyActionGroups=DIPLOMACY_ACTION_GROUP_SANCTION; Percent=50; ActionGroupType=DIPLOMACY_ACTION_GROUP_SANCTION; ActionType=DIPLOMACY_ACTION_SABOTAGE_TREASURY, DIPLOMACY_ACTION_SABOTAGE_MORALE, DIPLOMACY_ACTION_SABOTAGE_RESEARCH, DIPLOMACY_ACTION_SABOTAGE_CIVIC_STUDY, DIPLOMACY_ACTION_SABOTAGE_MILITARY_PRODUCTION, DIPLOMACY_ACTION_SABOTAGE_FOOD_PRODUCTION"
leader,"Napoleon, Revolutionary",Unique Ability,Enemy of the Coalitions,Apex,"• +1 Movement for all Land Units.
• Defeating an enemy Unit provides Culture equal to 100% of its Combat Strength.
• The first time each Age that a War is declared against you, gain an Army Commander in your Capital packed with 1 Infantry Unit, 1 Cavalry Unit, 1 Ranged Unit, and 1 Siege Unit, even if those Units have not been unlocked.","French Empire, Norman, Achaemenid Persia, Prussia, Rome, Spain",NAPOLEON_ALT_MOD_LAND_UNIT_MOVEMENT_TYPE; NAPOLEON_ALT_MOD_CULTURE_ON_UNIT_DEFEAT_TYPE; NAPOLEON_ALT_MOD_AGENDA_CULTURE_FROM_CONQUEST_TYPE; NAPOLEON_ALT_MOD_SPAWN_ARMY_TYPE,"Amount=1; YieldType=YIELD_CULTURE; PercentDefeatedStrength=100; ModName=LOC_DIPLOMACY_AGENDA_CULTURE_FROM_CONQUEST_NAME; Tooltip=LOC_DIPLOMACY_AGENDA_CULTURE_FROM_CONQUEST_DESC; WeightType=DIPLOMACY_AGENDA_COMPARE_ALLIANCES_AND_CULTURE; FirstMeetDelay=10; UpdateFreq=10; AwardTo1=DIPLOMACY_AGENDA_AWARD_FOR_EACH; AwardAmtType1=DIPLOMACY_AGENDA_NEG_AMT_SMALL; Arg1=YIELD_CULTURE; AwardTo2=DIPLOMACY_AGENDA_AWARD_HIGHEST; AwardAmtType2=DIPLOMACY_AGENDA_AMT_MEDIUM; NotifyMessage=LOC_NOTIFICATION_DIPLOMATIC_AGENDA_DEFAULT_MESSAGE; NotifySummary=LOC_NOTIFICATION_DIPLOMATIC_AGENDA_DEFAULT_SUMMARY; CommanderType=UNIT_ARMY_COMMANDER; UnitTags=UNIT_CLASS_INFANTRY, UNIT_CLASS_RANGED, UNIT_CLASS_SIEGE, UNIT_CLASS_CAVALRY"
leader,Pachacuti,Unique Ability,Earth Shaker,Apex,"• All Buildings receive a +1 Food Adjacency for Mountains.
• -2 Happiness Maintenance on Specialists adjacent to Mountains. +1 Happiness Maintenance on Specialists not adjacent to Mountains.
• Cities gain a bonus to Production equal to 10% of that City’s Food.","America, Hawai'i, Inca, Maya, Mexico, Mississippian, Nepal",PACHACUTI_MOD_WILDCARD_ADJACENCY_MOUNTAINS_TYPE; PACHACUTI_MOD_MOUNTAIN_SPECIALIST_HAPPINESS_TYPE; PACHACUTI_MOD_MOUNTAIN_SPECIALIST_HAPPINESS_INVERSE_TYPE; PACHACUTI_MOD_CITY_PRODUCTION_FROM_FOOD_TYPE; PACHACUTI_MOD_AGENDA_MOUNTAIN_KING_TYPE,ConstructibleAdjacency=PachacutiMountainFood; Tooltip=LOC_TRAIT_LEADER_PACHACUTI_ABILITY_NAME; YieldType=YIELD_HAPPINESS; Amount=-2; Tooltip=LOC_TRAIT_LEADER_PACHACUTI_ABILITY_NAME; YieldType=YIELD_HAPPINESS; Amount=1; Tooltip=LOC_TRAIT_LEADER_PACHACUTI_ABILITY_NAME; FromYieldType=YIELD_FOOD; ToYieldType=YIELD_PRODUCTION; Percent=10; Tooltip=LOC_TRAIT_LEADER_PACHACUTI_ABILITY_NAME; ModName=LOC_DIPLOMACY_AGENDA_MOUNTAIN_KING_NAME; Tooltip=LOC_DIPLOMACY_AGENDA_MOUNTAIN_KING_DESC; WeightType=DIPLOMACY_AGENDA_COMPARE_NUM_TERRAIN_TYPE; FirstMeetDelay=20; UpdateFreq=10; AwardTo1=DIPLOMACY_AGENDA_AWARD_LOWEST; AwardAmtType1=DIPLOMACY_AGENDA_AMT_MEDIUM; Arg1=TERRAIN_MOUNTAIN; AwardTo2=DIPLOMACY_AGENDA_AWARD_HIGHEST; AwardAmtType2=DIPLOMACY_AGENDA_NEG_AMT_MEDIUM; NotifyMessage=LOC_NOTIFICATION_DIPLOMATIC_AGENDA_DEFAULT_MESSAGE; NotifySummary=LOC_NOTIFICATION_DIPLOMATIC_AGENDA_DEFAULT_SUMMARY
leader,Sayyida al Hurra,Unique Ability,Hakima Tatwan,Apex,"• Receive the strongest Naval Unit every time you succeed in an Espionage Action, if you can place a Naval Unit.
• +2 Culture and +1 Influence per Age for every Naval Unit stationed on a District .
• No Influence penalty for your Espionage being revealed.
• Opponents cannot use Counter Spy against you.","Abbasid, Aksum, Carthage, Mughal, Ottomans, Republic of Pirates",SAYYIDA_MOD_FREE_NAVAL_UNIT_TYPE; SAYYIDA_MOD_STATIONED_ON_DISTRICT_YIELDS_TYPE; SAYYIDA_MOD_NO_COUNTERSPY_AGAINST_TYPE; SAYYIDA_MOD_NO_INFLUENCE_PENALTY_REVEALED_SPIES_TYPE; SAYYIDA_MOD_AGENDA_TYPE,"ModifierId=SAYYIDA_MOD_STATIONED_ON_DISTRICT_CULTURE, SAYYIDA_MOD_STATIONED_ON_DISTRICT_INFLUENCE; ModName=LOC_DIPLOMACY_AGENDA_SAYYIDA_NAME; Tooltip=LOC_DIPLOMACY_AGENDA_SAYYIDA_DESC; WeightType=DIPLOMACY_AGENDA_COMPARE_NUM_UNIT_TAGS; FirstMeetDelay=20; UpdateFreq=10; AwardTo1=DIPLOMACY_AGENDA_AWARD_LOWEST; AwardAmtType1=DIPLOMACY_AGENDA_AMT_MEDIUM; Arg1=UNIT_CLASS_NAVAL; AwardTo2=DIPLOMACY_AGENDA_AWARD_HIGHEST; AwardAmtType2=DIPLOMACY_AGENDA_NEG_AMT_SMALL; NotifyMessage=LOC_NOTIFICATION_DIPLOMATIC_AGENDA_DEFAULT_MESSAGE; NotifySummary=LOC_NOTIFICATION_DIPLOMATIC_AGENDA_DEFAULT_SUMMARY"
leader,Simón Bolívar,Unique Ability,El Libertador,Apex,"• Gain 2 War Support on Wars you declare.
• When you conquer a Settlement for the first time the Settlement can purchase 1 Building or Improvement for free.
• Unrest does not prevent Purchasing.","French Empire, Inca, Maya, Mexico, Rome, Spain",BOLIVAR_MOD_WAR_SUPPORT_AGGRO_TYPE; BOLIVAR_MOD_FREE_BUILDING_TYPE; BOLIVAR_MOD_PURCHASE_UNREST_TYPE; BOLIVAR_MOD_AGENDA_CORNERSTONE_FREEDOM_TYPE,Amount=2; IsAggressor=true; ModifierId=ATTACH_BOLIVAR_MOD_FREE_BUILDING; ModName=LOC_DIPLOMACY_AGENDA_CORNERSTONE_FREEDOM_NAME; Tooltip=LOC_DIPLOMACY_AGENDA_CORNERSTONE_FREEDOM_DESC; WeightType=DIPLOMACY_AGENDA_COMPARE_NUM_UNHAPPY_SETTLEMENTS; FirstMeetDelay=20; UpdateFreq=10; AwardTo1=DIPLOMACY_AGENDA_AWARD_LOWEST; AwardAmtType1=DIPLOMACY_AGENDA_AMT_MEDIUM; AwardTo2=DIPLOMACY_AGENDA_AWARD_HIGHEST; AwardAmtType2=DIPLOMACY_AGENDA_NEG_AMT_MEDIUM; NotifyMessage=LOC_NOTIFICATION_DIPLOMATIC_AGENDA_DEFAULT_MESSAGE; NotifySummary=LOC_NOTIFICATION_DIPLOMATIC_AGENDA_DEFAULT_SUMMARY
leader,Tecumseh,Unique Ability,Nicaakiyakoolaakwe,Apex,"• +1 Food per Age in Towns and +1 Production per Age in Cities for every City-State you are Suzerain of.
• +1 Combat Strength for all Infantry and Ranged units for every City-State you are Suzerain of.
• +2 Dominion for every City-State you are Suzerain of.
• All Independent Powers start Friendly with you.","America, Hawai'i, Mexico, Mississippian, Shawnee",TECUMSEH_MOD_SUZERAIN_FOOD_TYPE; TECUMSEH_MOD_SUZERAIN_PRODUCTION_TYPE; TECUMSEH_MOD_SUZERAIN_ABILITY_TYPE; TECUMSEH_MOD_SUZERAIN_MILITARY_VICTORY_TYPE; TECUMSEH_MOD_IP_FRIENDLY_TYPE; TECUMSEH_MOD_AGENDA_SUZERAIN_OF_THE_WORLD_1_TYPE; TECUMSEH_MOD_AGENDA_SUZERAIN_OF_THE_WORLD_2_TYPE,YieldType=YIELD_FOOD; Amount=1; Tooltip=LOC_TRAIT_LEADER_TECUMSEH_ABILITY_NAME; YieldType=YIELD_PRODUCTION; Amount=1; Tooltip=LOC_TRAIT_LEADER_TECUMSEH_ABILITY_NAME; AbilityType=ABILITY_TECUMSEH_SUZERAIN; TrackerName=VICTORY_TRACKER_TECUMSEH_SUZERAIN; IndependentRelationship=FRIENDLY; AwardAmtType=DIPLOMACY_AGENDA_NEG_AMT_LARGE; NotifyMessage=LOC_NOTIFICATION_DIPLOMATIC_AGENDA_DEFAULT_MESSAGE; NotifySummary=LOC_NOTIFICATION_DIPLOMATIC_AGENDA_DEFAULT_SUMMARY; ModName=LOC_DIPLOMACY_AGENDA_SUZERAIN_OF_THE_WORLD_NAME; Tooltip=LOC_DIPLOMACY_AGENDA_SUZERAIN_OF_THE_WORLD_DESC; WeightType=DIPLOMACY_AGENDA_COMPARE_ACTIVE_ACTIONS_OF_TYPE; FirstMeetDelay=20; UpdateFreq=10; AwardTo1=DIPLOMACY_AGENDA_AWARD_NONE; AwardAmtType1=DIPLOMACY_AGENDA_AMT_SMALL; Arg1=DIPLOMACY_ACTION_GIVE_INFLUENCE_TOKEN; NotifyMessage=LOC_NOTIFICATION_DIPLOMATIC_AGENDA_DEFAULT_MESSAGE; NotifySummary=LOC_NOTIFICATION_DIPLOMATIC_AGENDA_DEFAULT_SUMMARY
leader,Trung Trac,Unique Ability,Hai Bà Trung,Apex,"• Gain the Unique Army Commander Trung Nhi after obtaining your first Land Military Unit of the Age. Trung Nhi persists across Age Transitions, and begins with 2 Promotions in Exploration Advanced Starts or 3 Promotions in Modern Advanced Starts, and has a unique Promotion Tree.
• +20% Commander Experience.
• +10% Science in Cities in Tropical. This is doubled while in a Formal War you declare.","Chola, Đại Việt, Khmer, Majapahit, Maurya, Meiji Japan, Siam",TRUNG_TRAC_MOD_TROPICAL_SCIENCE_TYPE; TRUNG_TRAC_MOD_TROPICAL_SCIENCE_AT_WAR_TYPE; TRUNG_TRAC_MOD_AGENDA_VAN_MINH_TYPE; TRUNG_TRAC_MOD_COMMANDER_XP_TYPE; TRUNG_TRAC_MOD_TRUNG_NHI_TYPE; TRUNG_TRAC_MOD_TRUNG_NHI_FASTER_RESPAWN_TYPE; TRUNG_TRAC_MOD_TRUNG_NHI_GRANT_HEROIC_ASSAULT_TYPE,YieldType=YIELD_SCIENCE; Percent=10; Tooltip=LOC_TRAIT_LEADER_TRUNG_TRAC_ABILITY_NAME; YieldType=YIELD_SCIENCE; Percent=10; Tooltip=LOC_TRAIT_LEADER_TRUNG_TRAC_ABILITY_NAME; ModName=LOC_DIPLOMACY_AGENDA_VAN_MINH_NAME; Tooltip=LOC_DIPLOMACY_AGENDA_VAN_MINH_DESC; WeightType=DIPLOMACY_AGENDA_COMPARE_COMMANDERS; FirstMeetDelay=20; UpdateFreq=10; AwardTo1=DIPLOMACY_AGENDA_AWARD_HIGHEST; AwardAmtType1=DIPLOMACY_AGENDA_NEG_AMT_MEDIUM; AwardTo2=DIPLOMACY_AGENDA_AWARD_LOWEST; AwardAmtType2=DIPLOMACY_AGENDA_AMT_MEDIUM; NotifyMessage=LOC_NOTIFICATION_DIPLOMATIC_AGENDA_DEFAULT_MESSAGE; NotifySummary=LOC_NOTIFICATION_DIPLOMATIC_AGENDA_DEFAULT_SUMMARY; Percent=20; ModifierId=ATTACH_TRUNG_TRAC_MOD_TRUNG_NHI; Percent=-50; AbilityType=ABILITY_SCALING_COMMANDER_ATTACK
leader,"Xerxes, King of Kings",Unique Ability,Crusher of Rebellions,Apex,"• +3 Combat Strength for Units that are attacking in neutral or enemy territory.
• Gain 100 Culture and Gold per Age when you capture a Settlement for the first time.
• +10% Gold in all Settlements, doubled in Captured Settlements from any Age.
• +1 Settlement Limit each Age.","Abbasid, Assyria, Maurya, Mongolia, Mughal, Achaemenid Persia, Qajar, Russia",XERXES_MOD_UNIT_ATTACK_ABILITY_TYPE; XERXES_MOD_CULTURE_ON_CAPTURE_SETTLEMENT_TYPE; XERXES_MOD_GOLD_ON_CAPTURE_SETTLEMENT_TYPE; XERXES_MOD_SETTLEMENT_GOLD_TYPE; XERXES_MOD_CAPTURED_SETTLEMENT_GOLD_TYPE; XERXES_MOD_SETTLEMENT_CAP_TYPE; XERXES_MOD_AGENDA_LORD_OF_FIRE_TYPE,AbilityType=ABILITY_XERXES_UNIT_FOREIGN_TERRITORY; YieldType=YIELD_CULTURE; Amount=100; YieldType=YIELD_GOLD; Amount=100; YieldType=YIELD_GOLD; Percent=10; Tooltip=LOC_TRAIT_LEADER_XERXES_ABILITY_NAME; YieldType=YIELD_GOLD; Percent=20; Tooltip=LOC_TRAIT_LEADER_XERXES_ABILITY_NAME; Amount=1; Ageless=true; ModName=LOC_DIPLOMACY_AGENDA_LORD_OF_FIRE_NAME; Tooltip=LOC_DIPLOMACY_AGENDA_LORD_OF_FIRE_DESC; WeightType=DIPLOMACY_AGENDA_WEIGHTING_AT_WAR; FirstMeetDelay=20; UpdateFreq=10; AwardTo1=DIPLOMACY_AGENDA_AWARD_ALL_NOT; AwardAmtType1=DIPLOMACY_AGENDA_NEG_AMT_MEDIUM; AwardTo2=DIPLOMACY_AGENDA_AWARD_AT_LEAST_ONE; AwardAmtType2=DIPLOMACY_AGENDA_AMT_SMALL; NotifyMessage=LOC_NOTIFICATION_DIPLOMATIC_AGENDA_DEFAULT_MESSAGE; NotifySummary=LOC_NOTIFICATION_DIPLOMATIC_AGENDA_DEFAULT_SUMMARY
leader,"Xerxes, the Achaemenid",Unique Ability,Silk Road,Apex,"• +1 Trade Route Limit with all other Leaders.
• +10 Trade Range.
• Gain 50 Culture and 100 Gold per Age when you create a Trade Route or Road.
• +1 Culture and Gold per Age on Unique Buildings and Improvements.","Abbasid, Assyria, Maurya, Mongolia, Mughal, Achaemenid Persia, Qajar, Russia",XERXES_ALT_MOD_TRADE_ROUTE_CAP_TYPE; XERXES_ALT_MOD_TRADE_RANGE_EXTEND_LAND_TYPE; XERXES_ALT_MOD_TRADE_RANGE_EXTEND_SEA_TYPE; XERXES_ALT_MOD_TRADE_ROUTE_CULTURE_TYPE; XERXES_ALT_MOD_ROAD_CULTURE_TYPE; XERXES_ALT_MOD_TRADE_ROUTE_GOLD_TYPE; XERXES_ALT_MOD_ROAD_GOLD_TYPE; XERXES_ALT_MOD_UNIQUE_BUILDING_YIELD_TYPE; XERXES_ALT_MOD_UNIQUE_IMPROVEMENT_YIELD_TYPE; XERXES_ALT_MOD_AGENDA_LORD_OF_COIN_TYPE,"Amount=1; MajorsOnly=true; Amount=10; DomainType=DOMAIN_LAND; Amount=10; DomainType=DOMAIN_SEA; YieldType=YIELD_CULTURE; Amount=50; AdjustByGameSpeed=true; CommandType=UNITCOMMAND_MAKE_TRADE_ROUTE; YieldType=YIELD_CULTURE; Amount=50; AdjustByGameSpeed=true; CommandType=UNITCOMMAND_CONNECT_WITH_ROAD; YieldType=YIELD_GOLD; Amount=100; AdjustByGameSpeed=true; CommandType=UNITCOMMAND_MAKE_TRADE_ROUTE; YieldType=YIELD_GOLD; Amount=100; AdjustByGameSpeed=true; CommandType=UNITCOMMAND_CONNECT_WITH_ROAD; Tag=UNIQUE; YieldType=YIELD_CULTURE, YIELD_GOLD; Amount=1; Tooltip=LOC_TRAIT_LEADER_XERXES_ALT_ABILITY_NAME; Tag=UNIQUE_IMPROVEMENT; YieldType=YIELD_CULTURE, YIELD_GOLD; Amount=1; Tooltip=LOC_TRAIT_LEADER_XERXES_ALT_ABILITY_NAME; ModName=LOC_DIPLOMACY_AGENDA_LORD_OF_COIN_NAME; Tooltip=LOC_DIPLOMACY_AGENDA_LORD_OF_COIN_DESC; WeightType=DIPLOMACY_AGENDA_COMPARE_NUM_TRADE_ROUTES; FirstMeetDelay=20; UpdateFreq=10; AwardTo1=DIPLOMACY_AGENDA_AWARD_HIGHER_OR_EQUAL; AwardAmtType1=DIPLOMACY_AGENDA_NEG_AMT_MEDIUM; AwardTo2=DIPLOMACY_AGENDA_AWARD_LOWER; AwardAmtType2=DIPLOMACY_AGENDA_AMT_SMALL; NotifyMessage=LOC_NOTIFICATION_DIPLOMATIC_AGENDA_DEFAULT_MESSAGE; NotifySummary=LOC_NOTIFICATION_DIPLOMATIC_AGENDA_DEFAULT_SUMMARY"
