bonus_type,city_state_type,age,name,description_raw,description_clean,shareable
CITY_STATE_BONUS_ANTIQUITY_10,CULTURAL,AGE_ANTIQUITY,Arch,+5% [icon:YIELD_PRODUCTION] Production towards constructing [icon:WONDER] Wonders for every [icon:CITYSTATE] Cultural [TIP:LOC_PEDIA_CONCEPTS_CITY_STATE_TOOLTIP]City-State[/TIP] you are [TIP:LOC_PEDIA_CONCEPTS_SUZERAIN_TOOLTIP]Suzerain[/TIP] of.,+5% Production towards constructing Wonders for every Cultural City-State you are Suzerain of.,0
CITY_STATE_BONUS_ANTIQUITY_6,CULTURAL,AGE_ANTIQUITY,Megalith,Allows the construction of the Megalith Unique Improvement. [n]The Megalith provides +2[icon:YIELD_CULTURE] Culture. +1[icon:YIELD_FOOD] Food for every adjacent [icon:CITY_RURAL]Improvement. Must be placed on an existing Improvement on Flat Terrain.,Allows the construction of the Megalith Unique Improvement. The Megalith provides +2 Culture. +1 Food for every adjacent Improvement. Must be placed on an existing Improvement on Flat Terrain.,0
CITY_STATE_BONUS_ANTIQUITY_7,CULTURAL,AGE_ANTIQUITY,Monumental Architecture,+2 [icon:YIELD_CULTURE]Culture on [icon:YIELD_CULTURE]Culture Buildings.,+2 Culture on Culture Buildings.,0
CITY_STATE_BONUS_ANTIQUITY_8,CULTURAL,AGE_ANTIQUITY,Shrines to the Jinn,Receive a free [icon:RADIAL_CIVICS] Civic.,Receive a free Civic.,0
CITY_STATE_BONUS_ANTIQUITY_9,CULTURAL,AGE_ANTIQUITY,Jus Coloniae,+1 [icon:SOCIAL_POLICY] Social Policy Slot.,+1 Social Policy Slot.,0
CITY_STATE_CULTURAL_BONUS_ANTIQUITY_6,CULTURAL,AGE_ANTIQUITY,Ennigaldi-Nanna's Museum,+2[icon:YIELD_CULTURE]Culture on displayed [icon:NAR_REW_GREATWORK]Codices.,+2Culture on displayed Codices.,0
CITY_STATE_CULTURAL_BONUS_ANTIQUITY_7,CULTURAL,AGE_ANTIQUITY,Papermaking,+1[icon:YIELD_CULTURE]Culture on Saw Pits and Fishing Quays. This bonus can be chosen by multiple Civilizations.,+1Culture on Saw Pits and Fishing Quays. This bonus can be chosen by multiple Civilizations.,1
CITY_STATE_DIPLOMATIC_BONUS_ANTIQUITY_1,DIPLOMATIC,AGE_ANTIQUITY,Festival Grounds,Allows the creation of the Festival Grounds Improvement.[n]The Festival Grounds provides +1 [icon:YIELD_DIPLOMACY] and +1 [icon:YIELD_HAPPINESS] Happiness. Double base yields during [icon:CELEBRATION] Celebrations. Must be placed on an existing [icon:CITY_RURAL] Improvement on Flat Terrain adjacent to a District. One per Settlement.,Allows the creation of the Festival Grounds Improvement. The Festival Grounds provides +1 and +1 Happiness. Double base yields during Celebrations. Must be placed on an existing Improvement on Flat Terrain adjacent to a District. One per Settlement.,0
CITY_STATE_DIPLOMATIC_BONUS_ANTIQUITY_2,DIPLOMATIC,AGE_ANTIQUITY,Send Delegation,Gain the [icon:ENDEAVOR]Send Delegation Endeavor. [n][B]Accept:[/B] Both Civs gain +4 [icon:YIELD_HAPPINESS]Happiness per turn and you gain vision of their [icon:NOTIFICATION_SELECT_CAPITAL] Capital for the duration. [n][B]Support:[/B] Both Civs gain +8 [icon:YIELD_HAPPINESS]Happiness per turn and you both gain vision of each other's [icon:NOTIFICATION_SELECT_CAPITAL]Capitals for the duration.,Gain the Send Delegation Endeavor. Accept: Both Civs gain +4 Happiness per turn and you gain vision of their Capital for the duration. Support: Both Civs gain +8 Happiness per turn and you both gain vision of each other's Capitals for the duration.,0
CITY_STATE_DIPLOMATIC_BONUS_ANTIQUITY_3,DIPLOMATIC,AGE_ANTIQUITY,Vigiles Urbani,+2 [icon:YIELD_HAPPINESS]Happiness on [icon:YIELD_HAPPINESS]Happiness Buildings.,+2 Happiness on Happiness Buildings.,0
CITY_STATE_DIPLOMATIC_BONUS_ANTIQUITY_4,DIPLOMATIC,AGE_ANTIQUITY,Amarna Letters,+20% [icon:YIELD_DIPLOMACY]Influence towards starting and supporting [icon:ENDEAVOR]Endeavors and [icon:SANCTIONS]Sanctions for each [icon:CITYSTATE]Diplomatic [TIP:LOC_PEDIA_CONCEPTS_CITY_STATE_TOOLTIP]City-State[/TIP] you are [TIP:LOC_PEDIA_CONCEPTS_SUZERAIN_TOOLTIP]Suzerain[/TIP] of.,+20% Influence towards starting and supporting Endeavors and Sanctions for each Diplomatic City-State you are Suzerain of.,0
CITY_STATE_DIPLOMATIC_BONUS_ANTIQUITY_5,DIPLOMATIC,AGE_ANTIQUITY,Scytale,+20% [icon:YIELD_DIPLOMACY]Influence towards starting [icon:ESPIONAGE]Espionage Actions for each [icon:CITYSTATE]Diplomatic [TIP:LOC_PEDIA_CONCEPTS_CITY_STATE_TOOLTIP]City-State[/TIP] you are [TIP:LOC_PEDIA_CONCEPTS_SUZERAIN_TOOLTIP]Suzerain[/TIP] of. They complete 25% faster.,+20% Influence towards starting Espionage Actions for each Diplomatic City-State you are Suzerain of. They complete 25% faster.,0
CITY_STATE_DIPLOMATIC_BONUS_ANTIQUITY_6,DIPLOMATIC,AGE_ANTIQUITY,Achara,+1 [icon:NAR_REW_TRADITION_SLOT]Social Policy Slot.,+1 Social Policy Slot.,0
CITY_STATE_DIPLOMATIC_BONUS_ANTIQUITY_7,DIPLOMATIC,AGE_ANTIQUITY,Gift Exchange,+1 [icon:YIELD_HAPPINESS]Happiness on Granaries and Brickyards. This bonus can be chosen by multiple Civilizations.,+1 Happiness on Granaries and Brickyards. This bonus can be chosen by multiple Civilizations.,1
CITY_STATE_BONUS_ANTIQUITY_11,ECONOMIC,AGE_ANTIQUITY,Emporium,"Allows the construction of the Emporium Unique Improvement. [n]The Emporium provides +2 [icon:YIELD_GOLD] Gold. +2 [icon:YIELD_GOLD] Gold in [icon:YIELD_CITIES] Cities if they have at least one [icon:RADIAL_RESOURCES] Resource assigned to them. Must be placed on an existing [icon:CITY_RURAL] Improvement, and cannot be placed adjacent to another Emporium.","Allows the construction of the Emporium Unique Improvement. The Emporium provides +2 Gold. +2 Gold in Cities if they have at least one Resource assigned to them. Must be placed on an existing Improvement, and cannot be placed adjacent to another Emporium.",0
CITY_STATE_BONUS_ANTIQUITY_12,ECONOMIC,AGE_ANTIQUITY,Mensarii,+4[icon:YIELD_GOLD]Gold on [icon:YIELD_GOLD]Gold Buildings.,+4Gold on Gold Buildings.,0
CITY_STATE_BONUS_ANTIQUITY_13,ECONOMIC,AGE_ANTIQUITY,Gemstones,Receive the Lapis Lazuli [icon:RADIAL_RESOURCES] Resource in the [icon:NOTIFICATION_SELECT_CAPITAL]Capital. [n]Lapis Lazuli provides +4[icon:YIELD_PRODUCTION] Production and +5%[icon:YIELD_GOLD]Gold.,Receive the Lapis Lazuli Resource in the Capital. Lapis Lazuli provides +4 Production and +5%Gold.,0
CITY_STATE_BONUS_ANTIQUITY_14,ECONOMIC,AGE_ANTIQUITY,Freeholders,+1 [icon:YIELD_GOLD]Gold on active [icon:TRADE_ROUTE]Trade Routes for each [icon:CITYSTATE]Economic [TIP:LOC_PEDIA_CONCEPTS_CITY_STATE_TOOLTIP]City-State[/TIP] you are [TIP:LOC_PEDIA_CONCEPTS_SUZERAIN_TOOLTIP]Suzerain[/TIP] of.,+1 Gold on active Trade Routes for each Economic City-State you are Suzerain of.,0
CITY_STATE_BONUS_ANTIQUITY_15,ECONOMIC,AGE_ANTIQUITY,Tampos,+5 [icon:TRADE_ROUTE]Trade Route range for every [icon:CITYSTATE]Economic [TIP:LOC_PEDIA_CONCEPTS_CITY_STATE_TOOLTIP]City-State[/TIP] you are [TIP:LOC_PEDIA_CONCEPTS_SUZERAIN_TOOLTIP]Suzerain[/TIP] of.,+5 Trade Route range for every Economic City-State you are Suzerain of.,0
CITY_STATE_ECONOMIC_BONUS_ANTIQUITY_6,ECONOMIC,AGE_ANTIQUITY,Stockpiles,+2 [icon:RADIAL_RESOURCES] Resource Capacity in the [icon:NOTIFICATION_SELECT_CAPITAL] Capital.,+2 Resource Capacity in the Capital.,0
CITY_STATE_ECONOMIC_BONUS_ANTIQUITY_7,ECONOMIC,AGE_ANTIQUITY,Ganzabara,+1[icon:YIELD_GOLD]Gold on Saw Pits and Harbors. This bonus can be chosen by multiple Civilizations.,+1Gold on Saw Pits and Harbors. This bonus can be chosen by multiple Civilizations.,1
CITY_STATE_EXPANSIONIST_BONUS_ANTIQUITY_1,EXPANSIONIST,AGE_ANTIQUITY,Yakhchāl,Allows the creation of the Yakhchāl Improvement. [n]The Yakhchāl provides +2 [icon:YIELD_FOOD] Food. +1 [icon:YIELD_FOOD] Food on Farms on Desert Terrain in the Settlement. Must be placed on an existing [icon:CITY_RURAL] Improvement on a Desert tile. Cannot be placed adjacent to another Yakhchāl.,Allows the creation of the Yakhchāl Improvement. The Yakhchāl provides +2 Food. +1 Food on Farms on Desert Terrain in the Settlement. Must be placed on an existing Improvement on a Desert tile. Cannot be placed adjacent to another Yakhchāl.,0
CITY_STATE_EXPANSIONIST_BONUS_ANTIQUITY_2,EXPANSIONIST,AGE_ANTIQUITY,Aratrum,+1 [icon:YIELD_FOOD]Food on [icon:RADIAL_RESOURCES] Resources.,+1 Food on Resources.,0
CITY_STATE_EXPANSIONIST_BONUS_ANTIQUITY_3,EXPANSIONIST,AGE_ANTIQUITY,Qanats,+4 [icon:YIELD_FOOD]Food on [icon:YIELD_FOOD]Food Buildings.,+4 Food on Food Buildings.,0
CITY_STATE_EXPANSIONIST_BONUS_ANTIQUITY_4,EXPANSIONIST,AGE_ANTIQUITY,Fermentation,+1 [icon:YIELD_FOOD]Food in Settlements for each [icon:CITYSTATE]Expansionist [TIP:LOC_PEDIA_CONCEPTS_CITY_STATE_TOOLTIP]City-State[/TIP] you are [TIP:LOC_PEDIA_CONCEPTS_SUZERAIN_TOOLTIP]Suzerain[/TIP] of. Doubled in [icon:YIELD_TOWNS]Towns.,+1 Food in Settlements for each Expansionist City-State you are Suzerain of. Doubled in Towns.,0
CITY_STATE_EXPANSIONIST_BONUS_ANTIQUITY_5,EXPANSIONIST,AGE_ANTIQUITY,Hōkūpaʻa,Receive a free [icon:UNIT_SETTLER]Settler in your [icon:NOTIFICATION_SELECT_CAPITAL] Capital.,Receive a free Settler in your Capital.,0
CITY_STATE_EXPANSIONIST_BONUS_ANTIQUITY_6,EXPANSIONIST,AGE_ANTIQUITY,Karum,+1 [icon:SETTLEMENT_LIMIT]Settlement Limit.,+1 Settlement Limit.,0
CITY_STATE_EXPANSIONIST_BONUS_ANTIQUITY_7,EXPANSIONIST,AGE_ANTIQUITY,Horreum,+1 [icon:YIELD_FOOD]Food on Granaries and Fishing Quays. This bonus can be chosen by multiple Civilizations.,+1 Food on Granaries and Fishing Quays. This bonus can be chosen by multiple Civilizations.,1
CITY_STATE_BONUS_ANTIQUITY_1,MILITARISTIC,AGE_ANTIQUITY,Hillfort,"Allows the construction of the Hillfort Unique Improvement. [n]The Hillfort provides +2 [icon:YIELD_PRODUCTION] Production. It also gives +1 [icon:Action_Showall] Sight and +5 [icon:Action_Heal] Healing for Military Units on the tile. Counts as a [icon:Action_Fortify] Fortification, +6 [icon:NAR_REW_COMBAT] Combat Strength when defending. Must be placed on an existing [icon:CITY_RURAL] Improvement on Rough Terrain.","Allows the construction of the Hillfort Unique Improvement. The Hillfort provides +2 Production. It also gives +1 Sight and +5 Healing for Military Units on the tile. Counts as a Fortification, +6 Combat Strength when defending. Must be placed on an existing Improvement on Rough Terrain.",0
CITY_STATE_BONUS_ANTIQUITY_2,MILITARISTIC,AGE_ANTIQUITY,Age of Heroes,[icon:UNIT_ARMY_COMMANDER]Commanders earn +50% Experience.,Commanders earn +50% Experience.,0
CITY_STATE_BONUS_ANTIQUITY_3,MILITARISTIC,AGE_ANTIQUITY,Flatbow,+1 [icon:Action_Ranged]Combat Strength to Ranged and Siege Units for every [icon:CITYSTATE]Militaristic [TIP:LOC_PEDIA_CONCEPTS_CITY_STATE_TOOLTIP]City-State[/TIP] you are [TIP:LOC_PEDIA_CONCEPTS_SUZERAIN_TOOLTIP]Suzerain[/TIP] of.,+1 Combat Strength to Ranged and Siege Units for every Militaristic City-State you are Suzerain of.,0
CITY_STATE_BONUS_ANTIQUITY_4,MILITARISTIC,AGE_ANTIQUITY,Foederati,Allows the training of the [icon:UNIT_FOEDERATI]Foederati Land Unit. Up to 20% cheaper to purchase. Each one is slightly more expensive than the last. +2 [icon:NAR_REW_COMBAT]Combat Strength for each adjacent Military Unit.,Allows the training of the Foederati Land Unit. Up to 20% cheaper to purchase. Each one is slightly more expensive than the last. +2 Combat Strength for each adjacent Military Unit.,0
CITY_STATE_BONUS_ANTIQUITY_5,MILITARISTIC,AGE_ANTIQUITY,Marca,+1 [icon:NAR_REW_COMBAT]Combat Strength to Infantry Units for every [icon:CITYSTATE]Militaristic [TIP:LOC_PEDIA_CONCEPTS_CITY_STATE_TOOLTIP]City-State[/TIP] you are [TIP:LOC_PEDIA_CONCEPTS_SUZERAIN_TOOLTIP]Suzerain[/TIP] of.,+1 Combat Strength to Infantry Units for every Militaristic City-State you are Suzerain of.,0
CITY_STATE_MILITARISTIC_BONUS_ANTIQUITY_6,MILITARISTIC,AGE_ANTIQUITY,Hegemon,+1 [icon:SETTLEMENT_LIMIT]Settlement Limit.,+1 Settlement Limit.,0
CITY_STATE_MILITARISTIC_BONUS_ANTIQUITY_7,MILITARISTIC,AGE_ANTIQUITY,Spoils of War,+1 [icon:WAR_SUPPORT]War Support. This bonus can be chosen by multiple Civilizations.,+1 War Support. This bonus can be chosen by multiple Civilizations.,1
CITY_STATE_BONUS_ANTIQUITY_16,SCIENTIFIC,AGE_ANTIQUITY,Step Pyramid,Allows the construction of the Step Pyramid Unique Improvement.[n]The Step Pyramid provides +2 [icon:YIELD_SCIENCE] Science. +1 [icon:YIELD_HAPPINESS] Happiness for every adjacent River tile. Must be placed on an existing [icon:CITY_RURAL] Improvement on tiles with a natural Appeal.,Allows the construction of the Step Pyramid Unique Improvement. The Step Pyramid provides +2 Science. +1 Happiness for every adjacent River tile. Must be placed on an existing Improvement on tiles with a natural Appeal.,0
CITY_STATE_BONUS_ANTIQUITY_17,SCIENTIFIC,AGE_ANTIQUITY,Codex,Receive a free[icon:NAR_REW_GREATWORK]Codex.,Receive a freeCodex.,0
CITY_STATE_BONUS_ANTIQUITY_18,SCIENTIFIC,AGE_ANTIQUITY,Philosopher's Circle,+2 [icon:YIELD_SCIENCE]Science on [icon:YIELD_SCIENCE]Science Buildings.,+2 Science on Science Buildings.,0
CITY_STATE_BONUS_ANTIQUITY_19,SCIENTIFIC,AGE_ANTIQUITY,Pilgrimage,Receive a free [icon:RADIAL_TECH] Technology.,Receive a free Technology.,0
CITY_STATE_BONUS_ANTIQUITY_20,SCIENTIFIC,AGE_ANTIQUITY,Garden of Wonders,+5%[icon:YIELD_PRODUCTION] Production towards constructing [icon:CITY_BUILDING_LIST] Buildings for every [icon:CITYSTATE]Scientific [TIP:LOC_PEDIA_CONCEPTS_CITY_STATE_TOOLTIP]City-State[/TIP] you are [TIP:LOC_PEDIA_CONCEPTS_SUZERAIN_TOOLTIP]Suzerain[/TIP] of.,+5% Production towards constructing Buildings for every Scientific City-State you are Suzerain of.,0
CITY_STATE_SCIENTIFIC_BONUS_ANTIQUITY_6,SCIENTIFIC,AGE_ANTIQUITY,Lingua Franca,+2[icon:YIELD_SCIENCE]Science on displayed [icon:NAR_REW_GREATWORK]Codices.,+2Science on displayed Codices.,0
CITY_STATE_SCIENTIFIC_BONUS_ANTIQUITY_7,SCIENTIFIC,AGE_ANTIQUITY,Archimedes' Screw,+1[icon:YIELD_SCIENCE]Science on Brickyards and Harbors. This bonus can be chosen by multiple Civilizations.,+1Science on Brickyards and Harbors. This bonus can be chosen by multiple Civilizations.,1
CITY_STATE_BONUS_EXPLORATION_10,CULTURAL,AGE_EXPLORATION,Church Hierarchy,Receive a free [icon:RADIAL_CIVICS] Civic.,Receive a free Civic.,0
CITY_STATE_BONUS_EXPLORATION_6,CULTURAL,AGE_EXPLORATION,Stone Head,Allows the construction of the Stone Head Unique Improvement. [n]The Stonehead provides +4[icon:YIELD_CULTURE] Culture. +1[icon:YIELD_CULTURE] Culture for every adjacent Stone Head. Must be placed on an existing Improvement on tiles with a natural [icon:YIELD_HAPPINESS]Happiness yield.,Allows the construction of the Stone Head Unique Improvement. The Stonehead provides +4 Culture. +1 Culture for every adjacent Stone Head. Must be placed on an existing Improvement on tiles with a natural Happiness yield.,0
CITY_STATE_BONUS_EXPLORATION_7,CULTURAL,AGE_EXPLORATION,Suai,+2[icon:YIELD_CULTURE] Culture on [icon:YIELD_CULTURE]Culture Buildings.,+2 Culture on Culture Buildings.,0
CITY_STATE_BONUS_EXPLORATION_8,CULTURAL,AGE_EXPLORATION,Philatory,+1[icon:YIELD_CULTURE] Culture on Temples in [icon:YIELD_CITIES]Cities for each [icon:CITYSTATE]Cultural [TIP:LOC_PEDIA_CONCEPTS_CITY_STATE_TOOLTIP]City-State[/TIP] you are [TIP:LOC_PEDIA_CONCEPTS_SUZERAIN_TOOLTIP]Suzerain[/TIP] of. Receive a [icon:NAR_REW_GREATWORK]Relic.,+1 Culture on Temples in Cities for each Cultural City-State you are Suzerain of. Receive a Relic.,0
CITY_STATE_BONUS_EXPLORATION_9,CULTURAL,AGE_EXPLORATION,Dhimmi,+1 [icon:NAR_REW_TRADITION_SLOT]Social Policy slot.,+1 Social Policy slot.,0
CITY_STATE_CULTURAL_BONUS_EXPLORATION_6,CULTURAL,AGE_EXPLORATION,Sì Mín,+1 [icon:YIELD_CULTURE]Culture on [icon:SPECIALIST]Specialists.,+1 Culture on Specialists.,0
CITY_STATE_CULTURAL_BONUS_EXPLORATION_7,CULTURAL,AGE_EXPLORATION,Artisans,"+1 [icon:YIELD_CULTURE]Culture on Saw Pits, Fishing Quays, and Stonecutters. This bonus can be chosen by multiple Civilizations.","+1 Culture on Saw Pits, Fishing Quays, and Stonecutters. This bonus can be chosen by multiple Civilizations.",1
CITY_STATE_DIPLOMATIC_BONUS_EXPLORATION_1,DIPLOMATIC,AGE_EXPLORATION,Minor Embassy,Allows the creation of the Minor Embassy improvement. [n]The Minor Embassy provides +2 [icon:YIELD_DIPLOMACY]Influence. Provides additional +1 [icon:YIELD_DIPLOMACY]Influence for each [icon:PLAYER_RELATIONSHIP_ALLIANCE]Alliance you have. Must be placed on an existing Improvement in a City. One per Settlement.,Allows the creation of the Minor Embassy improvement. The Minor Embassy provides +2 Influence. Provides additional +1 Influence for each Alliance you have. Must be placed on an existing Improvement in a City. One per Settlement.,0
CITY_STATE_DIPLOMATIC_BONUS_EXPLORATION_2,DIPLOMATIC,AGE_EXPLORATION,Demand Tribute,Gain the [icon:SANCTIONS]Demand Tribute Sanction. Target a Settlement with [icon:RADIAL_RESOURCES] Treasure Resources. Inflicts -20 [icon:YIELD_GOLD]Gold per turn on the owner of the Settlement for the duration. Creates a [icon:UNIT_TREASURE_FLEET]Treasure Convoy with a value of 2 when the action ends.,Gain the Demand Tribute Sanction. Target a Settlement with Treasure Resources. Inflicts -20 Gold per turn on the owner of the Settlement for the duration. Creates a Treasure Convoy with a value of 2 when the action ends.,0
CITY_STATE_DIPLOMATIC_BONUS_EXPLORATION_3,DIPLOMATIC,AGE_EXPLORATION,Machi-Bugyō,+2 [icon:YIELD_HAPPINESS]Happiness on [icon:YIELD_HAPPINESS]Happiness Buildings.,+2 Happiness on Happiness Buildings.,0
CITY_STATE_DIPLOMATIC_BONUS_EXPLORATION_4,DIPLOMATIC,AGE_EXPLORATION,Congress of Vienna,+20% [icon:YIELD_DIPLOMACY]Influence towards starting and supporting [icon:ENDEAVOR]Endeavors and [icon:SANCTIONS]Sanctions for each [icon:CITYSTATE]Diplomatic [TIP:LOC_PEDIA_CONCEPTS_CITY_STATE_TOOLTIP]City-State[/TIP] you are [TIP:LOC_PEDIA_CONCEPTS_SUZERAIN_TOOLTIP]Suzerain[/TIP] of.,+20% Influence towards starting and supporting Endeavors and Sanctions for each Diplomatic City-State you are Suzerain of.,0
CITY_STATE_DIPLOMATIC_BONUS_EXPLORATION_5,DIPLOMATIC,AGE_EXPLORATION,Kataskopoi,+20% [icon:YIELD_DIPLOMACY]Influence towards starting [icon:ESPIONAGE]Espionage Actions for each [icon:CITYSTATE]Diplomatic [TIP:LOC_PEDIA_CONCEPTS_CITY_STATE_TOOLTIP]City-State[/TIP] you are [TIP:LOC_PEDIA_CONCEPTS_SUZERAIN_TOOLTIP]Suzerain[/TIP] of. They complete 25% faster.,+20% Influence towards starting Espionage Actions for each Diplomatic City-State you are Suzerain of. They complete 25% faster.,0
CITY_STATE_DIPLOMATIC_BONUS_EXPLORATION_6,DIPLOMATIC,AGE_EXPLORATION,Gyeongguk Daejeon,+1 [icon:NAR_REW_TRADITION_SLOT]Social Policy Slot.,+1 Social Policy Slot.,0
CITY_STATE_DIPLOMATIC_BONUS_EXPLORATION_7,DIPLOMATIC,AGE_EXPLORATION,Market Cross,"+1 [icon:YIELD_HAPPINESS]Happiness on Granaries, Brickyards, and Gristmills. This bonus can be chosen by multiple Civilizations.","+1 Happiness on Granaries, Brickyards, and Gristmills. This bonus can be chosen by multiple Civilizations.",1
CITY_STATE_BONUS_EXPLORATION_11,ECONOMIC,AGE_EXPLORATION,Company Post,"Allows the construction of the Company Post Unique Improvement. [n]The Company Post provides +4[icon:YIELD_GOLD] Gold. +1[icon:YIELD_FOOD] Food and +1[icon:YIELD_PRODUCTION] Production in Distant Lands. +2[icon:YIELD_GOLD] Gold if there is at least one [icon:RADIAL_RESOURCES] Resource assigned to this Settlement. Must be placed on an existing Improvement, and cannot be placed adjacent to another Company Post.","Allows the construction of the Company Post Unique Improvement. The Company Post provides +4 Gold. +1 Food and +1 Production in Distant Lands. +2 Gold if there is at least one Resource assigned to this Settlement. Must be placed on an existing Improvement, and cannot be placed adjacent to another Company Post.",0
CITY_STATE_BONUS_EXPLORATION_12,ECONOMIC,AGE_EXPLORATION,Gbara,+4[icon:YIELD_GOLD] Gold on [icon:YIELD_GOLD]Gold Buildings.,+4 Gold on Gold Buildings.,0
CITY_STATE_BONUS_EXPLORATION_13,ECONOMIC,AGE_EXPLORATION,Spice Islands,Receive the Cloves [icon:RADIAL_RESOURCES] Resource in the [icon:NOTIFICATION_SELECT_CAPITAL] Capital. Cloves provides +6[icon:YIELD_FOOD] Food and +10%[icon:YIELD_GOLD] Gold.,Receive the Cloves Resource in the Capital. Cloves provides +6 Food and +10% Gold.,0
CITY_STATE_BONUS_EXPLORATION_14,ECONOMIC,AGE_EXPLORATION,Territorial Claims,+2 Gold[icon:YIELD_GOLD] for each active [icon:TRADE_ROUTE]Trade Route for each [icon:CITYSTATE]Economic [TIP:LOC_PEDIA_CONCEPTS_CITY_STATE_TOOLTIP]City-State[/TIP] you are [TIP:LOC_PEDIA_CONCEPTS_SUZERAIN_TOOLTIP]Suzerain[/TIP] of.,+2 Gold for each active Trade Route for each Economic City-State you are Suzerain of.,0
CITY_STATE_BONUS_EXPLORATION_15,ECONOMIC,AGE_EXPLORATION,Guosuo,+10 [icon:TRADE_ROUTE]Trade Route range for every [icon:CITYSTATE]Economic [TIP:LOC_PEDIA_CONCEPTS_CITY_STATE_TOOLTIP]City-State[/TIP] you are [TIP:LOC_PEDIA_CONCEPTS_SUZERAIN_TOOLTIP]Suzerain[/TIP] of.,+10 Trade Route range for every Economic City-State you are Suzerain of.,0
CITY_STATE_ECONOMIC_BONUS_EXPLORATION_6,ECONOMIC,AGE_EXPLORATION,Bullion,+1 [icon:YIELD_GOLD]Gold on [icon:RADIAL_RESOURCES] Treasure Resources.,+1 Gold on Treasure Resources.,0
CITY_STATE_ECONOMIC_BONUS_EXPLORATION_7,ECONOMIC,AGE_EXPLORATION,Market Right,"+1 [icon:YIELD_GOLD]Gold on Saw Pits, Harbors, and Sawmills. This bonus can be chosen by multiple Civilizations.","+1 Gold on Saw Pits, Harbors, and Sawmills. This bonus can be chosen by multiple Civilizations.",1
CITY_STATE_EXPANSIONIST_BONUS_EXPLORATION_1,EXPANSIONIST,AGE_EXPLORATION,Saqiya,Allows the creation of the Saqiya Improvement. [n]The Saqiya provides +4 [icon:YIELD_FOOD]Food. Provides +1 [icon:YIELD_SCIENCE]Science in Settlements following your [icon:NAR_REW_RELIGION]Religion. Must be placed on an existing Improvement on [icon:CLASS_FLOOD] Floodplains.,Allows the creation of the Saqiya Improvement. The Saqiya provides +4 Food. Provides +1 Science in Settlements following your Religion. Must be placed on an existing Improvement on Floodplains.,0
CITY_STATE_EXPANSIONIST_BONUS_EXPLORATION_2,EXPANSIONIST,AGE_EXPLORATION,Carruca,+1 [icon:YIELD_FOOD]Food on [icon:RADIAL_RESOURCES] Resources.,+1 Food on Resources.,0
CITY_STATE_EXPANSIONIST_BONUS_EXPLORATION_3,EXPANSIONIST,AGE_EXPLORATION,Kuebiko,+4 [icon:YIELD_FOOD]Food on [icon:YIELD_FOOD]Food Buildings.,+4 Food on Food Buildings.,0
CITY_STATE_EXPANSIONIST_BONUS_EXPLORATION_4,EXPANSIONIST,AGE_EXPLORATION,Gruit,+2 [icon:YIELD_FOOD]Food in Settlements for each [icon:CITYSTATE]Expansionist [TIP:LOC_PEDIA_CONCEPTS_CITY_STATE_TOOLTIP]City-State[/TIP] you are [TIP:LOC_PEDIA_CONCEPTS_SUZERAIN_TOOLTIP]Suzerain[/TIP] of. Doubled in [icon:YIELD_TOWNS]Towns.,+2 Food in Settlements for each Expansionist City-State you are Suzerain of. Doubled in Towns.,0
CITY_STATE_EXPANSIONIST_BONUS_EXPLORATION_5,EXPANSIONIST,AGE_EXPLORATION,Hútòng,"Receive a [icon:YIELD_POPULATION]Population in your [icon:NOTIFICATION_SELECT_CAPITAL] Capital when you become [TIP:LOC_PEDIA_CONCEPTS_SUZERAIN_TOOLTIP]Suzerain[/TIP] of an [icon:CITYSTATE]Expansionist [TIP:LOC_PEDIA_CONCEPTS_CITY_STATE_TOOLTIP]City-State[/TIP], including this one.","Receive a Population in your Capital when you become Suzerain of an Expansionist City-State, including this one.",0
CITY_STATE_EXPANSIONIST_BONUS_EXPLORATION_6,EXPANSIONIST,AGE_EXPLORATION,Mappa Mundi,+1 [icon:SETTLEMENT_LIMIT]Settlement Limit.,+1 Settlement Limit.,0
CITY_STATE_EXPANSIONIST_BONUS_EXPLORATION_7,EXPANSIONIST,AGE_EXPLORATION,Igoudar,"+1 [icon:YIELD_FOOD]Food on Granaries, Fishing Quays, and Gristmills. This bonus can be chosen by multiple Civilizations.","+1 Food on Granaries, Fishing Quays, and Gristmills. This bonus can be chosen by multiple Civilizations.",1
CITY_STATE_BONUS_EXPLORATION_1,MILITARISTIC,AGE_EXPLORATION,Kasbah,"Allows the construction of the Kasbah Unique Improvement. [n]The Kasbah provides +1[icon:YIELD_CULTURE] Culture,[icon:YIELD_GOLD]Gold, and [icon:YIELD_SCIENCE] Science. +3 [icon:NAR_REW_COMBAT]Combat Strength to Units in this tile. Must be placed on an existing Improvement on Desert.","Allows the construction of the Kasbah Unique Improvement. The Kasbah provides +1 Culture,Gold, and Science. +3 Combat Strength to Units in this tile. Must be placed on an existing Improvement on Desert.",0
CITY_STATE_BONUS_EXPLORATION_2,MILITARISTIC,AGE_EXPLORATION,Expeditionary Warfare,[icon:UNIT_ARMY_COMMANDER]Commanders in Distant Lands earn double experience.,Commanders in Distant Lands earn double experience.,0
CITY_STATE_BONUS_EXPLORATION_3,MILITARISTIC,AGE_EXPLORATION,Longbow,+1 [icon:Action_Ranged]Ranged Combat Strength to Ranged and Siege Units for every [icon:CITYSTATE]Militaristic [TIP:LOC_PEDIA_CONCEPTS_CITY_STATE_TOOLTIP]City-State[/TIP] you are [TIP:LOC_PEDIA_CONCEPTS_SUZERAIN_TOOLTIP]Suzerain[/TIP] of.,+1 Ranged Combat Strength to Ranged and Siege Units for every Militaristic City-State you are Suzerain of.,0
CITY_STATE_BONUS_EXPLORATION_4,MILITARISTIC,AGE_EXPLORATION,Corsair,Allows the training of the Corsair Naval Unit. The [icon:UNIT_CORSAIR]Corsair captures opposing Units but must be purchased and costs more maintenance.,Allows the training of the Corsair Naval Unit. The Corsair captures opposing Units but must be purchased and costs more maintenance.,0
CITY_STATE_BONUS_EXPLORATION_5,MILITARISTIC,AGE_EXPLORATION,Free Companies,+1 [icon:NAR_REW_COMBAT]Combat Strength to Infantry and Naval Units for every [icon:CITYSTATE]Militaristic [TIP:LOC_PEDIA_CONCEPTS_CITY_STATE_TOOLTIP]City-State[/TIP] you are [TIP:LOC_PEDIA_CONCEPTS_SUZERAIN_TOOLTIP]Suzerain[/TIP] of.,+1 Combat Strength to Infantry and Naval Units for every Militaristic City-State you are Suzerain of.,0
CITY_STATE_MILITARISTIC_BONUS_EXPLORATION_6,MILITARISTIC,AGE_EXPLORATION,Staked Claims,+1 [icon:SETTLEMENT_LIMIT]Settlement Limit.,+1 Settlement Limit.,0
CITY_STATE_MILITARISTIC_BONUS_EXPLORATION_7,MILITARISTIC,AGE_EXPLORATION,Casus Belli,+1 [icon:WAR_SUPPORT]War Support. This bonus can be chosen by multiple Civilizations.,+1 War Support. This bonus can be chosen by multiple Civilizations.,1
CITY_STATE_BONUS_EXPLORATION_16,SCIENTIFIC,AGE_EXPLORATION,Monastery,"Allows the construction of the Monastery Unique Improvement. [n]The Monastery provides +4[icon:YIELD_SCIENCE] Science. +3[icon:YIELD_HAPPINESS] Happiness if this Settlement follows your [icon:NAR_REW_RELIGION]Religion. Must be placed on an existing Improvement, and cannot be placed adjacent to a District.","Allows the construction of the Monastery Unique Improvement. The Monastery provides +4 Science. +3 Happiness if this Settlement follows your Religion. Must be placed on an existing Improvement, and cannot be placed adjacent to a District.",0
CITY_STATE_BONUS_EXPLORATION_17,SCIENTIFIC,AGE_EXPLORATION,Free Inquiry,+2[icon:YIELD_SCIENCE] Science on [icon:YIELD_SCIENCE]Science Buildings.,+2 Science on Science Buildings.,0
CITY_STATE_BONUS_EXPLORATION_18,SCIENTIFIC,AGE_EXPLORATION,Natural Law,+5%[icon:YIELD_PRODUCTION] Production towards constructing [icon:CITY_BUILDING_LIST] Buildings for every [icon:CITYSTATE]Scientific [TIP:LOC_PEDIA_CONCEPTS_CITY_STATE_TOOLTIP]City-State[/TIP] you are [TIP:LOC_PEDIA_CONCEPTS_SUZERAIN_TOOLTIP]Suzerain[/TIP] of.,+5% Production towards constructing Buildings for every Scientific City-State you are Suzerain of.,0
CITY_STATE_BONUS_EXPLORATION_19,SCIENTIFIC,AGE_EXPLORATION,Eureka!,"Receive a [icon:YIELD_POPULATION]Population in your [icon:NOTIFICATION_SELECT_CAPITAL] Capital when you become [TIP:LOC_PEDIA_CONCEPTS_SUZERAIN_TOOLTIP]Suzerain[/TIP] of a [icon:CITYSTATE]Scientific [TIP:LOC_PEDIA_CONCEPTS_CITY_STATE_TOOLTIP]City-State[/TIP], including this one.","Receive a Population in your Capital when you become Suzerain of a Scientific City-State, including this one.",0
CITY_STATE_BONUS_EXPLORATION_20,SCIENTIFIC,AGE_EXPLORATION,Reichskreise,Receive a free [icon:RADIAL_TECH] Technology.,Receive a free Technology.,0
CITY_STATE_SCIENTIFIC_BONUS_EXPLORATION_6,SCIENTIFIC,AGE_EXPLORATION,Master Tradesmen,+1 [icon:YIELD_SCIENCE]Science on [icon:SPECIALIST]Specialists.,+1 Science on Specialists.,0
CITY_STATE_SCIENTIFIC_BONUS_EXPLORATION_7,SCIENTIFIC,AGE_EXPLORATION,Apprenticeship,"+1 [icon:YIELD_SCIENCE]Science on Brickyards, Harbors, and Stonecutters. This bonus can be chosen by multiple Civilizations.","+1 Science on Brickyards, Harbors, and Stonecutters. This bonus can be chosen by multiple Civilizations.",1
CITY_STATE_BONUS_MODERN_10,CULTURAL,AGE_MODERN,Ethnology,Receive a free [icon:RADIAL_CIVICS] Civic.,Receive a free Civic.,0
CITY_STATE_BONUS_MODERN_6,CULTURAL,AGE_MODERN,Open-Air Museum,"Allows the construction of the Open-Air Museum Unique Improvement. [n]The Open-Air Museum provides +5[icon:YIELD_CULTURE] Culture. +2[icon:YIELD_SCIENCE] Science for each adjacent Tropical Terrain, +2[icon:YIELD_CULTURE] Culture for each adjacent Tundra Terrain, and +2[icon:YIELD_GOLD] Gold for each adjacent Desert tile. Must be placed on an existing Improvement. One Per Settlement.","Allows the construction of the Open-Air Museum Unique Improvement. The Open-Air Museum provides +5 Culture. +2 Science for each adjacent Tropical Terrain, +2 Culture for each adjacent Tundra Terrain, and +2 Gold for each adjacent Desert tile. Must be placed on an existing Improvement. One Per Settlement.",0
CITY_STATE_BONUS_MODERN_7,CULTURAL,AGE_MODERN,Monthon,+2 [icon:YIELD_CULTURE]Culture on [icon:YIELD_CULTURE]Culture Buildings.,+2 Culture on Culture Buildings.,0
CITY_STATE_BONUS_MODERN_8,CULTURAL,AGE_MODERN,Antiquarianism,+2 [icon:YIELD_CULTURE]Culture on Museums for each [icon:CITYSTATE]Cultural [TIP:LOC_PEDIA_CONCEPTS_CITY_STATE_TOOLTIP]City-State[/TIP] you are [TIP:LOC_PEDIA_CONCEPTS_SUZERAIN_TOOLTIP]Suzerain[/TIP] of. Receive 1 [icon:NAR_REW_GREATWORK]Artifact.,+2 Culture on Museums for each Cultural City-State you are Suzerain of. Receive 1 Artifact.,0
CITY_STATE_BONUS_MODERN_9,CULTURAL,AGE_MODERN,Commonwealth,+1 [icon:NAR_REW_TRADITION_SLOT]Social Policy slot.,+1 Social Policy slot.,0
CITY_STATE_CULTURAL_BONUS_MODERN_6,CULTURAL,AGE_MODERN,Touring Exhibits,+4 [icon:YIELD_CULTURE]Culture on displayed [icon:NAR_REW_GREATWORK]Artifacts.,+4 Culture on displayed Artifacts.,0
CITY_STATE_CULTURAL_BONUS_MODERN_7,CULTURAL,AGE_MODERN,Textile Industry,"+1 [icon:YIELD_CULTURE]Culture on Saw Pits, Fishing Quays, Stonecutters, and Grocers. This bonus can be chosen by multiple Civilizations.","+1 Culture on Saw Pits, Fishing Quays, Stonecutters, and Grocers. This bonus can be chosen by multiple Civilizations.",1
CITY_STATE_DIPLOMATIC_BONUS_MODERN_1,DIPLOMATIC,AGE_MODERN,Circus Fair,Allows the creation of the Circus Fair improvement. [n]The Circus Fair provides +6 [icon:YIELD_HAPPINESS]Happiness. Provides +1 [icon:YIELD_DIPLOMACY]Influence when built in [icon:YIELD_CITIES]Cities. Must be placed on an existing Improvement in Settlements with at least 15 [icon:YIELD_POPULATION]Population. One per Settlement.,Allows the creation of the Circus Fair improvement. The Circus Fair provides +6 Happiness. Provides +1 Influence when built in Cities. Must be placed on an existing Improvement in Settlements with at least 15 Population. One per Settlement.,0
CITY_STATE_DIPLOMATIC_BONUS_MODERN_2,DIPLOMATIC,AGE_MODERN,Ideological Revolt,"Gain the [icon:ESPIONAGE]Ideological Revolt Espionage action. Targets one [icon:YIELD_CITIES]City of a Civ with an [icon:NAR_REW_IDEOLOGY]Ideology. On completion, pillage up to 4 [icon:CITY_BUILDING_LIST] Buildings in that City.","Gain the Ideological Revolt Espionage action. Targets one City of a Civ with an Ideology. On completion, pillage up to 4 Buildings in that City.",0
CITY_STATE_DIPLOMATIC_BONUS_MODERN_3,DIPLOMATIC,AGE_MODERN,Fair Wages,+2 [icon:YIELD_HAPPINESS]Happiness on [icon:YIELD_HAPPINESS]Happiness Buildings.,+2 Happiness on Happiness Buildings.,0
CITY_STATE_DIPLOMATIC_BONUS_MODERN_4,DIPLOMATIC,AGE_MODERN,Plenipotentiaries,+20% [icon:YIELD_DIPLOMACY]Influence towards starting and supporting [icon:ENDEAVOR]Endeavors and [icon:SANCTIONS]Sanctions for each [icon:CITYSTATE]Diplomatic [TIP:LOC_PEDIA_CONCEPTS_CITY_STATE_TOOLTIP]City-State[/TIP] you are [TIP:LOC_PEDIA_CONCEPTS_SUZERAIN_TOOLTIP]Suzerain[/TIP] of.,+20% Influence towards starting and supporting Endeavors and Sanctions for each Diplomatic City-State you are Suzerain of.,0
CITY_STATE_DIPLOMATIC_BONUS_MODERN_5,DIPLOMATIC,AGE_MODERN,Cabinet Noir,+20% [icon:YIELD_DIPLOMACY]Influence towards starting [icon:ESPIONAGE]Espionage Actions for each [icon:CITYSTATE]Diplomatic [TIP:LOC_PEDIA_CONCEPTS_CITY_STATE_TOOLTIP]City-State[/TIP] you are [TIP:LOC_PEDIA_CONCEPTS_SUZERAIN_TOOLTIP]Suzerain[/TIP] of. They complete 25% faster.,+20% Influence towards starting Espionage Actions for each Diplomatic City-State you are Suzerain of. They complete 25% faster.,0
CITY_STATE_DIPLOMATIC_BONUS_MODERN_6,DIPLOMATIC,AGE_MODERN,Secret Ballot,+1 [icon:NAR_REW_TRADITION_SLOT]Social Policy Slot.,+1 Social Policy Slot.,0
CITY_STATE_DIPLOMATIC_BONUS_MODERN_7,DIPLOMATIC,AGE_MODERN,Public Infrastructure,"+1 [icon:YIELD_HAPPINESS]Happiness on Granaries, Brickyards, Gristmills, and Grocers. This bonus can be chosen by multiple Civilizations","+1 Happiness on Granaries, Brickyards, Gristmills, and Grocers. This bonus can be chosen by multiple Civilizations",1
CITY_STATE_BONUS_MODERN_11,ECONOMIC,AGE_MODERN,Entrepôt,Allows the construction of the Entrepôt Unique Improvement. [n]The Entrepôt provides +5[icon:YIELD_GOLD] Gold. +1[icon:YIELD_GOLD] Gold on every Navigable River tile in this Settlement. Must be placed on an existing Improvement on a Navigable River not adjacent to another Entrepôt.,Allows the construction of the Entrepôt Unique Improvement. The Entrepôt provides +5 Gold. +1 Gold on every Navigable River tile in this Settlement. Must be placed on an existing Improvement on a Navigable River not adjacent to another Entrepôt.,0
CITY_STATE_BONUS_MODERN_12,ECONOMIC,AGE_MODERN,Kolkhoz,+4[icon:YIELD_GOLD] Gold on [icon:YIELD_GOLD]Gold Buildings.,+4 Gold on Gold Buildings.,0
CITY_STATE_BONUS_MODERN_13,ECONOMIC,AGE_MODERN,Rare Metals,Receive the Nickel [icon:RADIAL_RESOURCES] Resource in the [icon:NOTIFICATION_SELECT_CAPITAL] Capital. Nickel provides +10%[icon:YIELD_SCIENCE] Science and +10%[icon:YIELD_GOLD] Gold.,Receive the Nickel Resource in the Capital. Nickel provides +10% Science and +10% Gold.,0
CITY_STATE_BONUS_MODERN_14,ECONOMIC,AGE_MODERN,Branch Office,+3 [icon:YIELD_GOLD]Gold for each active [icon:TRADE_ROUTE]Trade Route for each [icon:CITYSTATE]Economic [TIP:LOC_PEDIA_CONCEPTS_CITY_STATE_TOOLTIP]City-State[/TIP] you are [TIP:LOC_PEDIA_CONCEPTS_SUZERAIN_TOOLTIP]Suzerain[/TIP] of.,+3 Gold for each active Trade Route for each Economic City-State you are Suzerain of.,0
CITY_STATE_BONUS_MODERN_15,ECONOMIC,AGE_MODERN,Shipping Lanes,You have no maximum Range on [icon:TRADE_ROUTE]Trade Routes.,You have no maximum Range on Trade Routes.,0
CITY_STATE_ECONOMIC_BONUS_MODERN_6,ECONOMIC,AGE_MODERN,Factory System,+1 [icon:RADIAL_RESOURCES] Resource Capacity in Settlements with a Factory.,+1 Resource Capacity in Settlements with a Factory.,0
CITY_STATE_ECONOMIC_BONUS_MODERN_7,ECONOMIC,AGE_MODERN,Entrepreneurship,"+1 [icon:YIELD_GOLD]Gold on Saw Pits, Harbors, Sawmills, and Ironworks. This bonus can be chosen by multiple Civilizations.","+1 Gold on Saw Pits, Harbors, Sawmills, and Ironworks. This bonus can be chosen by multiple Civilizations.",1
CITY_STATE_EXPANSIONIST_BONUS_MODERN_1,EXPANSIONIST,AGE_MODERN,Abattoir,Allows the creation of the Abattoir improvement. [n]The Abattoir provides +5 [icon:YIELD_FOOD]Food. +1[icon:YIELD_FOOD]Food and -1[icon:YIELD_HAPPINESS]Happiness for each Abattoir in this Settlement. Must be placed on an existing Improvement on a tile with a [icon:YIELD_FOOD]Food Yield. Cannot be placed adjacent to another Abattoir.,Allows the creation of the Abattoir improvement. The Abattoir provides +5 Food. +1Food and -1Happiness for each Abattoir in this Settlement. Must be placed on an existing Improvement on a tile with a Food Yield. Cannot be placed adjacent to another Abattoir.,0
CITY_STATE_EXPANSIONIST_BONUS_MODERN_2,EXPANSIONIST,AGE_MODERN,Balance Plough,+1 [icon:YIELD_FOOD]Food on [icon:RADIAL_RESOURCES] Resources.,+1 Food on Resources.,0
CITY_STATE_EXPANSIONIST_BONUS_MODERN_3,EXPANSIONIST,AGE_MODERN,Four-Field Rotation,+4 [icon:YIELD_FOOD]Food on [icon:YIELD_FOOD]Food Buildings.,+4 Food on Food Buildings.,0
CITY_STATE_EXPANSIONIST_BONUS_MODERN_4,EXPANSIONIST,AGE_MODERN,Zymurgy,+3 [icon:YIELD_FOOD]Food in Settlements for each [icon:CITYSTATE]Expansionist [TIP:LOC_PEDIA_CONCEPTS_CITY_STATE_TOOLTIP]City-State[/TIP] you are [TIP:LOC_PEDIA_CONCEPTS_SUZERAIN_TOOLTIP]Suzerain[/TIP] of. Doubled in [icon:YIELD_TOWNS]Towns.,+3 Food in Settlements for each Expansionist City-State you are Suzerain of. Doubled in Towns.,0
CITY_STATE_EXPANSIONIST_BONUS_MODERN_5,EXPANSIONIST,AGE_MODERN,Diplomatic Immunity,"Receive a [icon:YIELD_POPULATION]Population in your [icon:NOTIFICATION_SELECT_CAPITAL] Capital when you become [TIP:LOC_PEDIA_CONCEPTS_SUZERAIN_TOOLTIP]Suzerain[/TIP] of an [icon:CITYSTATE]Expansionist [TIP:LOC_PEDIA_CONCEPTS_CITY_STATE_TOOLTIP]City-State[/TIP], including this one.","Receive a Population in your Capital when you become Suzerain of an Expansionist City-State, including this one.",0
CITY_STATE_EXPANSIONIST_BONUS_MODERN_6,EXPANSIONIST,AGE_MODERN,Annexation,+1 [icon:SETTLEMENT_LIMIT]Settlement Limit.,+1 Settlement Limit.,0
CITY_STATE_EXPANSIONIST_BONUS_MODERN_7,EXPANSIONIST,AGE_MODERN,Cold Chain,"+1 [icon:YIELD_FOOD]Food on Granaries, Brickyards, Gristmills, and Grocers. This bonus can be chosen by multiple Civilizations","+1 Food on Granaries, Brickyards, Gristmills, and Grocers. This bonus can be chosen by multiple Civilizations",1
CITY_STATE_BONUS_MODERN_1,MILITARISTIC,AGE_MODERN,Shore Battery,"Allows the construction of the Shore Battery Unique Improvement. [n]The Shore Battery provides +5[icon:YIELD_PRODUCTION] Production. +3 [icon:Action_Ranged]Ranged Combat Strength, +1 Range to Ranged and Siege Units in this tile. +5 [icon:Action_Heal]Healing per turn to Military Units in this tile. Counts as a Fortification, +6 [icon:NAR_REW_COMBAT]Combat Strength when defending. Must be placed on an existing Improvement adjacent to Coast.","Allows the construction of the Shore Battery Unique Improvement. The Shore Battery provides +5 Production. +3 Ranged Combat Strength, +1 Range to Ranged and Siege Units in this tile. +5 Healing per turn to Military Units in this tile. Counts as a Fortification, +6 Combat Strength when defending. Must be placed on an existing Improvement adjacent to Coast.",0
CITY_STATE_BONUS_MODERN_2,MILITARISTIC,AGE_MODERN,Ideological Warfare,[icon:UNIT_ARMY_COMMANDER]Commanders earn double experience.,Commanders earn double experience.,0
CITY_STATE_BONUS_MODERN_3,MILITARISTIC,AGE_MODERN,Artillery Master,+1 [icon:Action_Ranged]Ranged Combat Strength to Ranged and Siege Units for every [icon:CITYSTATE]Militaristic [TIP:LOC_PEDIA_CONCEPTS_CITY_STATE_TOOLTIP]City-State[/TIP] you are [TIP:LOC_PEDIA_CONCEPTS_SUZERAIN_TOOLTIP]Suzerain[/TIP] of.,+1 Ranged Combat Strength to Ranged and Siege Units for every Militaristic City-State you are Suzerain of.,0
CITY_STATE_BONUS_MODERN_4,MILITARISTIC,AGE_MODERN,Partisan,Allows the training of the [icon:UNIT_PARTISAN]Partisan Land Unit. Each Partisan is slightly more expensive than the last to train. It has +5 [icon:NAR_REW_COMBAT]Combat Strength against Civilizations with a different [icon:NAR_REW_IDEOLOGY]Ideology and +10 [icon:Action_Heal]Healing in owned territory.,Allows the training of the Partisan Land Unit. Each Partisan is slightly more expensive than the last to train. It has +5 Combat Strength against Civilizations with a different Ideology and +10 Healing in owned territory.,0
CITY_STATE_BONUS_MODERN_5,MILITARISTIC,AGE_MODERN,United Front,+1 [icon:NAR_REW_COMBAT]Combat Strength to Infantry and Naval Units for every [icon:CITYSTATE]Militaristic [TIP:LOC_PEDIA_CONCEPTS_CITY_STATE_TOOLTIP]City-State[/TIP] you are [TIP:LOC_PEDIA_CONCEPTS_SUZERAIN_TOOLTIP]Suzerain[/TIP] of.,+1 Combat Strength to Infantry and Naval Units for every Militaristic City-State you are Suzerain of.,0
CITY_STATE_MILITARISTIC_BONUS_MODERN_6,MILITARISTIC,AGE_MODERN,Dependent Territories,+1 [icon:SETTLEMENT_LIMIT]Settlement Limit.,+1 Settlement Limit.,0
CITY_STATE_MILITARISTIC_BONUS_MODERN_7,MILITARISTIC,AGE_MODERN,Home Front,+1 [icon:WAR_SUPPORT]War Support. This bonus can be chosen by multiple Civilizations.,+1 War Support. This bonus can be chosen by multiple Civilizations.,1
CITY_STATE_BONUS_MODERN_16,SCIENTIFIC,AGE_MODERN,Institute,Allows the construction of the Institute Unique Improvement. [n]The Institute provides +5[icon:YIELD_SCIENCE] Science. +2[icon:YIELD_SCIENCE] Science on adjacent Wet or Vegetated Terrain. Must be placed on an existing Improvement. Cannot be Adjacent to another Institute.,Allows the construction of the Institute Unique Improvement. The Institute provides +5 Science. +2 Science on adjacent Wet or Vegetated Terrain. Must be placed on an existing Improvement. Cannot be Adjacent to another Institute.,0
CITY_STATE_BONUS_MODERN_17,SCIENTIFIC,AGE_MODERN,Artisan's League,+2[icon:YIELD_SCIENCE] Science on [icon:YIELD_SCIENCE]Science Buildings.,+2 Science on Science Buildings.,0
CITY_STATE_BONUS_MODERN_18,SCIENTIFIC,AGE_MODERN,Scholarly Network,+5%[icon:YIELD_PRODUCTION] towards constructing [icon:CITY_BUILDING_LIST] Buildings for every [icon:CITYSTATE]Scientific [TIP:LOC_PEDIA_CONCEPTS_CITY_STATE_TOOLTIP]City-State[/TIP] you are [TIP:LOC_PEDIA_CONCEPTS_SUZERAIN_TOOLTIP]Suzerain[/TIP] of.,+5% towards constructing Buildings for every Scientific City-State you are Suzerain of.,0
CITY_STATE_BONUS_MODERN_19,SCIENTIFIC,AGE_MODERN,Anthropology,Receive a free [icon:RADIAL_TECH] Technology.,Receive a free Technology.,0
CITY_STATE_BONUS_MODERN_20,SCIENTIFIC,AGE_MODERN,Professional Architects,+25%[icon:YIELD_PRODUCTION] Production towards completing [icon:DEFAULT_PROJECT]Projects in [icon:YIELD_CITIES]Cities with a [icon:YIELD_SCIENCE]Science Building.,+25% Production towards completing Projects in Cities with a Science Building.,0
CITY_STATE_SCIENTIFIC_BONUS_MODERN_6,SCIENTIFIC,AGE_MODERN,Refineries,+1 [icon:YIELD_SCIENCE]Science on [icon:RADIAL_RESOURCES] Factory Resources assigned to Settlements.,+1 Science on Factory Resources assigned to Settlements.,0
CITY_STATE_SCIENTIFIC_BONUS_MODERN_7,SCIENTIFIC,AGE_MODERN,Mechanization,"+1 [icon:YIELD_SCIENCE]Science on Brickyards, Harbors, Stonecutters, and Ironworks. This bonus can be chosen by multiple Civilizations.","+1 Science on Brickyards, Harbors, Stonecutters, and Ironworks. This bonus can be chosen by multiple Civilizations.",1
