age,victory_category,legacy_type,name,trigger_description_raw,trigger_description_clean,reward_description_raw,reward_description_clean,has_race_variant,first_player_only,major_legacy,legacy_sets
Antiquity,Culture,LEGACY_AQ_CULTURAL_1,Wonders of the Ancient World,Build [B]7 [icon:WONDER] [TIP:LOC_PEDIA_CONCEPTS_WONDERS_TOOLTIP]Wonders[/TIP][/B].,Build 7 Wonders.,[B]+2 [icon:YIELD_CULTURE][/B] and [icon:YIELD_PRODUCTION] on [icon:WONDER] [TIP:LOC_PEDIA_CONCEPTS_WONDERS_TOOLTIP]Wonders[/TIP].,+2 Culture and Production on Wonders.,1,0,1,Default|Trailblazer|Classic
Antiquity,Culture,LEGACY_AQ_CULTURAL_2,Orphic Mysteries,First to have 6 Altars.,First to have 6 Altars.,Unlock [icon:RADIAL_CIVICS] Piety. [B]+25% [icon:YIELD_PRODUCTION][/B] toward constructing Temples.,Unlock Radial Civics Piety. +25% Production toward constructing Temples.,1,1,1,Default|Trailblazer
Antiquity,Culture,LEGACY_AQ_CULTURAL_3,Code of Hammurabi,First to slot [B]9 [icon:SOCIAL_POLICY] [TIP:LOC_PEDIA_CONCEPTS_SOCIAL_POLICY_TOOLTIP]Social Policies[/TIP][/B] or [icon:TRADITION] [TIP:LOC_PEDIA_CONCEPTS_TRADITION_TOOLTIP]Traditions[/TIP].,First to slot 9 Social Policy Social Policies or Tradition Traditions.,[B]+1 [icon:NAR_REW_TRADITION_SLOT] [TIP:LOC_PEDIA_CONCEPTS_TRADITION_TOOLTIP]Tradition Slot[/TIP][/B]. [B]+2 [icon:YIELD_CULTURE][/B] for every [icon:SOCIAL_POLICY] [TIP:LOC_PEDIA_CONCEPTS_SOCIAL_POLICY_TOOLTIP]Social Policy[/TIP] or [icon:TRADITION] [TIP:LOC_PEDIA_CONCEPTS_TRADITION_TOOLTIP]Tradition[/TIP] slotted.,+1 Nar Rew Tradition Slot Tradition Slot. +2 Culture for every Social Policy Social Policy or Tradition Tradition slotted.,1,1,1,Default|Trailblazer
Antiquity,Culture,LEGACY_AQ_CULTURAL_4,I Know That I Know Nothing,First to study [icon:RADIAL_CIVICS] Philosophy.,First to study Radial Civics Philosophy.,[B]+1 [icon:YIELD_HAPPINESS][/B] on [icon:YIELD_CULTURE] [TIP:LOC_PEDIA_CONCEPTS_BUILDINGS_TOOLTIP]Culture Buildings[/TIP].,+1 Happiness on Culture Culture Buildings.,1,1,0,Default|Trailblazer
Antiquity,Culture,LEGACY_AQ_CULTURAL_5,Hundred Schools of Thought,Study all generic [TIP:LOC_PEDIA_CONCEPTS_CIVIC_TOOLTIP]Civics[/TIP] and [TIP:LOC_PEDIA_CONCEPTS_MASTERY_TOOLTIP]Masteries[/TIP].,Study all generic Civics and Masteries.,[B]+1 [icon:YIELD_POPULATION] [TIP:LOC_PEDIA_CONCEPTS_POPULATION_TOOLTIP]Population[/TIP][/B] in [icon:YIELD_TOWNS] [TIP:LOC_PEDIA_CONCEPTS_TOWN_TOOLTIP]Towns[/TIP].,+1 Population Population in Towns Towns.,1,0,0,Default|Trailblazer
Antiquity,Diplomatic,LEGACY_AQ_DIPLOMATIC_1,Pulling the Strings,Become [TIP:LOC_PEDIA_CONCEPTS_SUZERAIN_TOOLTIP]Suzerain[/TIP] of [B]4 [icon:CITYSTATE] [TIP:LOC_PEDIA_CONCEPTS_CITY_STATE_TOOLTIP]City-States[/TIP][/B].,Become Suzerain of 4 Citystate City-States.,[B]+2 [icon:YIELD_DIPLOMACY][/B] and [icon:YIELD_HAPPINESS] on your [TIP:LOC_PEDIA_CONCEPTS_PALACE_TOOLTIP]Palace[/TIP] for every [icon:CITYSTATE] [TIP:LOC_PEDIA_CONCEPTS_CITY_STATE_TOOLTIP]City-State[/TIP] you are [TIP:LOC_PEDIA_CONCEPTS_SUZERAIN_TOOLTIP]Suzerain[/TIP] of.,+2 Diplomacy and Happiness on your Palace for every Citystate City-State you are Suzerain of.,1,0,1,Default|Trailblazer
Antiquity,Diplomatic,LEGACY_AQ_DIPLOMATIC_2,Arthasastra,Successfully complete an [icon:ESPIONAGE] [TIP:LOC_PEDIA_CONCEPTS_ESPIONAGE_TOOLTIP]Espionage Action[/TIP] 5 times.,Successfully complete an Espionage Espionage Action 5 times.,"[B]+25% [icon:YIELD_DIPLOMACY][/B] toward [icon:ESPIONAGE] [TIP:LOC_PEDIA_CONCEPTS_ESPIONAGE_TOOLTIP]Espionage Actions[/TIP], which complete 25% faster.","+25% Diplomacy toward Espionage Espionage Actions, which complete 25% faster.",1,0,1,Default|Trailblazer
Antiquity,Diplomatic,LEGACY_AQ_DIPLOMATIC_3,League of Legendary Friends,[icon:PLAYER_RELATIONSHIP_ALLIANCE] [TIP:LOC_PEDIA_CONCEPTS_ALLIANCE_TOOLTIP]Ally[/TIP] with 2 Leaders.,Player Relationship Alliance Ally with 2 Leaders.,[B]+5 [icon:YIELD_HAPPINESS][/B] in all [TIP:LOC_PEDIA_CONCEPTS_SETTLEMENT_TOOLTIP]Settlements[/TIP] per [icon:PLAYER_RELATIONSHIP_ALLIANCE] [TIP:LOC_PEDIA_CONCEPTS_ALLIANCE_TOOLTIP]Alliance[/TIP]. [B]+200% [icon:YIELD_DIPLOMACY][/B] cost to [icon:SANCTIONS] [TIP:LOC_PEDIA_CONCEPTS_SANCTION_TOOLTIP]Denounce[/TIP].,+5 Happiness in all Settlements per Player Relationship Alliance Alliance. +200% Diplomacy cost to Sanctions Denounce.,1,0,1,Default|Trailblazer
Antiquity,Diplomatic,LEGACY_AQ_DIPLOMATIC_4,Herodotus Says Hello,Complete [B]10 [icon:ENDEAVOR] [TIP:LOC_PEDIA_CONCEPTS_ENDEAVOR_TOOLTIP]Endeavors[/TIP][/B] that you initiated.,Complete 10 Endeavor Endeavors that you initiated.,[B]+25% [icon:RELATIONSHIP] [TIP:LOC_PEDIA_CONCEPTS_RELATIONSHIP_TOOLTIP]Relationship[/TIP][/B] change from [icon:ENDEAVOR] [TIP:LOC_PEDIA_CONCEPTS_ENDEAVOR_TOOLTIP]Endeavors[/TIP] with Leaders.,+25% Relationship Relationship change from Endeavor Endeavors with Leaders.,1,0,0,Default|Trailblazer|Explorer
Antiquity,Diplomatic,LEGACY_AQ_DIPLOMATIC_5,Bread & Circuses,Have 50 excess [icon:YIELD_HAPPINESS] in a [TIP:LOC_PEDIA_CONCEPTS_SETTLEMENT_TOOLTIP]Settlement[/TIP].,Have 50 excess Happiness in a Settlement.,[B]+1 [icon:NAR_REW_TRADITION_SLOT] [TIP:LOC_PEDIA_CONCEPTS_TRADITION_TOOLTIP]Tradition Slot[/TIP][/B].,+1 Nar Rew Tradition Slot Tradition Slot.,1,0,0,Default|Trailblazer
Antiquity,Economic,LEGACY_AQ_ECONOMIC_1,Abundance,Assign [B]26 [icon:RADIAL_RESOURCES] [TIP:LOC_PEDIA_CONCEPTS_RESOURCES_TOOLTIP]Resources[/TIP][/B].,Assign 26 Radial Resources Resources.,[B]+1 [icon:RADIAL_RESOURCES] [TIP:LOC_PEDIA_CONCEPTS_RESOURCE_CAPACITY_TOOLTIP]Resource Capacity[/TIP][/B] in all [TIP:LOC_PEDIA_CONCEPTS_SETTLEMENT_TOOLTIP]Settlements[/TIP].,+1 Radial Resources Resource Capacity in all Settlements.,1,0,1,Default|Trailblazer|Classic
Antiquity,Economic,LEGACY_AQ_ECONOMIC_2,Silk Roads,Have [B]7 [icon:TRADE_ROUTE] [TIP:LOC_PEDIA_CONCEPTS_TRADE_ROUTE_TOOLTIP]Trade Routes[/TIP][/B].,Have 7 Trade Route Trade Routes.,Gain [B]2 [icon:UNIT_MERCHANT] Merchants[/B] for free. [B]+1 [icon:TRADE_ROUTE] [TIP:LOC_PEDIA_CONCEPTS_TRADE_ROUTE_TOOLTIP]Trade Route Capacity[/TIP][/B] with all Civilizations.,Gain 2 Unit Merchant Merchants for free. +1 Trade Route Trade Route Capacity with all Civilizations.,1,0,1,Default|Trailblazer|Explorer
Antiquity,Economic,LEGACY_AQ_ECONOMIC_3,Midas Touch,Have [B]8 [TIP:LOC_PEDIA_CONCEPTS_BUILDINGS_TOOLTIP]Gold Buildings[/TIP][/B].,Have 8 Gold Buildings.,"[B]+5%[/B] [icon:YIELD_GOLD] toward purchasing [TIP:LOC_PEDIA_CONCEPTS_BUILDINGS_TOOLTIP]Buildings[/TIP], doubled toward [icon:YIELD_GOLD] Gold Buildings.","+5% Gold toward purchasing Buildings, doubled toward Gold Gold Buildings.",1,0,1,Default|Trailblazer
Antiquity,Economic,LEGACY_AQ_ECONOMIC_4,Greed is Golden,"Make 10,000 [icon:YIELD_GOLD] worth of purchases this [TIP:LOC_PEDIA_CONCEPTS_AGE_TOOLTIP]Age[/TIP]. [TIP:LOC_PEDIA_CONCEPTS_MAINTENANCE_TOOLTIP]Maintenance[/TIP] does not count.","Make 10,000 Gold worth of purchases this Age. Maintenance does not count.",Gain [B]2 [icon:UNIT_MERCHANT] Merchants[/B] for free.,Gain 2 Unit Merchant Merchants for free.,1,0,0,Default|Trailblazer
Antiquity,Economic,LEGACY_AQ_ECONOMIC_5,Trajan's Market,Have [B]18 [icon:RADIAL_RESOURCES] [TIP:LOC_PEDIA_CONCEPTS_EMPIRE_RESOURCES_TOOLTIP]Empire Resources[/TIP][/B].,Have 18 Radial Resources Empire Resources.,[B]+1 [icon:YIELD_GOLD][/B] for every [icon:RADIAL_RESOURCES] [TIP:LOC_PEDIA_CONCEPTS_EMPIRE_RESOURCES_TOOLTIP]Empire Resource[/TIP].,+1 Gold for every Radial Resources Empire Resource.,1,0,0,Default|Trailblazer|Explorer
Antiquity,Expansion,LEGACY_AQ_EXPANSIONIST_1,Four Corners of the World,Found [B]8 [TIP:LOC_PEDIA_CONCEPTS_SETTLEMENT_TOOLTIP]Settlements[/TIP][/B].,Found 8 Settlements.,[icon:YIELD_TOWNS] [TIP:LOC_PEDIA_CONCEPTS_TOWN_TOOLTIP]Towns[/TIP] gain an additional [B]2 [icon:YIELD_POPULATION] [TIP:LOC_PEDIA_CONCEPTS_POPULATION_TOOLTIP]Population[/TIP][/B] with their first [icon:YIELD_POPULATION] Growth Event.,Towns Towns gain an additional 2 Population Population with their first Population Growth Event.,1,0,1,Default|Trailblazer|Explorer
Antiquity,Expansion,LEGACY_AQ_EXPANSIONIST_2,We Need More Sacbeob,Have [B]10 [icon:SPECIALIST] [TIP:LOC_PEDIA_CONCEPTS_SPECIALIST_TOOLTIP]Specialists[/TIP][/B].,Have 10 Specialist Specialists.,[B]-1 [icon:YIELD_FOOD][/B] and [icon:YIELD_HAPPINESS] [TIP:LOC_PEDIA_CONCEPTS_MAINTENANCE_TOOLTIP]Maintenance[/TIP] for [icon:SPECIALIST] [TIP:LOC_PEDIA_CONCEPTS_SPECIALIST_TOOLTIP]Specialists[/TIP].,-1 Food and Happiness Maintenance for Specialist Specialists.,1,0,1,Default|Trailblazer
Antiquity,Expansion,LEGACY_AQ_EXPANSIONIST_3,Tower of Babel,Have [B]150 [icon:YIELD_POPULATION] [TIP:LOC_PEDIA_CONCEPTS_POPULATION_TOOLTIP]Population[/TIP][/B].,Have 150 Population Population.,[B]+1 [icon:YIELD_FOOD][/B] on [icon:YIELD_WAREHOUSE] [TIP:LOC_PEDIA_CONCEPTS_WAREHOUSE_TOOLTIP]Food Warehouses[/TIP]. [B]+2 [icon:YIELD_FOOD][/B] on [icon:YIELD_FOOD] [TIP:LOC_PEDIA_CONCEPTS_BUILDINGS_TOOLTIP]Food Buildings[/TIP].,+1 Food on Warehouse Food Warehouses. +2 Food on Food Food Buildings.,1,0,1,Default|Trailblazer
Antiquity,Expansion,LEGACY_AQ_EXPANSIONIST_4,From Nagû to Nagû,Reveal 33% of the Map.,Reveal 33% of the Map.,Gain [B]1 [icon:UNIT_SETTLER] Settler[/B] for free.,Gain 1 Unit Settler Settler for free.,1,0,0,Default|Trailblazer|Explorer
Antiquity,Expansion,LEGACY_AQ_EXPANSIONIST_5,Yok'ol-kab,Improve at least 1 tile from all [icon:NOTIFICATION_DISCOVER_NATURAL_WONDER] [TIP:LOC_PEDIA_CONCEPTS_NATURAL_WONDER_TOOLTIP]Natural Wonders[/TIP] in your [TIP:LOC_PEDIA_CONCEPTS_HOMELANDS_TOOLTIP]Homelands[/TIP].,Improve at least 1 tile from all Notification Discover Natural Wonder Natural Wonders in your Homelands.,[B]+1 [icon:YIELD_FOOD][/B] on [TIP:LOC_PEDIA_CONCEPTS_APPEAL_TOOLTIP]Breathtaking[/TIP] tiles.,+1 Food on Breathtaking tiles.,1,0,0,Default|Trailblazer
Antiquity,Expansion,LEGACY_AQ_EXPLORER_1,Austronesian Expansion,Have [B]4 [TIP:LOC_PEDIA_CONCEPTS_NAVAL_UNITS_TOOLTIP]Naval Units[/TIP][/B].,Have 4 Naval Units.,[B]+1 [icon:Action_Showall] [TIP:LOC_PEDIA_CONCEPTS_SIGHT_TOOLTIP]Sight[/TIP][/B] on [TIP:LOC_PEDIA_CONCEPTS_NAVAL_UNITS_TOOLTIP]Naval Units[/TIP].,+1 Action Showall Sight on Naval Units.,0,0,0,Explorer
Antiquity,Expansion,LEGACY_AQ_EXPLORER_2,Delian League,Become [TIP:LOC_PEDIA_CONCEPTS_SUZERAIN_TOOLTIP]Suzerain[/TIP] of 2 Expansionist [icon:CITYSTATE] [TIP:LOC_PEDIA_CONCEPTS_CITY_STATE_TOOLTIP]City-States[/TIP].,Become Suzerain of 2 Expansionist Citystate City-States.,[B]+50% [icon:YIELD_DIPLOMACY] toward Befriending [icon:INDEPENDENT_POWER] [TIP:LOC_PEDIA_CONCEPTS_INDEPENDENT_POWER_TOOLTIP]Independent Powers[/TIP].,+50% Diplomacy toward Befriending Independent Power Independent Powers.,0,0,1,Explorer
Antiquity,Expansion,LEGACY_AQ_EXPLORER_3,Norge to South,Reach both Poles.,Reach both Poles.,Start a [icon:CELEBRATION] [TIP:LOC_PEDIA_CONCEPTS_CELEBRATIONS_TOOLTIP]Celebration[/TIP].,Start a Celebration Celebration.,0,0,0,Explorer
Antiquity,Military,LEGACY_AQ_CONQUEROR_1,Tel Jericho,Conquer a [TIP:LOC_PEDIA_CONCEPTS_SETTLEMENT_TOOLTIP]Settlement[/TIP] with [B]4 [icon:CITY_FORTIFIED] [TIP:LOC_PEDIA_CONCEPTS_FORTIFIED_DISTRICTS_TOOLTIP]Fortified Districts[/TIP][/B].,Conquer a Settlement with 4 City Fortified Fortified Districts.,[B]+4 [icon:NAR_REW_COMBAT] Bombard Strength[/B] for [TIP:LOC_PEDIA_CONCEPTS_SIEGE_UNITS_TOOLTIP]Siege Units[/TIP].,+4 Nar Rew Combat Bombard Strength for Siege Units.,0,0,1,Conqueror
Antiquity,Military,LEGACY_AQ_CONQUEROR_2,Xanthippus' Band,Become [TIP:LOC_PEDIA_CONCEPTS_SUZERAIN_TOOLTIP]Suzerain[/TIP] of 2 Militaristic [icon:CITYSTATE] [TIP:LOC_PEDIA_CONCEPTS_CITY_STATE_TOOLTIP]City-States[/TIP].,Become Suzerain of 2 Militaristic Citystate City-States.,[B]+100% [icon:YIELD_DIPLOMACY][/B] toward Levying Units from [icon:CITYSTATE] [TIP:LOC_PEDIA_CONCEPTS_CITY_STATE_TOOLTIP]City-States[/TIP].,+100% Diplomacy toward Levying Units from Citystate City-States.,0,0,0,Conqueror
Antiquity,Military,LEGACY_AQ_CONQUEROR_3,Dies Alliensis,Have [B]4 [TIP:LOC_PEDIA_CONCEPTS_WONDERS_TOOLTIP]Wonders[/TIP][/B] in a Conquered [TIP:LOC_PEDIA_CONCEPTS_SETTLEMENT_TOOLTIP]Settlement[/TIP].,Have 4 Wonders in a Conquered Settlement.,[B]+6 [icon:YIELD_HAPPINESS][/B] in newly Conquered [TIP:LOC_PEDIA_CONCEPTS_SETTLEMENT_TOOLTIP]Settlements[/TIP].,+6 Happiness in newly Conquered Settlements.,0,0,1,Conqueror
Antiquity,Military,LEGACY_AQ_CONQUEROR_4,Lukka Lands,Disperse [B]4 [icon:INDEPENDENT_POWER] [TIP:LOC_PEDIA_CONCEPTS_INDEPENDENT_POWER_TOOLTIP]Independent Powers[/TIP][/B].,Disperse 4 Independent Power Independent Powers.,[B]+4 [icon:NAR_REW_COMBAT] [TIP:LOC_PEDIA_CONCEPTS_COMBAT_STRENGTH_TOOLTIP]Combat Strength[/TIP][/B] against [icon:INDEPENDENT_POWER] [TIP:LOC_PEDIA_CONCEPTS_INDEPENDENT_POWER_TOOLTIP]Independent Powers[/TIP].,+4 Nar Rew Combat Combat Strength against Independent Power Independent Powers.,0,0,0,Conqueror
Antiquity,Military,LEGACY_AQ_MILITARISTIC_1,Pax Imperatoria,Conquer and hold [B]6 [TIP:LOC_PEDIA_CONCEPTS_SETTLEMENT_TOOLTIP]Settlements[/TIP][/B].,Conquer and hold 6 Settlements.,[B]+2 [icon:SETTLEMENT_LIMIT] [TIP:LOC_PEDIA_CONCEPTS_SETTLEMENT_LIMIT_TOOLTIP]Settlement Limit[/TIP][/B].,+2 Settlement Limit Settlement Limit.,1,0,1,Default|Trailblazer|Classic|Conqueror
Antiquity,Military,LEGACY_AQ_MILITARISTIC_2,To Fell a Giant,Suffer [B]-5 [TIP:LOC_PEDIA_CONCEPTS_WAR_WEARINESS_TOOLTIP]War Weariness[/TIP][/B] in a single [icon:WAR] War.,Suffer -5 War Weariness in a single War War.,[B]+1 [icon:WAR_SUPPORT] [TIP:LOC_PEDIA_CONCEPTS_WAR_SUPPORT_TOOLTIP]War Support[/TIP][/B] on all [icon:WAR] Wars. [B]+50% [icon:YIELD_DIPLOMACY][/B] toward [icon:WAR_SUPPORT] War Support.,+1 War Support War Support on all War Wars. +50% Diplomacy toward War Support War Support.,1,0,1,Default|Trailblazer|Conqueror
Antiquity,Military,LEGACY_AQ_MILITARISTIC_3,What a Gaius,Have a Level [B]8 [TIP:LOC_PEDIA_CONCEPTS_COMMANDER_TOOLTIP]Commander[/TIP][/B].,Have a Level 8 Commander.,Gain an [icon:UNIT_ARMY_COMMANDER] [TIP:LOC_PEDIA_CONCEPTS_COMMANDER_TOOLTIP]Army Commander[/TIP] with [B]3 [icon:NAR_REW_PROMOTION] [TIP:LOC_PEDIA_CONCEPTS_PROMOTION_TOOLTIP]Promotions[/TIP][/B].,Gain an Unit Army Commander Army Commander with 3 Nar Rew Promotion Promotions.,1,0,1,Default|Trailblazer|Conqueror
Antiquity,Military,LEGACY_AQ_MILITARISTIC_4,First Blood,First to conquer a [icon:NOTIFICATION_SELECT_CAPITAL] [TIP:LOC_PEDIA_CONCEPTS_CAPITAL_TOOLTIP]Capital[/TIP].,First to conquer a Notification Select Capital Capital.,"Gain [B]1 [icon:NAR_REW_PROMOTION] [TIP:LOC_PEDIA_CONCEPTS_PROMOTION_TOOLTIP]Promotion[/TIP][/B] for free on all [TIP:LOC_PEDIA_CONCEPTS_COMMANDER_TOOLTIP]Commanders[/TIP], including future Commanders.","Gain 1 Nar Rew Promotion Promotion for free on all Commanders, including future Commanders.",1,1,0,Default|Trailblazer|Conqueror
Antiquity,Military,LEGACY_AQ_MILITARISTIC_5,Jebel Seheba,Be at [icon:WAR] War with all Civilizations in the [TIP:LOC_PEDIA_CONCEPTS_HOMELANDS_TOOLTIP]Homelands[/TIP].,Be at War War with all Civilizations in the Homelands.,[B]+1 [icon:WAR_SUPPORT] [TIP:LOC_PEDIA_CONCEPTS_WAR_SUPPORT_TOOLTIP]War Support[/TIP][/B] on all [icon:WAR] Wars this [TIP:LOC_PEDIA_CONCEPTS_AGE_TOOLTIP]Age[/TIP].,+1 War Support War Support on all War Wars this Age.,1,0,0,Default|Trailblazer|Conqueror
Antiquity,Science,LEGACY_AQ_SCIENTIFIC_1,Round Earther,Complete [icon:DEFAULT_PROJECT] Chart the Stars and [icon:DEFAULT_PROJECT] Spherical Earth [icon:PROJECT] [TIP:LOC_PEDIA_CONCEPTS_PROJECTS_TOOLTIP]Projects[/TIP].,Complete Default Project Chart the Stars and Default Project Spherical Earth Project Projects.,Unlock [icon:RADIAL_TECH] Astronomy. [B]+25% [icon:YIELD_PRODUCTION][/B] toward [icon:PROJECT] [TIP:LOC_PEDIA_CONCEPTS_PROJECTS_TOOLTIP]Projects[/TIP].,Unlock Radial Tech Astronomy. +25% Production toward Project Projects.,1,0,1,Default|Trailblazer
Antiquity,Science,LEGACY_AQ_SCIENTIFIC_2,Kaogongji,Have [B]5 non-City Center [TIP:LOC_PEDIA_CONCEPTS_DISTRICT_TOOLTIP]Districts[/TIP][/B] with 30+ Yield.,Have 5 non-City Center Districts with 30+ Yield.,[B]+1 [icon:SPECIALIST] [TIP:LOC_PEDIA_CONCEPTS_SPECIALIST_LIMIT_TOOLTIP]Specialist Limit[/TIP][/B] in all [TIP:LOC_PEDIA_CONCEPTS_CITIES_TOOLTIP]Cities[/TIP].,+1 Specialist Specialist Limit in all Cities.,1,0,1,Default|Trailblazer
Antiquity,Science,LEGACY_AQ_SCIENTIFIC_3,Library of Ashurbanipal,Display [B]12 [icon:NAR_REW_GREATWORK] [TIP:LOC_PEDIA_CONCEPTS_CODEX_TOOLTIP]Codices[/TIP][/B].,Display 12 Nar Rew Greatwork Codices.,[B]+1 [icon:NAR_REW_GREATWORK] [TIP:LOC_PEDIA_CONCEPTS_GREAT_WORKS_TOOLTIP]Great Work[/TIP][/B] slot on [TIP:LOC_PEDIA_CONCEPTS_BUILDINGS_TOOLTIP]Science Buildings[/TIP]. [B]+2 [icon:YIELD_SCIENCE][/B] from displayed [icon:NAR_REW_GREATWORK] Great Works.,+1 Nar Rew Greatwork Great Work slot on Science Buildings. +2 Science from displayed Nar Rew Greatwork Great Works.,1,0,1,Default|Trailblazer|Classic
Antiquity,Science,LEGACY_AQ_SCIENTIFIC_4,Abracadabacus,First to research [icon:RADIAL_TECH] Mathematics.,First to research Radial Tech Mathematics.,[B]+25% [icon:YIELD_PRODUCTION][/B] toward [icon:PROJECT] [TIP:LOC_PEDIA_CONCEPTS_PROJECTS_TOOLTIP]Projects[/TIP] this [TIP:LOC_PEDIA_CONCEPTS_AGE_TOOLTIP]Age[/TIP].,+25% Production toward Project Projects this Age.,1,1,0,Default|Trailblazer
Antiquity,Science,LEGACY_AQ_SCIENTIFIC_5,a²+b²=c²,First to research all [icon:RADIAL_TECH] [TIP:LOC_PEDIA_CONCEPTS_TECH_TOOLTIP]Technologies[/TIP] and [TIP:LOC_PEDIA_CONCEPTS_MASTERY_TOOLTIP]Masteries[/TIP].,First to research all Radial Tech Technologies and Masteries.,[B]+1 [icon:YIELD_POPULATION] [TIP:LOC_PEDIA_CONCEPTS_POPULATION_TOOLTIP]Population[/TIP][/B] in [TIP:LOC_PEDIA_CONCEPTS_CITIES_TOOLTIP]Cities[/TIP].,+1 Population Population in Cities.,1,0,0,Default|Trailblazer
Exploration,Military,LEGACY_EX_CONQUEROR_1,Ganj-i-Sawai,Capture [B]5 [icon:UNIT_TREASURE_FLEET] [TIP:LOC_PEDIA_CONCEPTS_TREASURE_CONVOY_TOOLTIP]Treasure Convoys[/TIP][/B].,Capture 5 Unit Treasure Fleet Treasure Convoys.,[B]300 [icon:ECONOMIC_VP] [TIP:LOC_PEDIA_CONCEPTS_GDP_TOOLTIP]GDP[/TIP][/B].,300 Economic Vp GDP.,0,0,1,Conqueror
Exploration,Military,LEGACY_EX_CONQUEROR_2,Desperta Ferro,Become [TIP:LOC_PEDIA_CONCEPTS_SUZERAIN_TOOLTIP]Suzerain[/TIP] of 2 Militaristic [icon:CITYSTATE] [TIP:LOC_PEDIA_CONCEPTS_CITY_STATE_TOOLTIP]City-States[/TIP].,Become Suzerain of 2 Militaristic Citystate City-States.,[B]+100% [icon:YIELD_DIPLOMACY][/B] toward Levying Units from [icon:CITYSTATE] [TIP:LOC_PEDIA_CONCEPTS_CITY_STATE_TOOLTIP]City-States[/TIP].,+100% Diplomacy toward Levying Units from Citystate City-States.,0,0,0,Conqueror
Exploration,Military,LEGACY_EX_CONQUEROR_3,Rashidun,Have a Conquered Holy [icon:YIELD_CITIES] [TIP:LOC_PEDIA_CONCEPTS_CITIES_TOOLTIP]City[/TIP].,Have a Conquered Holy Cities City.,[B]+10 [icon:YIELD_HAPPINESS][/B] in newly Conquered [TIP:LOC_PEDIA_CONCEPTS_SETTLEMENT_TOOLTIP]Settlements[/TIP].,+10 Happiness in newly Conquered Settlements.,0,0,1,Conqueror
Exploration,Military,LEGACY_EX_CONQUEROR_4,Mycel Hæþen Here,Conquer [B]4 [TIP:LOC_PEDIA_CONCEPTS_SETTLEMENT_TOOLTIP]Coastal Settlements[/TIP][/B].,Conquer 4 Coastal Settlements.,[B]+4 [icon:NAR_REW_COMBAT] Bombard Strength[/B] for [TIP:LOC_PEDIA_CONCEPTS_NAVAL_UNITS_TOOLTIP]Naval Units[/TIP].,+4 Nar Rew Combat Bombard Strength for Naval Units.,0,0,0,Conqueror
Exploration,Culture,LEGACY_EX_CULTURAL_1,Toshakhana,Display [B]20 [icon:NAR_REW_GREATWORK] [TIP:LOC_PEDIA_CONCEPTS_RELIC_TOOLTIP]Relics[/TIP][/B].,Display 20 Nar Rew Greatwork Relics.,Keep your [icon:NAR_REW_RELIGION] [TIP:LOC_PEDIA_CONCEPTS_RELIGION_TOOLTIP]Founder Belief[/TIP] on [TIP:LOC_PEDIA_CONCEPTS_AGE_TOOLTIP]Age Transition[/TIP].,Keep your Nar Rew Religion Founder Belief on Age Transition.,1,0,1,Default|Trailblazer|Classic
Exploration,Culture,LEGACY_EX_CULTURAL_2,Wonders of the Renaissance World,Build [B]6 [TIP:LOC_PEDIA_CONCEPTS_EXPLORATION_AGE_TOOLTIP]Exploration Age[/TIP][/B] [icon:WONDER] [TIP:LOC_PEDIA_CONCEPTS_WONDERS_TOOLTIP]Wonders[/TIP].,Build 6 Exploration Age Wonders.,[B]+4 [icon:YIELD_CULTURE][/B] and [icon:YIELD_PRODUCTION] on [icon:WONDER] [TIP:LOC_PEDIA_CONCEPTS_WONDERS_TOOLTIP]Wonders[/TIP].,+4 Culture and Production on Wonders.,1,0,1,Default|Trailblazer
Exploration,Culture,LEGACY_EX_CULTURAL_3,Eightfold Path,First to have 8 Temples.,First to have 8 Temples.,Unlock [icon:RADIAL_CIVICS] Natural History. [B]+1 [icon:NAR_REW_GREATWORK] [TIP:LOC_PEDIA_CONCEPTS_GREAT_WORKS_TOOLTIP]Great Work[/TIP][/B] slot on [TIP:LOC_PEDIA_CONCEPTS_BUILDINGS_TOOLTIP]Happiness Buildings[/TIP].,Unlock Radial Civics Natural History. +1 Nar Rew Greatwork Great Work slot on Happiness Buildings.,1,0,1,Default|Trailblazer
Exploration,Culture,LEGACY_EX_CULTURAL_4,Ingenious Al-Jazari,Have [B]2 [icon:WONDER] [TIP:LOC_PEDIA_CONCEPTS_WONDERS_TOOLTIP]Wonders[/TIP][/B] that grant [icon:SCIENCE_VP] [TIP:LOC_PEDIA_CONCEPTS_INNOVATION_TOOLTIP]Innovation[/TIP].,Have 2 Wonders that grant Science Vp Innovation.,[B]+2 [icon:SCIENCE_VP] [TIP:LOC_PEDIA_CONCEPTS_INNOVATION_TOOLTIP]Innovation[/TIP][/B] from each [TIP:LOC_PEDIA_CONCEPTS_MODERN_AGE_TOOLTIP]Modern Age[/TIP] [icon:WONDER] [TIP:LOC_PEDIA_CONCEPTS_WONDERS_TOOLTIP]Wonder[/TIP] you build.,+2 Science Vp Innovation from each Modern Age Wonder Wonder you build.,1,0,0,Default|Trailblazer
Exploration,Culture,LEGACY_EX_CULTURAL_5,Kingdom of Heaven,Convert [TIP:LOC_PEDIA_CONCEPTS_SETTLEMENT_TOOLTIP]Settlements[/TIP] to your [icon:NAR_REW_RELIGION] [TIP:LOC_PEDIA_CONCEPTS_RELIGION_TOOLTIP]Religion[/TIP] 25 times.,Convert Settlements to your Nar Rew Religion Religion 25 times.,Gain [B]36 [icon:CULTURE_VP] [TIP:LOC_PEDIA_CONCEPTS_TOURISTS_TOOLTIP]Tourism[/TIP][/B].,Gain 36 Culture Vp Tourism.,1,0,0,Default|Trailblazer
Exploration,Diplomatic,LEGACY_EX_DIPLOMATIC_1,Puppeteer,Become [TIP:LOC_PEDIA_CONCEPTS_SUZERAIN_TOOLTIP]Suzerain[/TIP] of [B]5 [icon:CITYSTATE] [TIP:LOC_PEDIA_CONCEPTS_CITY_STATE_TOOLTIP]City-States[/TIP][/B].,Become Suzerain of 5 Citystate City-States.,[B]+4 [icon:YIELD_DIPLOMACY][/B] and [icon:YIELD_HAPPINESS] on your [TIP:LOC_PEDIA_CONCEPTS_PALACE_TOOLTIP]Palace[/TIP] for every [icon:CITYSTATE] [TIP:LOC_PEDIA_CONCEPTS_CITY_STATE_TOOLTIP]City-State[/TIP] you are [TIP:LOC_PEDIA_CONCEPTS_SUZERAIN_TOOLTIP]Suzerain[/TIP] of.,+4 Diplomacy and Happiness on your Palace for every Citystate City-State you are Suzerain of.,1,0,1,Default|Trailblazer
Exploration,Diplomatic,LEGACY_EX_DIPLOMATIC_2,Order of Assassins,Successfully complete an [icon:ESPIONAGE] [TIP:LOC_PEDIA_CONCEPTS_ESPIONAGE_TOOLTIP]Espionage Action[/TIP] 10 times.,Successfully complete an Espionage Espionage Action 10 times.,"[B]+25% [icon:YIELD_DIPLOMACY][/B] toward [icon:ESPIONAGE] [TIP:LOC_PEDIA_CONCEPTS_ESPIONAGE_TOOLTIP]Espionage Actions[/TIP], which complete 25% faster.","+25% Diplomacy toward Espionage Espionage Actions, which complete 25% faster.",1,0,1,Default|Trailblazer
Exploration,Diplomatic,LEGACY_EX_DIPLOMATIC_3,Quadruple Alliance,[icon:PLAYER_RELATIONSHIP_ALLIANCE] [TIP:LOC_PEDIA_CONCEPTS_ALLIANCE_TOOLTIP]Ally[/TIP] with 3 Leaders.,Player Relationship Alliance Ally with 3 Leaders.,[B]+10 [icon:YIELD_HAPPINESS][/B] in all [TIP:LOC_PEDIA_CONCEPTS_SETTLEMENT_TOOLTIP]Settlements[/TIP] per [icon:PLAYER_RELATIONSHIP_ALLIANCE] [TIP:LOC_PEDIA_CONCEPTS_ALLIANCE_TOOLTIP]Alliance[/TIP]. [B]+200% [icon:YIELD_DIPLOMACY][/B] cost to [icon:SANCTIONS] [TIP:LOC_PEDIA_CONCEPTS_SANCTION_TOOLTIP]Denounce[/TIP].,+10 Happiness in all Settlements per Player Relationship Alliance Alliance. +200% Diplomacy cost to Sanctions Denounce.,1,0,1,Default|Trailblazer
Exploration,Diplomatic,LEGACY_EX_DIPLOMATIC_4,Gregarious Animal,Start a [icon:DIPLOMATIC_ACTION] Diplomatic Action with all Leaders.,Start a Diplomatic Action Diplomatic Action with all Leaders.,[B]+1 [icon:NAR_REW_TRADITION_SLOT] [TIP:LOC_PEDIA_CONCEPTS_SOCIAL_POLICY_TOOLTIP]Social Policy Slot[/TIP][/B].,+1 Nar Rew Tradition Slot Social Policy Slot.,1,0,0,Default|Trailblazer|Explorer
Exploration,Diplomatic,LEGACY_EX_DIPLOMATIC_5,Sejong's Legacy,Have 150 excess [icon:YIELD_HAPPINESS] in a [TIP:LOC_PEDIA_CONCEPTS_SETTLEMENT_TOOLTIP]Settlement[/TIP].,Have 150 excess Happiness in a Settlement.,[B]+1 [icon:NAR_REW_TRADITION_SLOT] [TIP:LOC_PEDIA_CONCEPTS_TRADITION_TOOLTIP]Tradition Slot[/TIP][/B].,+1 Nar Rew Tradition Slot Tradition Slot.,1,0,0,Default|Trailblazer
Exploration,Economic,LEGACY_EX_ECONOMIC_1,Khan el-Khalili,Assign [B]45 [icon:RADIAL_RESOURCES] [TIP:LOC_PEDIA_CONCEPTS_RESOURCES_TOOLTIP]Resources[/TIP][/B].,Assign 45 Radial Resources Resources.,[B]+2 [icon:YIELD_GOLD][/B] for every assigned [icon:RADIAL_RESOURCES] [TIP:LOC_PEDIA_CONCEPTS_RESOURCES_TOOLTIP]Resource[/TIP].,+2 Gold for every assigned Radial Resources Resource.,1,0,1,Default|Trailblazer|Classic
Exploration,Economic,LEGACY_EX_ECONOMIC_2,Treasure Fleet,Score [B]800 [icon:ECONOMIC_VP] [TIP:LOC_PEDIA_CONCEPTS_GDP_TOOLTIP]GDP[/TIP][/B] by unloading [icon:UNIT_TREASURE_FLEET] [TIP:LOC_PEDIA_CONCEPTS_TREASURE_CONVOY_TOOLTIP]Treasure Convoys[/TIP].,Score 800 Economic Vp GDP by unloading Unit Treasure Fleet Treasure Convoys.,[B]+25% [icon:YIELD_GOLD][/B] toward purchasing Rail Stations. [B]+1 [icon:RADIAL_RESOURCES] [TIP:LOC_PEDIA_CONCEPTS_RESOURCE_CAPACITY_TOOLTIP]Resource Capacity[/TIP][/B] in [TIP:LOC_PEDIA_CONCEPTS_CONNECTED_TOOLTIP]Rail Connected Settlements[/TIP].,+25% Gold toward purchasing Rail Stations. +1 Radial Resources Resource Capacity in Rail Connected Settlements.,1,0,1,Default|Trailblazer|Explorer
Exploration,Economic,LEGACY_EX_ECONOMIC_3,Let's Calicut a Deal,First to start a [icon:TRADE_ROUTE] [TIP:LOC_PEDIA_CONCEPTS_TRADE_ROUTE_TOOLTIP]Trade Route[/TIP] with every Leader.,First to start a Trade Route Trade Route with every Leader.,Gain [B]2 [icon:UNIT_MERCHANT] Merchants[/B] for free. [B]+1 [icon:TRADE_ROUTE] [TIP:LOC_PEDIA_CONCEPTS_TRADE_ROUTE_TOOLTIP]Trade Route Capacity[/TIP][/B] with all Leaders.,Gain 2 Unit Merchant Merchants for free. +1 Trade Route Trade Route Capacity with all Leaders.,1,0,1,Default|Trailblazer
Exploration,Economic,LEGACY_EX_ECONOMIC_4,Greed Is Good,"Make [B]50,000 [icon:YIELD_GOLD][/B] worth of purchases this [TIP:LOC_PEDIA_CONCEPTS_AGE_TOOLTIP]Age[/TIP]. [TIP:LOC_PEDIA_CONCEPTS_MAINTENANCE_TOOLTIP]Maintenance[/TIP] does not count.","Make 50,000 Gold worth of purchases this Age. Maintenance does not count.",Gain [B]500 [icon:ECONOMIC_VP][/B] [TIP:LOC_PEDIA_CONCEPTS_GDP_TOOLTIP]GDP[/TIP].,Gain 500 Economic Vp GDP.,1,0,0,Default|Trailblazer
Exploration,Economic,LEGACY_EX_ECONOMIC_5,Nuestra Señora de Atocha,Unload a [icon:UNIT_TREASURE_FLEET] [TIP:LOC_PEDIA_CONCEPTS_TREASURE_CONVOY_TOOLTIP]Treasure Convoy[/TIP] worth at least [B]10 [icon:RADIAL_RESOURCES][/B] Cargo.,Unload a Unit Treasure Fleet Treasure Convoy worth at least 10 Radial Resources Cargo.,[B]+1 [icon:MILITARY_VP] [TIP:LOC_PEDIA_CONCEPTS_DOMINION_TOOLTIP]Dominion[/TIP][/B] from [TIP:LOC_PEDIA_CONCEPTS_SETTLEMENT_TOOLTIP]Settlements[/TIP] in [TIP:LOC_PEDIA_CONCEPTS_DISTANT_LANDS_TOOLTIP]Distant Lands[/TIP].,+1 Military Vp Dominion from Settlements in Distant Lands.,1,0,0,Default|Trailblazer|Explorer
Exploration,Expansion,LEGACY_EX_EXPANSIONIST_1,Hic Sunt Dracones,First to found [B]6 [TIP:LOC_PEDIA_CONCEPTS_SETTLEMENT_TOOLTIP]Settlements[/TIP][/B] in [TIP:LOC_PEDIA_CONCEPTS_DISTANT_LANDS_TOOLTIP]Distant Lands[/TIP].,First to found 6 Settlements in Distant Lands.,[B]+5 [icon:NAR_REW_COMBAT] [TIP:LOC_PEDIA_CONCEPTS_COMBAT_STRENGTH_TOOLTIP]Combat Strength[/TIP][/B] for Units in your [TIP:LOC_PEDIA_CONCEPTS_SETTLEMENT_TOOLTIP]Settlements[/TIP] in [TIP:LOC_PEDIA_CONCEPTS_DISTANT_LANDS_TOOLTIP]Distant Lands[/TIP].,+5 Nar Rew Combat Combat Strength for Units in your Settlements in Distant Lands.,1,0,1,Default|Trailblazer|Explorer
Exploration,Expansion,LEGACY_EX_EXPANSIONIST_2,We Have Habsburgs at Home,Found [B]16 [TIP:LOC_PEDIA_CONCEPTS_SETTLEMENT_TOOLTIP]Settlements[/TIP][/B] in the [TIP:LOC_PEDIA_CONCEPTS_HOMELANDS_TOOLTIP]Homelands[/TIP]. Previous [TIP:LOC_PEDIA_CONCEPTS_AGE_TOOLTIP]Age[/TIP] Settlements count as founded by you.,Found 16 Settlements in the Homelands. Previous Age Settlements count as founded by you.,[B]+2 [icon:SETTLEMENT_LIMIT] [TIP:LOC_PEDIA_CONCEPTS_SETTLEMENT_LIMIT_TOOLTIP]Settlement Limit[/TIP][/B].,+2 Settlement Limit Settlement Limit.,1,0,1,Default|Trailblazer
Exploration,Expansion,LEGACY_EX_EXPANSIONIST_3,Three Field System,Have [B]350 [icon:YIELD_POPULATION] [TIP:LOC_PEDIA_CONCEPTS_POPULATION_TOOLTIP]Population[/TIP][/B].,Have 350 Population Population.,[B]+1 [icon:YIELD_FOOD][/B] on [icon:YIELD_WAREHOUSE] [TIP:LOC_PEDIA_CONCEPTS_WAREHOUSE_TOOLTIP]Food Warehouses[/TIP]. [B]+2 [icon:YIELD_FOOD][/B] on [icon:YIELD_FOOD] [TIP:LOC_PEDIA_CONCEPTS_BUILDINGS_TOOLTIP]Food Buildings[/TIP].,+1 Food on Warehouse Food Warehouses. +2 Food on Food Food Buildings.,1,0,1,Default|Trailblazer
Exploration,Expansion,LEGACY_EX_EXPANSIONIST_4,Wanderlust,Discover all [icon:NOTIFICATION_DISCOVER_NATURAL_WONDER] [TIP:LOC_PEDIA_CONCEPTS_NATURAL_WONDER_TOOLTIP]Natural Wonders[/TIP].,Discover all Notification Discover Natural Wonder Natural Wonders.,[B]+1 [icon:YIELD_FOOD][/B] on [TIP:LOC_PEDIA_CONCEPTS_APPEAL_TOOLTIP]Breathtaking[/TIP] tiles.,+1 Food on Breathtaking tiles.,1,0,0,Default|Trailblazer|Explorer
Exploration,Expansion,LEGACY_EX_EXPANSIONIST_5,Limes and Hardtack,First to Circumnavigate.,First to Circumnavigate.,[B]+1 [icon:Action_Move] Movement[/B] on [icon:UNIT_FLEET_COMMANDER] [TIP:LOC_PEDIA_CONCEPTS_COMMANDER_TOOLTIP]Fleet Commanders[/TIP].,+1 Action Move Movement on Unit Fleet Commander Fleet Commanders.,0,0,0,Default|Trailblazer
Exploration,Expansion,LEGACY_EX_EXPLORER_1,Karaippadaiyilaar,Have 10 Harbors.,Have 10 Harbors.,[B]+10 [icon:Action_Heal][/B] Healing for [TIP:LOC_PEDIA_CONCEPTS_NAVAL_UNITS_TOOLTIP]Naval Units[/TIP].,+10 Action Heal Healing for Naval Units.,0,0,0,Explorer
Exploration,Expansion,LEGACY_EX_EXPLORER_2,Codex Mendoza,Become [TIP:LOC_PEDIA_CONCEPTS_SUZERAIN_TOOLTIP]Suzerain[/TIP] of 2 Economic [icon:CITYSTATE] [TIP:LOC_PEDIA_CONCEPTS_CITY_STATE_TOOLTIP]City-States[/TIP].,Become Suzerain of 2 Economic Citystate City-States.,Gain 2 Rail Station purchases for free.,Gain 2 Rail Station purchases for free.,0,0,1,Explorer
Exploration,Expansion,LEGACY_EX_EXPLORER_3,Nau We Sail,First to research [icon:RADIAL_TECH] Shipbuilding,First to research Radial Tech Shipbuilding,Gain [B]2 [icon:UNIT_SETTLER] Settlers[/B] for free.,Gain 2 Unit Settler Settlers for free.,0,0,0,Explorer
Exploration,Military,LEGACY_EX_MILITARISTIC_1,Non Sufficit Orbis,Conquer and hold [B]6 [TIP:LOC_PEDIA_CONCEPTS_SETTLEMENT_TOOLTIP]Settlements[/TIP][/B] in [TIP:LOC_PEDIA_CONCEPTS_DISTANT_LANDS_TOOLTIP]Distant Lands[/TIP].,Conquer and hold 6 Settlements in Distant Lands.,[B]+3 [icon:NAR_REW_COMBAT] [TIP:LOC_PEDIA_CONCEPTS_COMBAT_STRENGTH_TOOLTIP]Combat Strength[/TIP][/B] against [icon:CITY_FORTIFIED] [TIP:LOC_PEDIA_CONCEPTS_FORTIFIED_DISTRICTS_TOOLTIP]Fortified Districts[/TIP].,+3 Nar Rew Combat Combat Strength against City Fortified Fortified Districts.,1,0,1,Default|Trailblazer|Classic|Conqueror
Exploration,Military,LEGACY_EX_MILITARISTIC_2,Pax Mongolica,Conquer and hold [B]8 [TIP:LOC_PEDIA_CONCEPTS_SETTLEMENT_TOOLTIP]Settlements[/TIP][/B] in the [TIP:LOC_PEDIA_CONCEPTS_HOMELANDS_TOOLTIP]Homelands[/TIP].,Conquer and hold 8 Settlements in the Homelands.,"Gain an [icon:UNIT_ARMY_COMMANDER] [TIP:LOC_PEDIA_CONCEPTS_COMMANDER_TOOLTIP]Army Commander[/TIP] with 4 [TIP:LOC_PEDIA_CONCEPTS_MILITARY_UNIT_TOOLTIP]Military Units[/TIP], one of each type.","Gain an Unit Army Commander Army Commander with 4 Military Units, one of each type.",1,0,1,Default|Trailblazer|Conqueror
Exploration,Military,LEGACY_EX_MILITARISTIC_3,Master & Commander,Have a [B]Level 8 [icon:UNIT_FLEET_COMMANDER] [TIP:LOC_PEDIA_CONCEPTS_COMMANDER_TOOLTIP]Fleet Commander[/TIP][/B].,Have a Level 8 Unit Fleet Commander Fleet Commander.,"All [TIP:LOC_PEDIA_CONCEPTS_COMMANDER_TOOLTIP]Commanders[/TIP] gain [B]+1 [icon:NAR_REW_PROMOTION] [TIP:LOC_PEDIA_CONCEPTS_PROMOTION_TOOLTIP]Promotion[/TIP][/B], including future Commanders.","All Commanders gain +1 Nar Rew Promotion Promotion, including future Commanders.",1,0,1,Default|Trailblazer|Conqueror
Exploration,Military,LEGACY_EX_MILITARISTIC_4,Sack!,First to conquer a [icon:NOTIFICATION_SELECT_CAPITAL] [TIP:LOC_PEDIA_CONCEPTS_CAPITAL_TOOLTIP]Capital[/TIP].,First to conquer a Notification Select Capital Capital.,Gain [B]4 [icon:MILITARY_VP] [TIP:LOC_PEDIA_CONCEPTS_DOMINION_TOOLTIP]Dominion[/TIP][/B].,Gain 4 Military Vp Dominion.,0,0,0,Default|Trailblazer|Conqueror
Exploration,Military,LEGACY_EX_MILITARISTIC_5,Gwlad y Cestyll,Have [B]30 [icon:CITY_FORTIFIED] Fortifications[/B].,Have 30 City Fortified Fortifications.,[B]+2 [icon:CULTURE_VP] [TIP:LOC_PEDIA_CONCEPTS_TOURISTS_TOOLTIP]Tourism[/TIP][/B] from all [icon:CITY_FORTIFIED] Fortifications.,+2 Culture Vp Tourism from all City Fortified Fortifications.,1,0,0,Default|Trailblazer|Conqueror
Exploration,Science,LEGACY_EX_SCIENTIFIC_1,Enlightenment,Have [B]5 non-City Center [TIP:LOC_PEDIA_CONCEPTS_DISTRICT_TOOLTIP]Districts[/TIP][/B] with 75+ Yield.,Have 5 non-City Center Districts with 75+ Yield.,[B]+1 [icon:SPECIALIST] [TIP:LOC_PEDIA_CONCEPTS_SPECIALIST_LIMIT_TOOLTIP]Specialist Limit[/TIP][/B] in all [TIP:LOC_PEDIA_CONCEPTS_CITIES_TOOLTIP]Cities[/TIP].,+1 Specialist Specialist Limit in all Cities.,1,0,1,Default|Trailblazer|Classic
Exploration,Science,LEGACY_EX_SCIENTIFIC_2,On the Revolutions of the Celestial Spheres,Complete the [icon:DEFAULT_PROJECT] Heliocentric Model and [icon:DEFAULT_PROJECT] Discover Calculus [icon:PROJECT] [TIP:LOC_PEDIA_CONCEPTS_PROJECTS_TOOLTIP]Projects[/TIP].,Complete the Default Project Heliocentric Model and Default Project Discover Calculus Project Projects.,Unlock [icon:RADIAL_TECH] Academics. [B]+25% [icon:YIELD_PRODUCTION][/B] toward [icon:PROJECT] [TIP:LOC_PEDIA_CONCEPTS_PROJECTS_TOOLTIP]Projects[/TIP].,Unlock Radial Tech Academics. +25% Production toward Project Projects.,1,0,1,Default|Trailblazer
Exploration,Science,LEGACY_EX_SCIENTIFIC_3,Tuhuoqiang,First to research [icon:RADIAL_TECH] Gunpowder.,First to research Radial Tech Gunpowder.,[B]+1 [icon:UNIT_MOVEMENT_ICON] Movement[/B] for [TIP:LOC_PEDIA_CONCEPTS_NAVAL_UNITS_TOOLTIP]Naval Units[/TIP].,+1 Unit Movement Icon Movement for Naval Units.,0,0,1,Default|Trailblazer
Exploration,Science,LEGACY_EX_SCIENTIFIC_4,Timurid Renaissance,Have [B]7 Universities[/B] in your Empire.,Have 7 Universities in your Empire.,[B]+1000 [icon:ECONOMIC_VP] [TIP:LOC_PEDIA_CONCEPTS_GDP_TOOLTIP]GDP[/TIP][/B] when a [icon:PROJECT] [TIP:LOC_PEDIA_CONCEPTS_PROJECTS_TOOLTIP]Project[/TIP] that awards [icon:SCIENCE_VP] [TIP:LOC_PEDIA_CONCEPTS_INNOVATION_TOOLTIP]Innovation[/TIP] is completed for the first time (Scales by Game Speed).,+1000 Economic Vp GDP when a Project Project that awards Science Vp Innovation is completed for the first time (Scales by Game Speed).,1,0,0,Default|Trailblazer
Exploration,Science,LEGACY_EX_SCIENTIFIC_5,F=ma,First to research all [icon:RADIAL_TECH] [TIP:LOC_PEDIA_CONCEPTS_TECH_TOOLTIP]Technologies[/TIP] and [TIP:LOC_PEDIA_CONCEPTS_MASTERY_TOOLTIP]Masteries[/TIP].,First to research all Radial Tech Technologies and Masteries.,"[B]+1 [icon:YIELD_POPULATION] [TIP:LOC_PEDIA_CONCEPTS_POPULATION_TOOLTIP]Population[/TIP][/B] in [TIP:LOC_PEDIA_CONCEPTS_CITIES_TOOLTIP]Cities[/TIP], including future Cities.","+1 Population Population in Cities, including future Cities.",1,0,0,Default|Trailblazer
Modern,Military,LEGACY_MO_CONQUEROR_1,Liège It Go,Conquer a [icon:YIELD_CITIES] [TIP:LOC_PEDIA_CONCEPTS_CITIES_TOOLTIP]City[/TIP] with [B]6 [TIP:LOC_PEDIA_CONCEPTS_DEFENSIVE_FORTIFICATION_TOOLTIP]Defensive Fortifications[/TIP][/B].,Conquer a Cities City with 6 Defensive Fortifications.,[B]+4 [icon:NAR_REW_COMBAT] Bombard Strength[/B] for [TIP:LOC_PEDIA_CONCEPTS_SIEGE_UNITS_TOOLTIP]Siege Units[/TIP].,+4 Nar Rew Combat Bombard Strength for Siege Units.,0,0,1,Conqueror
Modern,Military,LEGACY_MO_CONQUEROR_2,Counting Coup,Become [TIP:LOC_PEDIA_CONCEPTS_SUZERAIN_TOOLTIP]Suzerain[/TIP] of 2 Militaristic [icon:CITYSTATE] [TIP:LOC_PEDIA_CONCEPTS_CITY_STATE_TOOLTIP]City-States[/TIP].,Become Suzerain of 2 Militaristic Citystate City-States.,[B]+100% [icon:YIELD_DIPLOMACY][/B] toward Levying Units from [icon:CITYSTATE] [TIP:LOC_PEDIA_CONCEPTS_CITY_STATE_TOOLTIP]City-States[/TIP].,+100% Diplomacy toward Levying Units from Citystate City-States.,0,0,0,Conqueror
Modern,Military,LEGACY_MO_CONQUEROR_3,Risorgimento,Conquer [B]2 [icon:NOTIFICATION_SELECT_CAPITAL] [TIP:LOC_PEDIA_CONCEPTS_CAPITAL_TOOLTIP]Capitals[/TIP][/B] during this [TIP:LOC_PEDIA_CONCEPTS_AGE_TOOLTIP]Age[/TIP].,Conquer 2 Notification Select Capital Capitals during this Age.,[B]+1 [icon:Action_Move] Movement[/B] for [TIP:LOC_PEDIA_CONCEPTS_COMMANDER_TOOLTIP]Army and Fleet Commanders[/TIP].,+1 Action Move Movement for Army and Fleet Commanders.,0,0,1,Conqueror
Modern,Military,LEGACY_MO_CONQUEROR_4,USS Enterprise,Have an [TIP:LOC_PEDIA_CONCEPTS_COMMANDER_TOOLTIP]Aircraft Carrier[/TIP] with [B]4 [TIP:LOC_PEDIA_CONCEPTS_PROMOTION_TOOLTIP]Promotions[/TIP][/B].,Have an Aircraft Carrier with 4 Promotions.,[B]+1 [icon:Action_Move] Movement[/B] for [TIP:LOC_PEDIA_CONCEPTS_COMMANDER_TOOLTIP]Aircraft Carriers[/TIP].,+1 Action Move Movement for Aircraft Carriers.,0,0,0,Conqueror
Modern,Culture,LEGACY_MO_CULTURAL_1,Geographic Society,Display [B]15 [icon:NAR_REW_GREATWORK] [TIP:LOC_PEDIA_CONCEPTS_ARTIFACT_TOOLTIP]Artifacts[/TIP][/B].,Display 15 Nar Rew Greatwork Artifacts.,[B]+3 [icon:CULTURE_VP] [TIP:LOC_PEDIA_CONCEPTS_TOURISTS_TOOLTIP]Tourism[/TIP][/B] from every displayed [icon:NAR_REW_GREATWORK] [TIP:LOC_PEDIA_CONCEPTS_ARTIFACT_TOOLTIP]Artifact[/TIP].,+3 Culture Vp Tourism from every displayed Nar Rew Greatwork Artifact.,1,0,1,Default|Trailblazer|Classic
Modern,Culture,LEGACY_MO_CULTURAL_2,Wonders of the Modern World,Build [B]6 [TIP:LOC_PEDIA_CONCEPTS_MODERN_AGE_TOOLTIP]Modern Age[/TIP][/B] [icon:WONDER] [TIP:LOC_PEDIA_CONCEPTS_WONDERS_TOOLTIP]Wonders[/TIP].,Build 6 Modern Age Wonders.,Gain [B]36 [icon:CULTURE_VP] [TIP:LOC_PEDIA_CONCEPTS_TOURISTS_TOOLTIP]Tourism[/TIP][/B].,Gain 36 Culture Vp Tourism.,1,0,1,Default|Trailblazer
Modern,Culture,LEGACY_MO_CULTURAL_3,Manifesto,First to slot [B]10 [icon:SOCIAL_POLICY][/B] Policies or [icon:TRADITION] [TIP:LOC_PEDIA_CONCEPTS_TRADITION_TOOLTIP]Traditions[/TIP].,First to slot 10 Social Policy Policies or Tradition Traditions.,[B]+4 [icon:CULTURE_VP] [TIP:LOC_PEDIA_CONCEPTS_TOURISTS_TOOLTIP]Tourism[/TIP][/B] from future [icon:CELEBRATION] [TIP:LOC_PEDIA_CONCEPTS_CELEBRATIONS_TOOLTIP]Celebrations[/TIP].,+4 Culture Vp Tourism from future Celebration Celebrations.,1,0,1,Default|Trailblazer
Modern,Culture,LEGACY_MO_CULTURAL_4,Wonderland,Build [B]20 [icon:WONDER] [TIP:LOC_PEDIA_CONCEPTS_WONDERS_TOOLTIP]Wonders[/TIP][/B].,Build 20 Wonders.,[B]+3 [icon:CULTURE_VP] [TIP:LOC_PEDIA_CONCEPTS_TOURISTS_TOOLTIP]Tourism[/TIP][/B] on all [icon:WONDER] [TIP:LOC_PEDIA_CONCEPTS_WONDERS_TOOLTIP]Wonders[/TIP].,+3 Culture Vp Tourism on all Wonders.,1,0,0,Default|Trailblazer
Modern,Culture,LEGACY_MO_CULTURAL_5,Zeitgeist,First to study all generic [TIP:LOC_PEDIA_CONCEPTS_CIVIC_TOOLTIP]Civics[/TIP] and [TIP:LOC_PEDIA_CONCEPTS_MASTERY_TOOLTIP]Masteries[/TIP].,First to study all generic Civics and Masteries.,"[B]+2 [icon:CULTURE_VP] [TIP:LOC_PEDIA_CONCEPTS_TOURISTS_TOOLTIP]Tourism[/TIP][/B] from [icon:CITY_BUILDING_LIST] [TIP:LOC_PEDIA_CONCEPTS_UNIQUE_BUILDING_TOOLTIP]Unique Buildings[/TIP], [B]+1 [icon:CULTURE_VP] Tourism[/B] from [icon:CITY_RURAL] [TIP:LOC_PEDIA_CONCEPTS_UNIQUE_IMPROVEMENT_TOOLTIP]Unique Improvements[/TIP].","+2 Culture Vp Tourism from City Building List Unique Buildings, +1 Culture Vp Tourism from City Rural Unique Improvements.",1,0,0,Default|Trailblazer
Modern,Diplomatic,LEGACY_MO_DIPLOMATIC_1,To Seek a Newer World,First to adopt an [icon:NOTIFICATION_IDEOLOGY_CHOSEN] Ideology.,First to adopt an Notification Ideology Chosen Ideology.,[B]+20% [icon:YIELD_DIPLOMACY][/B] toward initiating [icon:DIPLOMATIC_ACTION] Diplomatic Actions with Leaders.,+20% Diplomacy toward initiating Diplomatic Action Diplomatic Actions with Leaders.,0,0,1,Default|Trailblazer
Modern,Diplomatic,LEGACY_MO_DIPLOMATIC_2,League of Nations,[icon:PLAYER_RELATIONSHIP_ALLIANCE] [TIP:LOC_PEDIA_CONCEPTS_ALLIANCE_TOOLTIP]Ally[/TIP] with half of the World's Leaders.,Player Relationship Alliance Ally with half of the World's Leaders.,Gain [B]500 [icon:YIELD_DIPLOMACY] Influence[/B].,Gain 500 Diplomacy Influence.,1,0,1,Default|Trailblazer
Modern,Diplomatic,LEGACY_MO_DIPLOMATIC_3,Puppet Master,Become [TIP:LOC_PEDIA_CONCEPTS_SUZERAIN_TOOLTIP]Suzerain[/TIP] of [B]7 [icon:CITYSTATE] [TIP:LOC_PEDIA_CONCEPTS_CITY_STATE_TOOLTIP]City-States[/TIP][/B].,Become Suzerain of 7 Citystate City-States.,[B]+50% [icon:YIELD_DIPLOMACY][/B] toward [icon:DIPLOMATIC_ACTION] Diplomatic Actions with [icon:CITYSTATE] [TIP:LOC_PEDIA_CONCEPTS_CITY_STATE_TOOLTIP]City-States[/TIP].,+50% Diplomacy toward Diplomatic Action Diplomatic Actions with Citystate City-States.,1,0,1,Default|Trailblazer
Modern,Diplomatic,LEGACY_MO_DIPLOMATIC_4,Enigma Code,Successfully complete an [icon:ESPIONAGE] [TIP:LOC_PEDIA_CONCEPTS_ESPIONAGE_TOOLTIP]Espionage Action[/TIP] 15 times.,Successfully complete an Espionage Espionage Action 15 times.,Gain [B]500 [icon:YIELD_DIPLOMACY] Influence.,Gain 500 Diplomacy Influence.,1,0,0,Default|Trailblazer|Explorer
Modern,Diplomatic,LEGACY_MO_DIPLOMATIC_5,Brave New World,Have 250 excess [icon:YIELD_HAPPINESS] in a [TIP:LOC_PEDIA_CONCEPTS_SETTLEMENT_TOOLTIP]Settlement[/TIP].,Have 250 excess Happiness in a Settlement.,[B]+1 [icon:NAR_REW_TRADITION_SLOT] [TIP:LOC_PEDIA_CONCEPTS_TRADITION_TOOLTIP]Tradition Slot[/TIP][/B].,+1 Nar Rew Tradition Slot Tradition Slot.,1,0,0,Default|Trailblazer
Modern,Economic,LEGACY_MO_ECONOMIC_1,Railroad Tycoon,Score [B]500 [icon:ECONOMIC_VP] [TIP:LOC_PEDIA_CONCEPTS_GDP_TOOLTIP]GDP[/TIP][/B] by assigning [icon:RADIAL_RESOURCES] [TIP:LOC_PEDIA_CONCEPTS_FACTORY_RESOURCES_TOOLTIP]Factory Resources[/TIP].,Score 500 Economic Vp GDP by assigning Radial Resources Factory Resources.,Spawn a Great Banker Unit in your [icon:NOTIFICATION_SELECT_CAPITAL] [TIP:LOC_PEDIA_CONCEPTS_CAPITAL_TOOLTIP]Capital[/TIP].,Spawn a Great Banker Unit in your Notification Select Capital Capital.,1,0,1,Default|Trailblazer|Classic
Modern,Economic,LEGACY_MO_ECONOMIC_2,Wealth of Nations,Start [B]12 [icon:TRADE_ROUTE] [TIP:LOC_PEDIA_CONCEPTS_TRADE_ROUTE_TOOLTIP]Trade Routes[/TIP][/B].,Start 12 Trade Route Trade Routes.,[B]+2 [icon:ECONOMIC_VP] [TIP:LOC_PEDIA_CONCEPTS_GDP_TOOLTIP]GDP[/TIP][/B] per turn from assigned [icon:RADIAL_RESOURCES] [TIP:LOC_PEDIA_CONCEPTS_CITY_RESOURCES_TOOLTIP]City Resources[/TIP] in [icon:YIELD_CITIES] [TIP:LOC_PEDIA_CONCEPTS_CITIES_TOOLTIP]Cities[/TIP].,+2 Economic Vp GDP per turn from assigned Radial Resources City Resources in Cities Cities.,1,0,1,Default|Trailblazer|Explorer
Modern,Economic,LEGACY_MO_ECONOMIC_3,Rail Baron,Have 12 Rail Stations.,Have 12 Rail Stations.,[B]+3 [icon:ECONOMIC_VP] [TIP:LOC_PEDIA_CONCEPTS_GDP_TOOLTIP]GDP[/TIP][/B] per turn from [TIP:LOC_PEDIA_CONCEPTS_BUILDINGS_TOOLTIP]Gold Buildings[/TIP].,+3 Economic Vp GDP per turn from Gold Buildings.,1,0,1,Default|Trailblazer
Modern,Economic,LEGACY_MO_ECONOMIC_4,Dōjima Exchange,Assign [B]60 [icon:RADIAL_RESOURCES] [TIP:LOC_PEDIA_CONCEPTS_RESOURCES_TOOLTIP]Resources[/TIP][/B].,Assign 60 Radial Resources Resources.,[B]+2 [icon:ECONOMIC_VP] [TIP:LOC_PEDIA_CONCEPTS_GDP_TOOLTIP]GDP[/TIP][/B] per turn from assigned [icon:RADIAL_RESOURCES] [TIP:LOC_PEDIA_CONCEPTS_BONUS_RESOURCES_TOOLTIP]Bonus Resources[/TIP] in [icon:YIELD_CITIES] [TIP:LOC_PEDIA_CONCEPTS_CITIES_TOOLTIP]Cities[/TIP].,+2 Economic Vp GDP per turn from assigned Radial Resources Bonus Resources in Cities Cities.,1,0,0,Default|Trailblazer
Modern,Economic,LEGACY_MO_ECONOMIC_5,Workshop of the World,Assign [B]30 [icon:RADIAL_RESOURCES] [TIP:LOC_PEDIA_CONCEPTS_FACTORY_RESOURCES_TOOLTIP]Factory Resources[/TIP][/B].,Assign 30 Radial Resources Factory Resources.,Gain [B]1000 [icon:ECONOMIC_VP][/B] [TIP:LOC_PEDIA_CONCEPTS_GDP_TOOLTIP]GDP[/TIP].,Gain 1000 Economic Vp GDP.,1,0,0,Default|Trailblazer|Explorer
Modern,Expansion,LEGACY_MO_EXPANSIONIST_1,Great Outdoors,Improve at least one tile on all [icon:NOTIFICATION_DISCOVER_NATURAL_WONDER] [TIP:LOC_PEDIA_CONCEPTS_NATURAL_WONDER_TOOLTIP]Natural Wonders[/TIP].,Improve at least one tile on all Notification Discover Natural Wonder Natural Wonders.,[B]+6 [icon:YIELD_FOOD][/B] on [TIP:LOC_PEDIA_CONCEPTS_APPEAL_TOOLTIP]Breathtaking[/TIP] tiles.,+6 Food on Breathtaking tiles.,1,0,1,Default|Trailblazer|Explorer
Modern,Expansion,LEGACY_MO_EXPANSIONIST_2,The Sun Never Sets,Have [B]27 [TIP:LOC_PEDIA_CONCEPTS_SETTLEMENT_TOOLTIP]Settlements[/TIP][/B].,Have 27 Settlements.,[B]+1 [icon:YIELD_PRODUCTION][/B] on [icon:CITY_FORTIFIED] Fortifications.,+1 Production on City Fortified Fortifications.,1,0,1,Default|Trailblazer
Modern,Expansion,LEGACY_MO_EXPANSIONIST_3,Shock City,Have [B]450 [icon:YIELD_POPULATION] [TIP:LOC_PEDIA_CONCEPTS_POPULATION_TOOLTIP]Population[/TIP][/B].,Have 450 Population Population.,[B]+4 [icon:YIELD_FOOD][/B] on Grocers.,+4 Food on Grocers.,1,0,1,Default|Trailblazer
Modern,Expansion,LEGACY_MO_EXPANSIONIST_4,Beep Beep Beep,First to reveal 100% of the Map.,First to reveal 100% of the Map.,Start a [icon:CELEBRATION] [TIP:LOC_PEDIA_CONCEPTS_CELEBRATIONS_TOOLTIP]Celebration[/TIP].,Start a Celebration Celebration.,0,0,0,Default|Trailblazer|Explorer
Modern,Expansion,LEGACY_MO_EXPANSIONIST_5,Megalopolis,Have [B]60 [icon:SPECIALIST] [TIP:LOC_PEDIA_CONCEPTS_SPECIALIST_TOOLTIP]Specialists[/TIP][/B].,Have 60 Specialist Specialists.,[B]+20 [icon:YIELD_HAPPINESS][/B] in [icon:YIELD_CITIES] [TIP:LOC_PEDIA_CONCEPTS_CITIES_TOOLTIP]Cities[/TIP].,+20 Happiness in Cities Cities.,1,0,0,Default|Trailblazer
Modern,Expansion,LEGACY_MO_EXPLORER_1,Field Museum,Display [icon:NAR_REW_GREATWORK] [TIP:LOC_PEDIA_CONCEPTS_ARTIFACT_TOOLTIP]Artifacts[/TIP] from all [icon:NOTIFICATION_DISCOVER_NATURAL_WONDER] [TIP:LOC_PEDIA_CONCEPTS_NATURAL_WONDER_TOOLTIP]Natural Wonders[/TIP].,Display Nar Rew Greatwork Artifacts from all Notification Discover Natural Wonder Natural Wonders.,[B]+2 [icon:CULTURE_VP] [TIP:LOC_PEDIA_CONCEPTS_TOURISTS_TOOLTIP]Tourism[/TIP][/B] from Museums.,+2 Culture Vp Tourism from Museums.,0,0,0,Explorer
Modern,Expansion,LEGACY_MO_EXPLORER_2,Perpetual Peace,Become [TIP:LOC_PEDIA_CONCEPTS_SUZERAIN_TOOLTIP]Suzerain[/TIP] of 2 Diplomatic [icon:CITYSTATE] [TIP:LOC_PEDIA_CONCEPTS_CITY_STATE_TOOLTIP]City-States[/TIP].,Become Suzerain of 2 Diplomatic Citystate City-States.,[B]+100% [icon:YIELD_DIPLOMACY] toward the Bolster Military Action.,+100% Diplomacy toward the Bolster Military Action.,0,0,1,Explorer
Modern,Expansion,LEGACY_MO_EXPLORER_3,Trio of Eagles,Have [B]3 [icon:UNIT_SQUADRON_COMMANDER] [TIP:LOC_PEDIA_CONCEPTS_COMMANDER_TOOLTIP]Squadron Commanders[/TIP][/B].,Have 3 Unit Squadron Commander Squadron Commanders.,[B]+1 Range[/B] for [TIP:LOC_PEDIA_CONCEPTS_AIR_UNITS_TOOLTIP]Air Units[/TIP].,+1 Range for Air Units.,0,0,0,Explorer
Modern,Military,LEGACY_MO_MILITARISTIC_1,Moral Imperative,Conquer and hold [B]5 [TIP:LOC_PEDIA_CONCEPTS_SETTLEMENT_TOOLTIP]Settlements[/TIP][/B] of an opposing [icon:NOTIFICATION_IDEOLOGY_CHOSEN] Ideology.,Conquer and hold 5 Settlements of an opposing Notification Ideology Chosen Ideology.,Gain [B]3 [icon:MILITARY_VP] [TIP:LOC_PEDIA_CONCEPTS_DOMINION_TOOLTIP]Dominion[/TIP][/B].,Gain 3 Military Vp Dominion.,1,0,1,Default|Trailblazer|Classic|Conqueror
Modern,Military,LEGACY_MO_MILITARISTIC_2,Terror from Above,Have a [B]Level 6 [icon:UNIT_SQUADRON_COMMANDER][/B] Squadron or [icon:UNIT_AERODROME_COMMANDER] Aerodrome [TIP:LOC_PEDIA_CONCEPTS_COMMANDER_TOOLTIP]Commander[/TIP].,Have a Level 6 Unit Squadron Commander Squadron or Unit Aerodrome Commander Aerodrome Commander.,[B]+3 Range[/B] for [TIP:LOC_PEDIA_CONCEPTS_AIR_UNITS_TOOLTIP]Air Units[/TIP].,+3 Range for Air Units.,1,0,1,Default|Trailblazer|Conqueror
Modern,Military,LEGACY_MO_MILITARISTIC_3,Friendly Fire,Conquer [B]5 [TIP:LOC_PEDIA_CONCEPTS_SETTLEMENT_TOOLTIP]Settlements[/TIP][/B] of players that share your [icon:NOTIFICATION_IDEOLOGY_CHOSEN] Ideology.,Conquer 5 Settlements of players that share your Notification Ideology Chosen Ideology.,[B]+2 [icon:YIELD_HAPPINESS] in [icon:YIELD_TOWNS] [TIP:LOC_PEDIA_CONCEPTS_TOWN_TOOLTIP]Towns[/TIP].,+2 Happiness in Towns Towns.,1,0,1,Default|Trailblazer|Conqueror
Modern,Military,LEGACY_MO_MILITARISTIC_4,Blitzkrieg,First to conquer a [icon:NOTIFICATION_SELECT_CAPITAL] [TIP:LOC_PEDIA_CONCEPTS_CAPITAL_TOOLTIP]Capital[/TIP].,First to conquer a Notification Select Capital Capital.,Gain [B]4 [icon:MILITARY_VP] [TIP:LOC_PEDIA_CONCEPTS_DOMINION_TOOLTIP]Dominion[/TIP][/B].,Gain 4 Military Vp Dominion.,0,0,0,Default|Trailblazer|Conqueror
Modern,Military,LEGACY_MO_MILITARISTIC_5,Enemy of the World,Be at [icon:WAR] War with all Civilizations.,Be at War War with all Civilizations.,[B]+1 [icon:WAR_SUPPORT] [TIP:LOC_PEDIA_CONCEPTS_WAR_SUPPORT_TOOLTIP]War Support[/TIP][/B] on all [icon:WAR] Wars this [TIP:LOC_PEDIA_CONCEPTS_AGE_TOOLTIP]Age[/TIP].,+1 War Support War Support on all War Wars this Age.,1,0,0,Default|Trailblazer|Conqueror
Modern,Science,LEGACY_MO_SCIENTIFIC_1,Dawn of the Space Race,First to research [icon:RADIAL_TECH] Flight.,First to research Radial Tech Flight.,[B]+10 [icon:YIELD_SCIENCE][/B] on Aerodromes.,+10 Science on Aerodromes.,0,0,1,Default|Trailblazer|Classic
Modern,Science,LEGACY_MO_SCIENTIFIC_2,Miracle over the Mojave,First to complete the [icon:DEFAULT_PROJECT] Break the Sound Barrier [TIP:LOC_PEDIA_CONCEPTS_PROJECTS_TOOLTIP]Project[/TIP].,First to complete the Default Project Break the Sound Barrier Project.,[B]+10 [icon:YIELD_PRODUCTION][/B] on Aerodromes.,+10 Production on Aerodromes.,0,0,1,Default|Trailblazer
Modern,Science,LEGACY_MO_SCIENTIFIC_3,Beyond the Sword,First to complete the [icon:PROJECT] [TIP:LOC_PEDIA_CONCEPTS_PROJECTS_TOOLTIP]Project[/TIP] Operation Ivy.,First to complete the Project Project Operation Ivy.,Gain [B]25 [icon:MILITARY_VP] [TIP:LOC_PEDIA_CONCEPTS_DOMINION_TOOLTIP]Dominion[/TIP][/B].,Gain 25 Military Vp Dominion.,0,0,1,Default|Trailblazer
Modern,Science,LEGACY_MO_SCIENTIFIC_4,Compound Yield,Have [B]5 non-City Center [TIP:LOC_PEDIA_CONCEPTS_DISTRICT_TOOLTIP]Districts[/TIP][/B] with 120+ Yield.,Have 5 non-City Center Districts with 120+ Yield.,[B]+50% [icon:YIELD_PRODUCTION][/B] to [icon:PROJECT] [TIP:LOC_PEDIA_CONCEPTS_PROJECTS_TOOLTIP]Projects[/TIP].,+50% Production to Project Projects.,1,0,0,Default|Trailblazer
Modern,Science,LEGACY_MO_SCIENTIFIC_5,E=mc²,First to research all [icon:RADIAL_TECH] [TIP:LOC_PEDIA_CONCEPTS_TECH_TOOLTIP]Technologies[/TIP] and [TIP:LOC_PEDIA_CONCEPTS_MASTERY_TOOLTIP]Masteries[/TIP].,First to research all Radial Tech Technologies and Masteries.,[B]+4 [icon:YIELD_PRODUCTION][/B] on Laboratories.,+4 Production on Laboratories.,1,0,0,Default|Trailblazer
