civ_type,civ_name,age,tradition_type,tradition_name,tradition_description,tradition_description_clean,modifier_id
CIVILIZATION_ABBASID,Abbasid,Antiquity,TRADITION_ABBASID_SYNCRETISM_ANTIQUITY,Rasool I,Buildings gain a +1 [icon:YIELD_HAPPINESS] Adjacency for the Palace.,Buildings gain a +1 Happiness Adjacency for the Palace.,MOD_UNLOCK_ABBASID_SYNCRETISM_ANTIQUITY
CIVILIZATION_ABBASID,Abbasid,Modern,TRADITION_ABBASID_SYNCRETISM_MODERN,Rasool II,Buildings gain a +1 [icon:YIELD_HAPPINESS] Adjacency for the City Hall and Palace.,Buildings gain a +1 Happiness Adjacency for the City Hall and Palace.,MOD_UNLOCK_ABBASID_SYNCRETISM_MODERN
CIVILIZATION_AKSUM,Aksum,Exploration,TRADITION_AKSUM_SYNCRETISM_EXPLORATION,Incense Road I,+1 [icon:YIELD_PRODUCTION] in the [icon:NOTIFICATION_SELECT_CAPITAL] [TIP:LOC_PEDIA_CONCEPTS_CAPITAL_TOOLTIP]Capital[/TIP] for every active [icon:TRADE_ROUTE] [TIP:LOC_PEDIA_CONCEPTS_TRADE_ROUTE_TOOLTIP]Trade Route[/TIP]. Trade Routes gain +2 [icon:Action_Showall] [TIP:LOC_PEDIA_CONCEPTS_SIGHT_TOOLTIP]Sight[/TIP] and cannot be [icon:Action_Pillage] Pillaged.,+1 Production in the Capital for every active Trade Route. Trade Routes gain +2 Sight and cannot be Pillaged.,MOD_UNLOCK_AKSUM_SYNCRETISM_EXPLORATION
CIVILIZATION_AKSUM,Aksum,Modern,TRADITION_AKSUM_SYNCRETISM_MODERN,Incense Road II,+2 [icon:YIELD_PRODUCTION] in the [icon:NOTIFICATION_SELECT_CAPITAL] [TIP:LOC_PEDIA_CONCEPTS_CAPITAL_TOOLTIP]Capital[/TIP] for every active [icon:TRADE_ROUTE] [TIP:LOC_PEDIA_CONCEPTS_TRADE_ROUTE_TOOLTIP]Trade Route[/TIP]. Trade Routes gain +2 [icon:Action_Showall] [TIP:LOC_PEDIA_CONCEPTS_SIGHT_TOOLTIP]Sight[/TIP] and cannot be [icon:Action_Pillage] Pillaged.,+2 Production in the Capital for every active Trade Route. Trade Routes gain +2 Sight and cannot be Pillaged.,MOD_UNLOCK_AKSUM_SYNCRETISM_MODERN
CIVILIZATION_AMERICA,America,Antiquity,TRADITION_AMERICA_SYNCRETISM_ANTIQUITY,Land of Opportunity I,+1 [icon:YIELD_FOOD] on [icon:RADIAL_RESOURCES] [TIP:LOC_PEDIA_CONCEPTS_RESOURCES_TOOLTIP]Resources[/TIP] in [icon:YIELD_TOWNS] [TIP:LOC_PEDIA_CONCEPTS_TOWN_TOOLTIP]Towns[/TIP].,+1 Food on Resources in Towns.,MOD_UNLOCK_AMERICA_SYNCRETISM_ANTIQUITY
CIVILIZATION_AMERICA,America,Exploration,TRADITION_AMERICA_SYNCRETISM_EXPLORATION,Land of Opportunity II,"+1 [icon:YIELD_FOOD] on [icon:RADIAL_RESOURCES] [TIP:LOC_PEDIA_CONCEPTS_RESOURCES_TOOLTIP]Resources[/TIP] in [icon:YIELD_TOWNS] [TIP:LOC_PEDIA_CONCEPTS_TOWN_TOOLTIP]Towns[/TIP]. +1 [icon:YIELD_PRODUCTION] on Mines, Clay Pits, Quarries, Woodcutters, and Oil Rigs in [icon:TOWN_FOCUS] Mining [TIP:LOC_PEDIA_CONCEPTS_TOWN_TOOLTIP]Towns[/TIP], [icon:YIELD_WAREHOUSE] Warehouse Bonus.","+1 Food on Resources in Towns. +1 Production on Mines, Clay Pits, Quarries, Woodcutters, and Oil Rigs in Mining Towns, Warehouse Bonus.",MOD_UNLOCK_AMERICA_SYNCRETISM_EXPLORATION
CIVILIZATION_ASSYRIA,Assyria,Exploration,TRADITION_ASSYRIA_SYNCRETISM_EXPLORATION,Ashur I,+5 [icon:NAR_REW_COMBAT] [TIP:LOC_PEDIA_CONCEPTS_COMBAT_STRENGTH_TOOLTIP]Combat Strength[/TIP] for Infantry and Cavalry Units when attacking [icon:CITY_FORTIFIED] [TIP:LOC_PEDIA_CONCEPTS_FORTIFIED_DISTRICTS_TOOLTIP]Fortified Districts[/TIP].,+5 Combat Strength for Infantry and Cavalry Units when attacking Fortified Districts.,MOD_UNLOCK_ASSYRIA_SYNCRETISM_EXPLORATION
CIVILIZATION_ASSYRIA,Assyria,Modern,TRADITION_ASSYRIA_SYNCRETISM_MODERN,Ashur II,+1 [icon:YIELD_SCIENCE] Science on [icon:CITY_FORTIFIED] Fortification Buildings. +5 [icon:NAR_REW_COMBAT] [TIP:LOC_PEDIA_CONCEPTS_COMBAT_STRENGTH_TOOLTIP]Combat Strength[/TIP] for Infantry and Cavalry Units when attacking [icon:CITY_FORTIFIED] [TIP:LOC_PEDIA_CONCEPTS_FORTIFIED_DISTRICTS_TOOLTIP]Fortified Districts[/TIP].,+1 Science on Fortification Buildings. +5 Combat Strength for Infantry and Cavalry Units when attacking Fortified Districts.,MOD_UNLOCK_ASSYRIA_SYNCRETISM_MODERN
CIVILIZATION_BUGANDA,Buganda,Antiquity,TRADITION_BUGANDA_SYNCRETISM_ANTIQUITY,Ebika I,+1 [icon:YIELD_CULTURE] and [icon:YIELD_FOOD] on [TIP:LOC_PEDIA_CONCEPTS_DISTRICT_TOOLTIP]Districts[/TIP] on or adjacent to Lakes.,+1 Culture and Food on Districts on or adjacent to Lakes.,MOD_UNLOCK_BUGANDA_SYNCRETISM_ANTIQUITY
CIVILIZATION_BUGANDA,Buganda,Exploration,TRADITION_BUGANDA_SYNCRETISM_EXPLORATION,Ebika II,+2 [icon:YIELD_CULTURE] and [icon:YIELD_FOOD] on [TIP:LOC_PEDIA_CONCEPTS_DISTRICT_TOOLTIP]Districts[/TIP] on or adjacent to Lakes.,+2 Culture and Food on Districts on or adjacent to Lakes.,MOD_UNLOCK_BUGANDA_SYNCRETISM_EXPLORATION
CIVILIZATION_BULGARIA,Bulgaria,Antiquity,TRADITION_BULGARIA_SYNCRETISM_ANTIQUITY,Uporitost I,+2 [icon:YIELD_PRODUCTION] Production on displayed [icon:NAR_REW_GREATWORK] Great Works.,+2 Production on displayed Great Works.,MOD_UNLOCK_BULGARIA_SYNCRETISM_ANTIQUITY
CIVILIZATION_BULGARIA,Bulgaria,Modern,TRADITION_BULGARIA_SYNCRETISM_MODERN,Uporitost II,+3 [icon:YIELD_PRODUCTION] Production on displayed [icon:NAR_REW_GREATWORK] Great Works. [TIP:LOC_PEDIA_CONCEPTS_LAND_UNITS_TOOLTIP]Land Units[/TIP] can [icon:Action_Pillage] Pillage for 1 [icon:Action_Move] Movement.,+3 Production on displayed Great Works. Land Units can Pillage for 1 Movement.,MOD_UNLOCK_BULGARIA_SYNCRETISM_MODERN
CIVILIZATION_CARTHAGE,Carthage,Exploration,TRADITION_CARTHAGE_SYNCRETISM_EXPLORATION,Hannoid Rule I,+1 [icon:YIELD_GOLD] Gold and [icon:YIELD_PRODUCTION] Production in the [icon:NOTIFICATION_SELECT_CAPITAL] [TIP:LOC_PEDIA_CONCEPTS_CAPITAL_TOOLTIP]Capital[/TIP] for every [icon:RADIAL_RESOURCES] [TIP:LOC_PEDIA_CONCEPTS_RESOURCES_TOOLTIP]Resource[/TIP] assigned to it.,+1 Gold and Production in the Capital for every Resource assigned to it.,MOD_UNLOCK_CARTHAGE_SYNCRETISM_EXPLORATION
CIVILIZATION_CARTHAGE,Carthage,Modern,TRADITION_CARTHAGE_SYNCRETISM_MODERN,Hannoid Rule II,+2 [icon:YIELD_GOLD] Gold and [icon:YIELD_PRODUCTION] Production in the [icon:NOTIFICATION_SELECT_CAPITAL] [TIP:LOC_PEDIA_CONCEPTS_CAPITAL_TOOLTIP]Capital[/TIP] for every [icon:RADIAL_RESOURCES] [TIP:LOC_PEDIA_CONCEPTS_RESOURCES_TOOLTIP]Resource[/TIP] assigned to it.,+2 Gold and Production in the Capital for every Resource assigned to it.,MOD_UNLOCK_CARTHAGE_SYNCRETISM_MODERN
CIVILIZATION_CHOLA,Chola,Antiquity,TRADITION_CHOLA_SYNCRETISM_ANTIQUITY,Veera Banaju Dharma I,+5 [icon:YIELD_DIPLOMACY] if you have 5 or more [icon:TRADE_ROUTE] [TIP:LOC_PEDIA_CONCEPTS_TRADE_ROUTE_TOOLTIP]Trade Routes[/TIP]. +50% [icon:YIELD_PRODUCTION] towards training [icon:UNIT_MERCHANT] Merchants.,+5 Influence if you have 5 or more Trade Routes. +50% Production towards training Merchants.,MOD_UNLOCK_CHOLA_SYNCRETISM_ANTIQUITY
CIVILIZATION_CHOLA,Chola,Modern,TRADITION_CHOLA_SYNCRETISM_MODERN,Veera Banaju Dharma II,+10 [icon:YIELD_DIPLOMACY] if you have 5 or more [icon:TRADE_ROUTE] [TIP:LOC_PEDIA_CONCEPTS_TRADE_ROUTE_TOOLTIP]Trade Routes[/TIP]. +100% [icon:YIELD_PRODUCTION] towards training [icon:UNIT_MERCHANT] Merchants.,+10 Influence if you have 5 or more Trade Routes. +100% Production towards training Merchants.,MOD_UNLOCK_CHOLA_SYNCRETISM_MODERN
CIVILIZATION_DAI_VIET,Đại Việt,Antiquity,TRADITION_DAI_VIET_SYNCRETISM_ANTIQUITY,Hành Chính Công I,+1 [icon:YIELD_CULTURE] on [icon:CITY_RURAL] [TIP:LOC_PEDIA_CONCEPTS_IMPROVEMENT_TOOLTIP]Improvements[/TIP] and [icon:CITY_URBAN] [TIP:LOC_PEDIA_CONCEPTS_DISTRICT_TOOLTIP]Districts[/TIP] on [TIP:LOC_PEDIA_CONCEPTS_VEGETATED_TERRAIN_TOOLTIP]Vegetation[/TIP] in [icon:CITY_UNIMPROVED] Tropical Terrain.,+1 Culture on Improvements and Districts on Vegetation in Tropical Terrain.,MOD_UNLOCK_DAI_VIET_SYNCRETISM_ANTIQUITY
CIVILIZATION_DAI_VIET,Đại Việt,Modern,TRADITION_DAI_VIET_SYNCRETISM_MODERN,Hành Chính Công II,+1 [icon:YIELD_CULTURE] and [icon:YIELD_FOOD] on [icon:CITY_RURAL] [TIP:LOC_PEDIA_CONCEPTS_IMPROVEMENT_TOOLTIP]Improvements[/TIP] and [icon:CITY_URBAN] [TIP:LOC_PEDIA_CONCEPTS_DISTRICT_TOOLTIP]Districts[/TIP] on [TIP:LOC_PEDIA_CONCEPTS_VEGETATED_TERRAIN_TOOLTIP]Vegetation[/TIP] in [icon:CITY_UNIMPROVED] Tropical Terrain.,+1 Culture and Food on Improvements and Districts on Vegetation in Tropical Terrain.,MOD_UNLOCK_DAI_VIET_SYNCRETISM_MODERN
CIVILIZATION_EGYPT,Egypt,Exploration,TRADITION_EGYPT_SYNCRETISM_EXPLORATION,Golden Horus I,"+1 [icon:YIELD_CULTURE] and [icon:YIELD_GOLD] on [icon:WONDER] [TIP:LOC_PEDIA_CONCEPTS_WONDERS_TOOLTIP]Wonders[/TIP], doubled on Antiquity [icon:WONDER] [TIP:LOC_PEDIA_CONCEPTS_WONDERS_TOOLTIP]Wonders[/TIP].","+1 Culture and Gold on Wonders, doubled on Antiquity Wonders.",MOD_UNLOCK_EGYPT_SYNCRETISM_EXPLORATION
CIVILIZATION_EGYPT,Egypt,Modern,TRADITION_EGYPT_SYNCRETISM_MODERN,Golden Horus II,"+2 [icon:YIELD_CULTURE] and [icon:YIELD_GOLD] on [icon:WONDER] [TIP:LOC_PEDIA_CONCEPTS_WONDERS_TOOLTIP]Wonders[/TIP], doubled on Antiquity [icon:WONDER] [TIP:LOC_PEDIA_CONCEPTS_WONDERS_TOOLTIP]Wonders[/TIP].","+2 Culture and Gold on Wonders, doubled on Antiquity Wonders.",MOD_UNLOCK_EGYPT_SYNCRETISM_MODERN
CIVILIZATION_FRENCH_EMPIRE,French Empire,Antiquity,TRADITION_FRENCH_EMPIRE_SYNCRETISM_ANTIQUITY,De l'Esprit des Loix I,+2 [icon:YIELD_CULTURE] for every [icon:TRADITION] [TIP:LOC_PEDIA_CONCEPTS_TRADITION_TOOLTIP]Tradition[/TIP] slotted into the [icon:GOVERNMENT] Government. +2 [icon:YIELD_HAPPINESS] for every [icon:SOCIAL_POLICY] [TIP:LOC_PEDIA_CONCEPTS_SOCIAL_POLICY_TOOLTIP]Social Policy[/TIP] slotted into the [icon:GOVERNMENT] Government.,+2 Culture for every Tradition slotted into the Government. +2 Happiness for every Social Policy slotted into the Government.,MOD_UNLOCK_FRENCH_EMPIRE_SYNCRETISM_ANTIQUITY
CIVILIZATION_FRENCH_EMPIRE,French Empire,Exploration,TRADITION_FRENCH_EMPIRE_SYNCRETISM_EXPLORATION,De l'Esprit des Loix II,+3 [icon:YIELD_CULTURE] for every [icon:TRADITION] [TIP:LOC_PEDIA_CONCEPTS_TRADITION_TOOLTIP]Tradition[/TIP] slotted into the [icon:GOVERNMENT] Government. +3 [icon:YIELD_HAPPINESS] for every [icon:SOCIAL_POLICY] [TIP:LOC_PEDIA_CONCEPTS_SOCIAL_POLICY_TOOLTIP]Social Policy[/TIP] slotted into the [icon:GOVERNMENT] Government.,+3 Culture for every Tradition slotted into the Government. +3 Happiness for every Social Policy slotted into the Government.,MOD_UNLOCK_FRENCH_EMPIRE_SYNCRETISM_EXPLORATION
CIVILIZATION_GREAT_BRITAIN,Great Britain,Antiquity,TRADITION_GREAT_BRITAIN_SYNCRETISM_ANTIQUITY,Royal Society I,+1 [icon:YIELD_SCIENCE] Science on [icon:YIELD_CULTURE] Culture Buildings adjacent to Coast. +1 [icon:YIELD_CULTURE] Culture on [icon:YIELD_SCIENCE] Science Buildings adjacent to Coast.,+1 Science on Culture Buildings adjacent to Coast. +1 Culture on Science Buildings adjacent to Coast.,MOD_UNLOCK_GREAT_BRITAIN_SYNCRETISM_ANTIQUITY
CIVILIZATION_GREAT_BRITAIN,Great Britain,Exploration,TRADITION_GREAT_BRITAIN_SYNCRETISM_EXPLORATION,Royal Society II,+2 [icon:YIELD_SCIENCE] Science on [icon:YIELD_CULTURE] Culture Buildings adjacent to Coast. +2 [icon:YIELD_CULTURE] Culture on [icon:YIELD_SCIENCE] Science Buildings adjacent to Coast.,+2 Science on Culture Buildings adjacent to Coast. +2 Culture on Science Buildings adjacent to Coast.,MOD_UNLOCK_GREAT_BRITAIN_SYNCRETISM_EXPLORATION
CIVILIZATION_GREECE,Greece,Exploration,TRADITION_GREECE_SYNCRETISM_EXPLORATION,Hellenism I,+1 [icon:YIELD_HAPPINESS] and [icon:YIELD_PRODUCTION] in [icon:YIELD_CITIES] [TIP:LOC_PEDIA_CONCEPTS_CITIES_TOOLTIP]Cities[/TIP] for each [TIP:LOC_PEDIA_CONCEPTS_CITY_STATE_TOOLTIP]City-State[/TIP] you are [TIP:LOC_PEDIA_CONCEPTS_SUZERAIN_TOOLTIP]Suzerain[/TIP] of.,+1 Happiness and Production in Cities for each City-State you are Suzerain of.,MOD_UNLOCK_GREECE_SYNCRETISM_EXPLORATION
CIVILIZATION_GREECE,Greece,Modern,TRADITION_GREECE_SYNCRETISM_MODERN,Hellenism II,+2 [icon:YIELD_HAPPINESS] and [icon:YIELD_PRODUCTION] in [icon:YIELD_CITIES] [TIP:LOC_PEDIA_CONCEPTS_CITIES_TOOLTIP]Cities[/TIP] for each [TIP:LOC_PEDIA_CONCEPTS_CITY_STATE_TOOLTIP]City-State[/TIP] you are [TIP:LOC_PEDIA_CONCEPTS_SUZERAIN_TOOLTIP]Suzerain[/TIP] of.,+2 Happiness and Production in Cities for each City-State you are Suzerain of.,MOD_UNLOCK_GREECE_SYNCRETISM_MODERN
CIVILIZATION_HAN,Han,Exploration,TRADITION_HAN_SYNCRETISM_EXPLORATION,Capable Rule I,+1 [icon:YIELD_SCIENCE] in Cities for every [icon:TRADITION] [TIP:LOC_PEDIA_CONCEPTS_TRADITION_TOOLTIP]Tradition[/TIP] slotted in the [icon:GOVERNMENT] Government.,+1 Science in Cities for every Tradition slotted in the Government.,MOD_UNLOCK_HAN_SYNCRETISM_EXPLORATION
CIVILIZATION_HAN,Han,Modern,TRADITION_HAN_SYNCRETISM_MODERN,Capable Rule II,+2 [icon:YIELD_SCIENCE] in Cities for every [icon:TRADITION] [TIP:LOC_PEDIA_CONCEPTS_TRADITION_TOOLTIP]Tradition[/TIP] slotted in the [icon:GOVERNMENT] Government.,+2 Science in Cities for every Tradition slotted in the Government.,MOD_UNLOCK_HAN_SYNCRETISM_MODERN
CIVILIZATION_HAWAII,Hawai'i,Antiquity,TRADITION_HAWAII_SYNCRETISM_ANTIQUITY,Hōkūle'a I,+1 [icon:YIELD_CULTURE] on Districts and [icon:CITY_RURAL] Unique Improvements adjacent to Coast.,+1 Culture on Districts and Unique Improvements adjacent to Coast.,MOD_UNLOCK_HAWAII_SYNCRETISM_ANTIQUITY
CIVILIZATION_HAWAII,Hawai'i,Modern,TRADITION_HAWAII_SYNCRETISM_MODERN,Hōkūle'a II,+2 [icon:YIELD_CULTURE] on Districts and [icon:CITY_RURAL] Unique Improvements adjacent to Coast. +4 [icon:YIELD_CULTURE] on Volcanoes.,+2 Culture on Districts and Unique Improvements adjacent to Coast. +4 Culture on Volcanoes.,MOD_UNLOCK_HAWAII_SYNCRETISM_MODERN
CIVILIZATION_ICELAND,Iceland,Antiquity,TRADITION_ICELAND_SYNCRETISM_ANTIQUITY,Drekahöfuð I,Producing a [TIP:LOC_PEDIA_CONCEPTS_NAVAL_UNITS_TOOLTIP]Naval Unit[/TIP] grants [icon:YIELD_CULTURE] Culture equal to 50% of the Unit's [icon:YIELD_PRODUCTION] Production cost.,Producing a Naval Unit grants Culture equal to 50% of the Unit's Production cost.,MOD_UNLOCK_ICELAND_SYNCRETISM_ANTIQUITY
CIVILIZATION_ICELAND,Iceland,Modern,TRADITION_ICELAND_SYNCRETISM_MODERN,Drekahöfuð II,Producing a [TIP:LOC_PEDIA_CONCEPTS_NAVAL_UNITS_TOOLTIP]Naval Unit[/TIP] grants [icon:YIELD_CULTURE] Culture equal to 50% of the Unit's [icon:YIELD_PRODUCTION] Production cost. +1 [icon:NAR_REW_COMBAT] Combat Strength for [TIP:LOC_PEDIA_CONCEPTS_NAVAL_UNITS_TOOLTIP]Naval Units[/TIP] for each improved [icon:NOTIFICATION_DISCOVER_NATURAL_WONDER] [TIP:LOC_PEDIA_CONCEPTS_NATURAL_WONDER_TOOLTIP]Natural Wonder[/TIP] in your empire.,Producing a Naval Unit grants Culture equal to 50% of the Unit's Production cost. +1 Combat Strength for Naval Units for each improved Natural Wonder in your empire.,MOD_UNLOCK_ICELAND_SYNCRETISM_MODERN
CIVILIZATION_INCA,Inca,Antiquity,TRADITION_INCA_SYNCRETISM_ANTIQUITY,Huaca I,+10% [icon:YIELD_FOOD] in [TIP:LOC_PEDIA_CONCEPTS_SETTLEMENT_TOOLTIP]Settlements[/TIP] with their City Center adjacent to a Mountain or with 3 worked Mountain tiles.,+10% Food in Settlements with their City Center adjacent to a Mountain or with 3 worked Mountain tiles.,MOD_UNLOCK_INCA_SYNCRETISM_ANTIQUITY
CIVILIZATION_INCA,Inca,Modern,TRADITION_INCA_SYNCRETISM_MODERN,Huaca II,+15% [icon:YIELD_FOOD] in [TIP:LOC_PEDIA_CONCEPTS_SETTLEMENT_TOOLTIP]Settlements[/TIP] with their City Center adjacent to a Mountain or with 3 worked Mountain tiles.,+15% Food in Settlements with their City Center adjacent to a Mountain or with 3 worked Mountain tiles.,MOD_UNLOCK_INCA_SYNCRETISM_MODERN
CIVILIZATION_KHMER,Khmer,Exploration,TRADITION_KHMER_SYNCRETISM_EXPLORATION,Varna I,+1 [icon:YIELD_GOLD] on [icon:SPECIALIST] [TIP:LOC_PEDIA_CONCEPTS_SPECIALIST_TOOLTIP]Specialists[/TIP].,+1 Gold on Specialists.,MOD_UNLOCK_KHMER_SYNCRETISM_EXPLORATION
CIVILIZATION_KHMER,Khmer,Modern,TRADITION_KHMER_SYNCRETISM_MODERN,Varna II,+1 [icon:YIELD_GOLD] and [icon:YIELD_SCIENCE] on [icon:SPECIALIST] [TIP:LOC_PEDIA_CONCEPTS_SPECIALIST_TOOLTIP]Specialists[/TIP].,+1 Gold and Science on Specialists.,MOD_UNLOCK_KHMER_SYNCRETISM_MODERN
CIVILIZATION_MAJAPAHIT,Majapahit,Antiquity,TRADITION_MAJAPAHIT_SYNCRETISM_ANTIQUITY,Subak I,+2 [icon:YIELD_FOOD] on [icon:CITY_URBAN] [TIP:LOC_PEDIA_CONCEPTS_DISTRICT_TOOLTIP]Quarters[/TIP] on or adjacent to [icon:CITY_UNIMPROVED] Coast. +10% [icon:GROWTH_RATE] [TIP:LOC_PEDIA_CONCEPTS_GROWTH_RATE_TOOLTIP]Growth Rate[/TIP] in [TIP:LOC_PEDIA_CONCEPTS_SETTLEMENT_TOOLTIP]Settlements[/TIP] adjacent to [icon:CITY_UNIMPROVED] Coast.,+2 Food on Quarters on or adjacent to Coast. +10% Growth Rate in Settlements adjacent to Coast.,MOD_UNLOCK_MAJAPAHIT_SYNCRETISM_ANTIQUITY
CIVILIZATION_MAJAPAHIT,Majapahit,Modern,TRADITION_MAJAPAHIT_SYNCRETISM_MODERN,Subak II,+4 [icon:YIELD_FOOD] on [icon:CITY_URBAN] [TIP:LOC_PEDIA_CONCEPTS_DISTRICT_TOOLTIP]Quarters[/TIP] on or adjacent to [icon:CITY_UNIMPROVED] Coast. +15% [icon:GROWTH_RATE] [TIP:LOC_PEDIA_CONCEPTS_GROWTH_RATE_TOOLTIP]Growth Rate[/TIP] in [TIP:LOC_PEDIA_CONCEPTS_SETTLEMENT_TOOLTIP]Settlements[/TIP] adjacent to [icon:CITY_UNIMPROVED] Coast.,+4 Food on Quarters on or adjacent to Coast. +15% Growth Rate in Settlements adjacent to Coast.,MOD_UNLOCK_MAJAPAHIT_SYNCRETISM_MODERN
CIVILIZATION_MAURYA,Maurya,Exploration,TRADITION_MAURYA_SYNCRETISM_EXPLORATION,Chhatrapati I,"+2 [icon:YIELD_Production] and [icon:YIELD_SCIENCE] on the [TIP:LOC_PEDIA_CONCEPTS_PALACE_TOOLTIP]Palace[/TIP] and on City Halls in [TIP:LOC_PEDIA_CONCEPTS_SETTLEMENT_TOOLTIP]Captured Settlements[/TIP] from any Age, doubled while in a [icon:CELEBRATION] [TIP:LOC_PEDIA_CONCEPTS_CELEBRATIONS_TOOLTIP]Celebration[/TIP].","+2 and Science on the Palace and on City Halls in Captured Settlements from any Age, doubled while in a Celebration.",MOD_UNLOCK_MAURYA_SYNCRETISM_EXPLORATION
CIVILIZATION_MAURYA,Maurya,Modern,TRADITION_MAURYA_SYNCRETISM_MODERN,Chhatrapati II,"+3 [icon:YIELD_Production] and [icon:YIELD_SCIENCE] on the [TIP:LOC_PEDIA_CONCEPTS_PALACE_TOOLTIP]Palace[/TIP] and on City Halls in [TIP:LOC_PEDIA_CONCEPTS_SETTLEMENT_TOOLTIP]Captured Settlements[/TIP] from any Age, doubled while in a [icon:CELEBRATION] [TIP:LOC_PEDIA_CONCEPTS_CELEBRATIONS_TOOLTIP]Celebration[/TIP].","+3 and Science on the Palace and on City Halls in Captured Settlements from any Age, doubled while in a Celebration.",MOD_UNLOCK_MAURYA_SYNCRETISM_MODERN
CIVILIZATION_MAYA,Maya,Exploration,TRADITION_MAYA_SYNCRETISM_EXPLORATION,Milpa I,+2 [icon:YIELD_SCIENCE] on Science [TIP:LOC_PEDIA_CONCEPTS_BUILDINGS_TOOLTIP]Buildings[/TIP] placed on [icon:CITY_UNIMPROVED] [TIP:LOC_PEDIA_CONCEPTS_VEGETATED_TERRAIN_TOOLTIP]Vegetated Terrain[/TIP].,+2 Science on Science Buildings placed on Vegetated Terrain.,MOD_UNLOCK_MAYA_SYNCRETISM_EXPLORATION
CIVILIZATION_MAYA,Maya,Modern,TRADITION_MAYA_SYNCRETISM_MODERN,Milpa II,+2 [icon:YIELD_SCIENCE] on Happiness and Science [TIP:LOC_PEDIA_CONCEPTS_BUILDINGS_TOOLTIP]Buildings[/TIP] placed on [icon:CITY_UNIMPROVED] [TIP:LOC_PEDIA_CONCEPTS_VEGETATED_TERRAIN_TOOLTIP]Vegetated Terrain[/TIP].,+2 Science on Happiness and Science Buildings placed on Vegetated Terrain.,MOD_UNLOCK_MAYA_SYNCRETISM_MODERN
CIVILIZATION_MEIJI,Meiji Japan,Antiquity,TRADITION_MEIJI_SYNCRETISM_ANTIQUITY,Kimi I,+1 [icon:YIELD_SCIENCE] for every [TIP:LOC_PEDIA_CONCEPTS_EMPIRE_RESOURCES_TOOLTIP]Empire Resource[/TIP].,+1 Science for every Empire Resource.,MOD_UNLOCK_MEIJI_SYNCRETISM_ANTIQUITY
CIVILIZATION_MEIJI,Meiji Japan,Exploration,TRADITION_MEIJI_SYNCRETISM_EXPLORATION,Kimi II,+1 [icon:YIELD_SCIENCE] for every [TIP:LOC_PEDIA_CONCEPTS_EMPIRE_RESOURCES_TOOLTIP]Empire Resource[/TIP]. +1 [icon:YIELD_SCIENCE] in [icon:YIELD_CITIES] [TIP:LOC_PEDIA_CONCEPTS_CITIES_TOOLTIP]Cities[/TIP] adjacent to Coast for every [icon:RADIAL_RESOURCES] [TIP:LOC_PEDIA_CONCEPTS_RESOURCES_TOOLTIP]Resource[/TIP] assigned to them.,+1 Science for every Empire Resource. +1 Science in Cities adjacent to Coast for every Resource assigned to them.,MOD_UNLOCK_MEIJI_SYNCRETISM_EXPLORATION
CIVILIZATION_MEXICO,Mexico,Antiquity,TRADITION_MEXICO_SYNCRETISM_ANTIQUITY,Campesinos I,+2 [icon:YIELD_HAPPINESS] in the [icon:NOTIFICATION_SELECT_CAPITAL] [TIP:LOC_PEDIA_CONCEPTS_CAPITAL_TOOLTIP]Capital[/TIP]. +5 to all Yields in the [icon:NOTIFICATION_SELECT_CAPITAL] Capital during a [icon:CELEBRATION] [TIP:LOC_PEDIA_CONCEPTS_CELEBRATIONS_TOOLTIP]Celebration[/TIP].,+2 Happiness in the Capital. +5 to all Yields in the Capital during a Celebration.,MOD_UNLOCK_MEXICO_SYNCRETISM_ANTIQUITY
CIVILIZATION_MEXICO,Mexico,Exploration,TRADITION_MEXICO_SYNCRETISM_EXPLORATION,Campesinos II,+4 [icon:YIELD_HAPPINESS] in the [icon:NOTIFICATION_SELECT_CAPITAL] [TIP:LOC_PEDIA_CONCEPTS_CAPITAL_TOOLTIP]Capital[/TIP]. +10 to all Yields in the [icon:NOTIFICATION_SELECT_CAPITAL] Capital during a [icon:CELEBRATION] [TIP:LOC_PEDIA_CONCEPTS_CELEBRATIONS_TOOLTIP]Celebration[/TIP].,+4 Happiness in the Capital. +10 to all Yields in the Capital during a Celebration.,MOD_UNLOCK_MEXICO_SYNCRETISM_EXPLORATION
CIVILIZATION_MING,Ming,Antiquity,TRADITION_MING_SYNCRETISM_ANTIQUITY,Chaogong I,+1 [icon:YIELD_DIPLOMACY] Influence for each [icon:RADIAL_RESOURCES] Resource slotted into your [icon:NOTIFICATION_SELECT_CAPITAL] Capital.,+1 Influence for each Resource slotted into your Capital.,MOD_UNLOCK_MING_SYNCRETISM_ANTIQUITY
CIVILIZATION_MING,Ming,Modern,TRADITION_MING_SYNCRETISM_MODERN,Chaogong II,+2 [icon:YIELD_DIPLOMACY] Influence for each [icon:RADIAL_RESOURCES] Resource slotted into your [icon:NOTIFICATION_SELECT_CAPITAL] Capital.,+2 Influence for each Resource slotted into your Capital.,MOD_UNLOCK_MING_SYNCRETISM_MODERN
CIVILIZATION_MISSISSIPPIAN,Mississippian,Exploration,TRADITION_MISSISSIPPIAN_SYNCRETISM_EXPLORATION,Sacrificial Effigies I,Ranged Units apply the [icon:PLOT_BURNING] [TIP:LOC_PEDIA_CONCEPTS_BURNING_TOOLTIP]Burning[/TIP] status to tiles for 2 turns when attacking.,Ranged Units apply the Burning status to tiles for 2 turns when attacking.,MOD_UNLOCK_MISSISSIPPIAN_SYNCRETISM_EXPLORATION
CIVILIZATION_MISSISSIPPIAN,Mississippian,Modern,TRADITION_MISSISSIPPIAN_SYNCRETISM_MODERN,Sacrificial Effigies II,Ranged Units apply the [icon:PLOT_BURNING] [TIP:LOC_PEDIA_CONCEPTS_BURNING_TOOLTIP]Burning[/TIP] status to tiles for 2 turns when attacking. +50 [icon:YIELD_GOLD] per [icon:RADIAL_RESOURCES] Resource on [icon:ROUTE_TRADE] Trade Route creation. Scales by Gamespeed.,Ranged Units apply the Burning status to tiles for 2 turns when attacking. +50 Gold per Resource on Trade Route creation. Scales by Gamespeed.,MOD_UNLOCK_MISSISSIPPIAN_SYNCRETISM_MODERN
CIVILIZATION_MONGOLIA,Mongolia,Antiquity,TRADITION_MONGOLIA_SYNCRETISM_ANTIQUITY,Jarugachi I,"+1 [icon:YIELD_DIPLOMACY] and [icon:YIELD_PRODUCTION] on [icon:RADIAL_RESOURCES] [TIP:LOC_PEDIA_CONCEPTS_RESOURCES_TOOLTIP]Horse Resources[/TIP], doubled in [TIP:LOC_PEDIA_CONCEPTS_SETTLEMENT_TOOLTIP]Captured Settlements[/TIP] from any Age.","+1 Influence and Production on Horse Resources, doubled in Captured Settlements from any Age.",MOD_UNLOCK_MONGOLIA_SYNCRETISM_ANTIQUITY
CIVILIZATION_MONGOLIA,Mongolia,Modern,TRADITION_MONGOLIA_SYNCRETISM_MODERN,Jarugachi II,"+2 [icon:YIELD_DIPLOMACY] and [icon:YIELD_PRODUCTION] on [icon:RADIAL_RESOURCES] [TIP:LOC_PEDIA_CONCEPTS_RESOURCES_TOOLTIP]Horse Resources[/TIP], doubled in [TIP:LOC_PEDIA_CONCEPTS_SETTLEMENT_TOOLTIP]Captured Settlements[/TIP] from any Age. +50% [icon:NAR_REW_COMBAT] [TIP:LOC_PEDIA_CONCEPTS_COMBAT_STRENGTH_TOOLTIP]Combat Strength[/TIP] from [TIP:LOC_PEDIA_CONCEPTS_FLANKING_TOOLTIP]Flanking[/TIP] for [TIP:LOC_PEDIA_CONCEPTS_CAVALRY_UNITS_TOOLTIP]Cavalry Units[/TIP].","+2 Influence and Production on Horse Resources, doubled in Captured Settlements from any Age. +50% Combat Strength from Flanking for Cavalry Units.",MOD_UNLOCK_MONGOLIA_SYNCRETISM_MODERN
CIVILIZATION_MUGHAL,Mughal,Antiquity,TRADITION_MUGHAL_SYNCRETISM_ANTIQUITY,Karkhanas I,"+1 [icon:YIELD_GOLD] on Farms in [icon:YIELD_TOWNS] [TIP:LOC_PEDIA_CONCEPTS_TOWN_TOOLTIP]Towns[/TIP], [icon:YIELD_WAREHOUSE] Warehouse Bonus.","+1 Gold on Farms in Towns, Warehouse Bonus.",MOD_UNLOCK_MUGHAL_SYNCRETISM_ANTIQUITY
CIVILIZATION_MUGHAL,Mughal,Exploration,TRADITION_MUGHAL_SYNCRETISM_EXPLORATION,Karkhanas II,"+2 [icon:YIELD_GOLD] on Farms in [icon:YIELD_TOWNS] [TIP:LOC_PEDIA_CONCEPTS_TOWN_TOOLTIP]Towns[/TIP], [icon:YIELD_WAREHOUSE] Warehouse Bonus.","+2 Gold on Farms in Towns, Warehouse Bonus.",MOD_UNLOCK_MUGHAL_SYNCRETISM_EXPLORATION
CIVILIZATION_NEPAL,Nepal,Antiquity,TRADITION_NEPAL_SYNCRETISM_ANTIQUITY,Kumar and Kumari I,+1 [icon:YIELD_CULTURE] Culture on [icon:YIELD_WAREHOUSE] [TIP:LOC_PEDIA_CONCEPTS_WAREHOUSE_TOOLTIP]Warehouse Buildings[/TIP]. +1 [icon:YIELD_DIPLOMACY] Influence on Mountains.,+1 Culture on Warehouse Buildings. +1 Influence on Mountains.,MOD_UNLOCK_NEPAL_SYNCRETISM_ANTIQUITY
CIVILIZATION_NEPAL,Nepal,Exploration,TRADITION_NEPAL_SYNCRETISM_EXPLORATION,Kumar and Kumari II,+2 [icon:YIELD_CULTURE] Culture on [icon:YIELD_WAREHOUSE] [TIP:LOC_PEDIA_CONCEPTS_WAREHOUSE_TOOLTIP]Warehouse Buildings[/TIP]. +1 [icon:YIELD_DIPLOMACY] Influence on Mountains.,+2 Culture on Warehouse Buildings. +1 Influence on Mountains.,MOD_UNLOCK_NEPAL_SYNCRETISM_EXPLORATION
CIVILIZATION_NORMAN,Norman,Antiquity,TRADITION_NORMAN_SYNCRETISM_ANTIQUITY,Sauveté I,"+1 [icon:YIELD_CULTURE] and [icon:YIELD_GOLD] on [icon:CITY_FORTIFIED] [TIP:LOC_PEDIA_CONCEPTS_FORTIFIED_DISTRICTS_TOOLTIP]Fortified Districts[/TIP], doubled in [TIP:LOC_PEDIA_CONCEPTS_SETTLEMENT_TOOLTIP]Captured Settlements[/TIP] from any Age. +25 [icon:Action_Heal] HP on [icon:CITY_FORTIFIED] Fortified Districts.","+1 Culture and Gold on Fortified Districts, doubled in Captured Settlements from any Age. +25 HP on Fortified Districts.",MOD_UNLOCK_NORMAN_SYNCRETISM_ANTIQUITY
CIVILIZATION_NORMAN,Norman,Modern,TRADITION_NORMAN_SYNCRETISM_MODERN,Sauveté II,"+2 [icon:YIELD_CULTURE] and [icon:YIELD_GOLD] on [icon:CITY_FORTIFIED] [TIP:LOC_PEDIA_CONCEPTS_FORTIFIED_DISTRICTS_TOOLTIP]Fortified Districts[/TIP], doubled in [TIP:LOC_PEDIA_CONCEPTS_SETTLEMENT_TOOLTIP]Captured Settlements[/TIP] from any Age. +25 [icon:Action_Heal] HP on [icon:CITY_FORTIFIED] Fortified Districts.","+2 Culture and Gold on Fortified Districts, doubled in Captured Settlements from any Age. +25 HP on Fortified Districts.",MOD_UNLOCK_NORMAN_SYNCRETISM_MODERN
CIVILIZATION_OTTOMANS,Ottomans,Antiquity,TRADITION_OTTOMANS_SYNCRETISM_ANTIQUITY,Mehterân I,+5 [icon:NAR_REW_COMBAT] [TIP:LOC_PEDIA_CONCEPTS_COMBAT_STRENGTH_TOOLTIP]Combat Strength[/TIP] for [TIP:LOC_PEDIA_CONCEPTS_SIEGE_UNITS_TOOLTIP]Siege Units[/TIP]. +1 [icon:UNIT_MOVEMENT_ICON] Movement for [TIP:LOC_PEDIA_CONCEPTS_SIEGE_UNITS_TOOLTIP]Siege[/TIP] and [TIP:LOC_PEDIA_CONCEPTS_SUPPORT_UNIT_TOOLTIP]Support Units[/TIP].,+5 Combat Strength for Siege Units. +1 Movement for Siege and Support Units.,MOD_UNLOCK_OTTOMANS_SYNCRETISM_ANTIQUITY
CIVILIZATION_OTTOMANS,Ottomans,Exploration,TRADITION_OTTOMANS_SYNCRETISM_EXPLORATION,Mehterân II,+5 [icon:NAR_REW_COMBAT] [TIP:LOC_PEDIA_CONCEPTS_COMBAT_STRENGTH_TOOLTIP]Combat Strength[/TIP] for [TIP:LOC_PEDIA_CONCEPTS_SIEGE_UNITS_TOOLTIP]Siege Units[/TIP]. +1 [icon:UNIT_MOVEMENT_ICON] Movement for [TIP:LOC_PEDIA_CONCEPTS_SIEGE_UNITS_TOOLTIP]Siege[/TIP] and [TIP:LOC_PEDIA_CONCEPTS_SUPPORT_UNIT_TOOLTIP]Support Units[/TIP]. Training a [TIP:LOC_PEDIA_CONCEPTS_SIEGE_UNITS_TOOLTIP]Siege Unit[/TIP] grants [icon:YIELD_HAPPINESS] Happiness towards [icon:CELEBRATION] [TIP:LOC_PEDIA_CONCEPTS_CELEBRATIONS_TOOLTIP]Celebrations[/TIP] equal to 50% of the Unit’s [icon:YIELD_PRODUCTION] Production cost.,+5 Combat Strength for Siege Units. +1 Movement for Siege and Support Units. Training a Siege Unit grants Happiness towards Celebrations equal to 50% of the Unit’s Production cost.,MOD_UNLOCK_OTTOMANS_SYNCRETISM_EXPLORATION
CIVILIZATION_PERSIA,Achaemenid Persia,Exploration,TRADITION_PERSIA_SYNCRETISM_EXPLORATION,Fractal Rule I,+1 [icon:YIELD_CULTURE] on [icon:CITY_RURAL] Unique Improvements. +1 [icon:YIELD_GOLD] on Unique Improvements and Buildings in [TIP:LOC_PEDIA_CONCEPTS_SETTLEMENT_TOOLTIP]Captured Settlements[/TIP] from any Age.,+1 Culture on Unique Improvements. +1 Gold on Unique Improvements and Buildings in Captured Settlements from any Age.,MOD_UNLOCK_PERSIA_SYNCRETISM_EXPLORATION
CIVILIZATION_PERSIA,Achaemenid Persia,Modern,TRADITION_PERSIA_SYNCRETISM_MODERN,Fractal Rule II,+2 [icon:YIELD_CULTURE] on [icon:CITY_RURAL] Unique Improvements. +2 [icon:YIELD_GOLD] on Unique Improvements and Buildings in [TIP:LOC_PEDIA_CONCEPTS_SETTLEMENT_TOOLTIP]Captured Settlements[/TIP] from any Age.,+2 Culture on Unique Improvements. +2 Gold on Unique Improvements and Buildings in Captured Settlements from any Age.,MOD_UNLOCK_PERSIA_SYNCRETISM_MODERN
CIVILIZATION_PIRATE_REPUBLIC,Republic of Pirates,Antiquity,TRADITION_PIRATE_REPUBLIC_SYNCRETISM_ANTIQUITY,Brethren of the Coast I,+2 [icon:YIELD_PRODUCTION] Production on [icon:CITY_URBAN] [TIP:LOC_PEDIA_CONCEPTS_DISTRICT_TOOLTIP]Districts[/TIP] on or adjacent to Coast. -1 [icon:YIELD_HAPPINESS] Happiness on [icon:CITY_URBAN] Districts not on or adjacent to Coast.,+2 Production on Districts on or adjacent to Coast. -1 Happiness on Districts not on or adjacent to Coast.,MOD_UNLOCK_PIRATE_REPUBLIC_SYNCRETISM_ANTIQUITY
CIVILIZATION_PIRATE_REPUBLIC,Republic of Pirates,Modern,TRADITION_PIRATE_REPUBLIC_SYNCRETISM_MODERN,Brethren of the Coast II,+3 [icon:YIELD_PRODUCTION] Production on [icon:CITY_URBAN] [TIP:LOC_PEDIA_CONCEPTS_DISTRICT_TOOLTIP]Districts[/TIP] on or adjacent to Coast. -2 [icon:YIELD_HAPPINESS] Happiness on [icon:CITY_URBAN] Districts not on or adjacent to Coast.,+3 Production on Districts on or adjacent to Coast. -2 Happiness on Districts not on or adjacent to Coast.,MOD_UNLOCK_PIRATE_REPUBLIC_SYNCRETISM_MODERN
CIVILIZATION_PRUSSIA,Prussia,Antiquity,TRADITION_PRUSSIA_SYNCRETISM_ANTIQUITY,Tugenden I,+2 [icon:YIELD_SCIENCE] from active [icon:SANCTIONS] [/b][TIP:LOC_PEDIA_CONCEPTS_SANCTION_TOOLTIP]Sanctions[/TIP] you started.,+2 Science from active Sanctions you started.,MOD_UNLOCK_PRUSSIA_SYNCRETISM_ANTIQUITY
CIVILIZATION_PRUSSIA,Prussia,Exploration,TRADITION_PRUSSIA_SYNCRETISM_EXPLORATION,Tugenden II,+3 [icon:YIELD_SCIENCE] from active [icon:SANCTIONS] [/b][TIP:LOC_PEDIA_CONCEPTS_SANCTION_TOOLTIP]Sanctions[/TIP] you started.,+3 Science from active Sanctions you started.,MOD_UNLOCK_PRUSSIA_SYNCRETISM_EXPLORATION
CIVILIZATION_QAJAR,Qajar,Antiquity,TRADITION_QAJAR_SYNCRETISM_ANTIQUITY,Waqāye'-e Ettefāqiya I,+1 [icon:YIELD_DIPLOMACY] Influence in the [icon:NOTIFICATION_SELECT_CAPITAL] Capital for every [TIP:LOC_PEDIA_CONCEPTS_SETTLEMENT_TOOLTIP]Settlement[/TIP] under the [icon:SETTLEMENT_LIMIT] [TIP:LOC_PEDIA_CONCEPTS_SETTLEMENT_LIMIT_TOOLTIP]Settlement Limit[/TIP].,+1 Influence in the Capital for every Settlement under the Settlement Limit.,MOD_UNLOCK_QAJAR_SYNCRETISM_ANTIQUITY
CIVILIZATION_QAJAR,Qajar,Exploration,TRADITION_QAJAR_SYNCRETISM_EXPLORATION,Waqāye'-e Ettefāqiya II,+1 [icon:YIELD_HAPPINESS] Happiness and [icon:YIELD_DIPLOMACY] Influence in the [icon:NOTIFICATION_SELECT_CAPITAL] Capital for every [TIP:LOC_PEDIA_CONCEPTS_SETTLEMENT_TOOLTIP]Settlement[/TIP] under the [icon:SETTLEMENT_LIMIT] [TIP:LOC_PEDIA_CONCEPTS_SETTLEMENT_LIMIT_TOOLTIP]Settlement Limit[/TIP].,+1 Happiness and Influence in the Capital for every Settlement under the Settlement Limit.,MOD_UNLOCK_QAJAR_SYNCRETISM_EXPLORATION
CIVILIZATION_QING,Qing,Antiquity,TRADITION_QING_SYNCRETISM_ANTIQUITY,Ethnic Stratification I,+2 [icon:RADIAL_RESOURCES] [TIP:LOC_PEDIA_CONCEPTS_RESOURCE_CAPACITY_TOOLTIP]Resource Capacity[/TIP] in the [icon:NOTIFICATION_SELECT_CAPITAL] Capital.,+2 Resource Capacity in the Capital.,MOD_UNLOCK_QING_SYNCRETISM_ANTIQUITY
CIVILIZATION_QING,Qing,Exploration,TRADITION_QING_SYNCRETISM_EXPLORATION,Ethnic Stratification II,+2 [icon:RADIAL_RESOURCES] [TIP:LOC_PEDIA_CONCEPTS_RESOURCE_CAPACITY_TOOLTIP]Resource Capacity[/TIP] in [TIP:LOC_PEDIA_CONCEPTS_CITIES_TOOLTIP]Cities[/TIP] founded by you.,+2 Resource Capacity in Cities founded by you.,MOD_UNLOCK_QING_SYNCRETISM_EXPLORATION
CIVILIZATION_ROME,Rome,Exploration,TRADITION_ROME_SYNCRETISM_EXPLORATION,Limitanei I,+1 [icon:NAR_REW_COMBAT] [TIP:LOC_PEDIA_CONCEPTS_COMBAT_STRENGTH_TOOLTIP]Combat Strength[/TIP] for Infantry Units for every [icon:TRADITION] [TIP:LOC_PEDIA_CONCEPTS_TRADITION_TOOLTIP]Tradition[/TIP] slotted in the [icon:GOVERNMENT] Government.,+1 Combat Strength for Infantry Units for every Tradition slotted in the Government.,MOD_UNLOCK_ROME_SYNCRETISM_EXPLORATION
CIVILIZATION_ROME,Rome,Modern,TRADITION_ROME_SYNCRETISM_MODERN,Limitanei II,+1 [icon:NAR_REW_COMBAT] [TIP:LOC_PEDIA_CONCEPTS_COMBAT_STRENGTH_TOOLTIP]Combat Strength[/TIP] for Infantry Units for every [icon:TRADITION] [TIP:LOC_PEDIA_CONCEPTS_TRADITION_TOOLTIP]Tradition[/TIP] slotted in the [icon:GOVERNMENT] Government. +3 [icon:YIELD_CULTURE] in the Capital for every Town.,+1 Combat Strength for Infantry Units for every Tradition slotted in the Government. +3 Culture in the Capital for every Town.,MOD_UNLOCK_ROME_SYNCRETISM_MODERN
CIVILIZATION_RUSSIA,Russia,Antiquity,TRADITION_RUSSIA_SYNCRETISM_ANTIQUITY,Skazki I,+2 [icon:YIELD_CULTURE] on [icon:WONDER] [TIP:LOC_PEDIA_CONCEPTS_WONDERS_TOOLTIP]Wonders[/TIP]. +2 [icon:YIELD_SCIENCE] on [icon:WONDER] Wonders in Tundra.,+2 Culture on Wonders. +2 Science on Wonders in Tundra.,MOD_UNLOCK_RUSSIA_SYNCRETISM_ANTIQUITY
CIVILIZATION_RUSSIA,Russia,Exploration,TRADITION_RUSSIA_SYNCRETISM_EXPLORATION,Skazki II,+3 [icon:YIELD_CULTURE] on [icon:WONDER] [TIP:LOC_PEDIA_CONCEPTS_WONDERS_TOOLTIP]Wonders[/TIP]. +3 [icon:YIELD_SCIENCE] on [icon:WONDER] Wonders in Tundra.,+3 Culture on Wonders. +3 Science on Wonders in Tundra.,MOD_UNLOCK_RUSSIA_SYNCRETISM_EXPLORATION
CIVILIZATION_SHAWNEE,Shawnee,Antiquity,TRADITION_SHAWNEE_SYNCRETISM_ANTIQUITY,Strategic Gifts I,+1 [icon:YIELD_DIPLOMACY] Influence in [icon:YIELD_CITIES] [TIP:LOC_PEDIA_CONCEPTS_CITIES_TOOLTIP]Cities[/TIP] adjacent to [TIP:LOC_PEDIA_CONCEPTS_NAVIGABLE_RIVER_TOOLTIP]Navigable Rivers[/TIP]. +2 [icon:YIELD_GOLD] Gold per [icon:CITYSTATE] [TIP:LOC_PEDIA_CONCEPTS_CITY_STATE_TOOLTIP]City-State[/TIP] you are [TIP:LOC_PEDIA_CONCEPTS_SUZERAIN_TOOLTIP]Suzerain[/TIP] of.,+1 Influence in Cities adjacent to Navigable Rivers. +2 Gold per City-State you are Suzerain of.,MOD_UNLOCK_SHAWNEE_SYNCRETISM_ANTIQUITY
CIVILIZATION_SHAWNEE,Shawnee,Modern,TRADITION_SHAWNEE_SYNCRETISM_MODERN,Strategic Gifts II,+2 [icon:YIELD_DIPLOMACY] Influence in [icon:YIELD_CITIES] [TIP:LOC_PEDIA_CONCEPTS_CITIES_TOOLTIP]Cities[/TIP] adjacent to [TIP:LOC_PEDIA_CONCEPTS_NAVIGABLE_RIVER_TOOLTIP]Navigable Rivers[/TIP]. +4 [icon:YIELD_GOLD] Gold per [icon:CITYSTATE] [TIP:LOC_PEDIA_CONCEPTS_CITY_STATE_TOOLTIP]City-State[/TIP] you are [TIP:LOC_PEDIA_CONCEPTS_SUZERAIN_TOOLTIP]Suzerain[/TIP] of.,+2 Influence in Cities adjacent to Navigable Rivers. +4 Gold per City-State you are Suzerain of.,MOD_UNLOCK_SHAWNEE_SYNCRETISM_MODERN
CIVILIZATION_SIAM,Siam,Antiquity,TRADITION_SIAM_SYNCRETISM_ANTIQUITY,Chatusadom I,+1 [icon:YIELD_CULTURE] and [icon:YIELD_DIPLOMACY] on the Palace for each [icon:CITYSTATE] [TIP:LOC_PEDIA_CONCEPTS_CITY_STATE_TOOLTIP]City-State[/TIP] you are [TIP:LOC_PEDIA_CONCEPTS_SUZERAIN_TOOLTIP]Suzerain[/TIP] of.,+1 Culture and Influence on the Palace for each City-State you are Suzerain of.,MOD_UNLOCK_SIAM_SYNCRETISM_ANTIQUITY
CIVILIZATION_SIAM,Siam,Exploration,TRADITION_SIAM_SYNCRETISM_EXPLORATION,Chatusadom II,+2 [icon:YIELD_CULTURE] and [icon:YIELD_DIPLOMACY] on the Palace for each [icon:CITYSTATE] [TIP:LOC_PEDIA_CONCEPTS_CITY_STATE_TOOLTIP]City-State[/TIP] you are [TIP:LOC_PEDIA_CONCEPTS_SUZERAIN_TOOLTIP]Suzerain[/TIP] of.,+2 Culture and Influence on the Palace for each City-State you are Suzerain of.,MOD_UNLOCK_SIAM_SYNCRETISM_EXPLORATION
CIVILIZATION_SILLA,Silla Korea,Exploration,TRADITION_SILLA_SYNCRETISM_EXPLORATION,Revised Bone-Rank I,+1 [icon:YIELD_CULTURE] Culture and [icon:YIELD_SCIENCE] Science for each imported [icon:RADIAL_RESOURCES] [TIP:LOC_PEDIA_CONCEPTS_RESOURCES_TOOLTIP]Resource[/TIP].,+1 Culture and Science for each imported Resource.,MOD_UNLOCK_SILLA_SYNCRETISM_EXPLORATION
CIVILIZATION_SILLA,Silla Korea,Modern,TRADITION_SILLA_SYNCRETISM_MODERN,Revised Bone-Rank II,+2 [icon:YIELD_CULTURE] Culture and [icon:YIELD_SCIENCE] Science for each imported [icon:RADIAL_RESOURCES] [TIP:LOC_PEDIA_CONCEPTS_RESOURCES_TOOLTIP]Resource[/TIP].,+2 Culture and Science for each imported Resource.,MOD_UNLOCK_SILLA_SYNCRETISM_MODERN
CIVILIZATION_SONGHAI,Songhai,Antiquity,TRADITION_SONGHAI_SYNCRETISM_ANTIQUITY,Charismatic Kingship I,"+1 [icon:YIELD_GOLD] Gold on [icon:CITY_RURAL] Improvements on [icon:CITY_UNIMPROVED] Desert Terrain, doubled on Unique Improvements.","+1 Gold on Improvements on Desert Terrain, doubled on Unique Improvements.",MOD_UNLOCK_SONGHAI_SYNCRETISM_ANTIQUITY
CIVILIZATION_SONGHAI,Songhai,Modern,TRADITION_SONGHAI_SYNCRETISM_MODERN,Charismatic Kingship II,"+2 [icon:YIELD_GOLD] Gold on [icon:CITY_RURAL] Improvements on [icon:CITY_UNIMPROVED] Desert Terrain, doubled on Unique Improvements.","+2 Gold on Improvements on Desert Terrain, doubled on Unique Improvements.",MOD_UNLOCK_SONGHAI_SYNCRETISM_MODERN
CIVILIZATION_SPAIN,Spain,Antiquity,TRADITION_SPAIN_SYNCRETISM_ANTIQUITY,Corregidor I,+2 [icon:YIELD_GOLD] on [TIP:LOC_PEDIA_CONCEPTS_DISTRICT_TOOLTIP]Districts[/TIP] on or adjacent to Coast.,+2 Gold on Districts on or adjacent to Coast.,MOD_UNLOCK_SPAIN_SYNCRETISM_ANTIQUITY
CIVILIZATION_SPAIN,Spain,Modern,TRADITION_SPAIN_SYNCRETISM_MODERN,Corregidor II,+2 [icon:YIELD_GOLD] on [TIP:LOC_PEDIA_CONCEPTS_DISTRICT_TOOLTIP]Districts[/TIP] on or adjacent to Coast. +10% [icon:YIELD_FOOD] and [icon:YIELD_PRODUCTION] in [icon:YIELD_CITIES] [TIP:LOC_PEDIA_CONCEPTS_CITIES_TOOLTIP]Cities[/TIP] in [TIP:LOC_PEDIA_CONCEPTS_DISTANT_LANDS_TOOLTIP]Distant Lands[/TIP].,+2 Gold on Districts on or adjacent to Coast. +10% Food and Production in Cities in Distant Lands.,MOD_UNLOCK_SPAIN_SYNCRETISM_MODERN
CIVILIZATION_TONGA,Tonga,Exploration,TRADITION_TONGA_SYNCRETISM_EXPLORATION,T’ui Ha’atakalaua I,+3 [icon:YIELD_CULTURE] Culture and [icon:YIELD_GOLD] Gold in the [icon:NOTIFICATION_SELECT_CAPITAL] Capital for every [icon:TRADE_ROUTE] [TIP:LOC_PEDIA_CONCEPTS_TRADE_ROUTE_TOOLTIP]Trade Route[/TIP] with a [icon:CITYSTATE] City-State.,+3 Culture and Gold in the Capital for every Trade Route with a City-State.,MOD_UNLOCK_TONGA_SYNCRETISM_EXPLORATION
CIVILIZATION_TONGA,Tonga,Modern,TRADITION_TONGA_SYNCRETISM_MODERN,T’ui Ha’atakalaua II,+4 [icon:YIELD_CULTURE] Culture and [icon:YIELD_GOLD] Gold in the [icon:NOTIFICATION_SELECT_CAPITAL] Capital for every [icon:TRADE_ROUTE] [TIP:LOC_PEDIA_CONCEPTS_TRADE_ROUTE_TOOLTIP]Trade Route[/TIP] with a [icon:CITYSTATE] City-State.,+4 Culture and Gold in the Capital for every Trade Route with a City-State.,MOD_UNLOCK_TONGA_SYNCRETISM_MODERN
